O^z,error,N,total_data
-0.04124409380971831,0.0006260018152431188,1000.0,24000.0
