O^z,error,N,total_data
-0.18112093627152123,0.005957254574473488,1000.0,1000.0
