O^z,error,N,total_data
-0.07613411866006521,0.0009666161133648884,1000.0,16000.0
