O^z,error,N,total_data
-0.023532857058975204,0.00040534460838062845,1000.0,32000.0
