ZL,error,N
0.2063555150216943,0.0034483173992812402,1000.0
