ZL,error,N
0.20392396739688753,0.0026922480611200465,1000.0
