ZL,error,N
0.20548965309815817,0.0031004472119446247,1000.0
