ZL,error,N
0.20779450426862714,0.0033021954180966805,1000.0
