ZL,error,N
0.2059089370523972,0.0035698100752933563,1000.0
