ZL,error,N
0.20386837416206208,0.0022459314707120566,1000.0
