ZL,error,N
0.20006647156838525,0.0029960011972641246,1000.0
