O^z,error,N,total_data
-0.014319862071444794,0.0014829896093289077,1.0,16.0
