O^z,error,N,total_data
-0.04352002368719427,0.002122526476252331,1.0,12.0
