O^z,error,N,total_data
-0.014881793631474127,0.0019183183652375934,1.0,20.0
