O^z,error,N,total_data
-0.007289712800520382,0.0020631198725986543,1.0,24.0
