O^z,error,N,total_data
-0.0027535093492475457,0.0011177607079139614,1.0,28.0
