O^z,error,N,total_data
-0.00436317327163855,0.0013541252989936507,1.0,32.0
