O^z,error,N,total_data
0.00020702551841044842,0.00010919037691335983,1.0,16.0
