O^z,error,N,total_data
-6.716029363459921e-06,2.0994406646343432e-05,1.0,32.0
