O^z,error,N,total_data
-3.1352663382642463e-07,2.051474598088477e-06,1.0,64.0
