O^z,error,N,total_data
-2.973665955142093e-06,3.5977575484663207e-06,1.0,128.0
