O^z,error,N,total_data
-0.1802088351912396,0.0004612254412435363,1000.0,28000.0
