O^z,error,N,total_data
-0.253412101150116,0.0007346890441607079,1000.0,16000.0
