O^z,error,N,total_data
-0.38894500996074105,0.003635667798867125,1000.0,1000.0
