O^z,error,N,total_data
-0.22206387215065876,0.000618007735105282,1000.0,20000.0
