O^z,error,N,total_data
-0.3035085573682977,0.0009294818131402596,1000.0,12000.0
