O^z,error,N,total_data
-0.1645016939079228,0.0004161989523231688,1000.0,32000.0
