O^z,error,N,total_data
-0.19716747198829318,0.0005224715286256278,1000.0,24000.0
