O^z,error,N,total_data
-0.2301301068441035,0.0006356781483926303,1000.0,20000.0
