O^z,error,N,total_data
-0.18053845671251978,0.0004340569259820921,1000.0,32000.0
