O^z,error,N,total_data
-0.2630951443730506,0.0007303649530199596,1000.0,16000.0
