O^z,error,N,total_data
-0.3921682559175783,0.003411671222722353,1000.0,1000.0
