O^z,error,N,total_data
-0.2104018583547567,0.000537050527512798,1000.0,24000.0
