O^z,error,N,total_data
-0.1932696425692751,0.00048263601460732023,1000.0,28000.0
