O^z,error,N,total_data
-0.31097077941942836,0.0008991926145107922,1000.0,12000.0
