O^z,error,N,total_data
-0.00010875151264570054,8.864429406951268e-05,1.0,28.0
