O^z,error,N,total_data
2.4696229414957702e-06,7.197157485186274e-06,1.0,24.0
