O^z,error,N,total_data
-6.551390207194598e-05,0.00010281798343881326,1.0,32.0
