O^z,error,N,total_data
1.3425630786634727e-08,1.3256613256489387e-08,1.0,12.0
