O^z,error,N,total_data
-9.456516023609421e-05,4.6762094815325374e-05,1.0,20.0
