O^z,error,N,total_data
1.4276726010301686e-08,8.149550046411925e-09,1.0,16.0
