O^z,error,N,total_data
-0.1934732619027123,0.00016850148683746703,10000.0,240000.0
