O^z,error,N,total_data
-0.17496232069483653,0.0001475019489664228,10000.0,280000.0
