O^z,error,N,total_data
-0.38286577511925785,0.003635790735079799,1000.0,1000.0
