O^z,error,N,total_data
-0.3005085097301896,0.000950938766628391,1000.0,12000.0
