O^z,error,N,total_data
-0.3003952028385,0.0003006141004160161,10000.0,120000.0
