O^z,error,N,total_data
-0.17482033960201,0.00046772214178148917,1000.0,28000.0
