O^z,error,N,total_data
-0.19257475431433432,0.0005336607272803725,1000.0,24000.0
