O^z,error,N,total_data
-0.2504682684543298,0.0007472985745299938,1000.0,16000.0
