O^z,error,N,total_data
-0.15965136947971242,0.0004194396026395535,1000.0,32000.0
