O^z,error,N,total_data
-0.21715321042499292,0.0006272839794810236,1000.0,20000.0
