O^z,error,N,total_data
-0.2507328969147847,0.00023829387642869821,10000.0,160000.0
