O^z,error,N,total_data
-0.15994029362751205,0.00013192237427286265,10000.0,320000.0
