O^z,error,N,total_data
-0.3804952297501245,0.0011348389057096652,10000.0,10000.0
