O^z,error,N,total_data
-0.21737086517620785,0.00019706331627174502,10000.0,200000.0
