O^z,error,N,total_data
-0.01151543419611588,0.00022890159242759079,500.0,32000.0
