O^z,error,N,total_data
-0.006895228964258891,0.00012017022259804447,1000.0,80000.0
