O^z,error,N,total_data
-0.0204312948505681,0.0003599555801526715,499.0,23952.0
