O^z,error,N,total_data
-0.38087407627606545,0.008524664079576864,1.0,16.0
