O^z,error,N,total_data
-0.4145470489947077,0.010384674591882572,1.0,12.0
