O^z,error,N,total_data
-0.332603188602223,0.006774151167510318,1.0,32.0
