O^z,error,N,total_data
-0.3433373801296149,0.00605480222636269,1.0,24.0
