O^z,error,N,total_data
-0.3391866108218597,0.005519819840512339,1.0,28.0
