O^z,error,N,total_data
-0.35887281971097573,0.006915799299914757,1.0,20.0
