O^z,error,N,total_data
-0.000665456547910649,0.0012050297834836805,1.0,28.0
