O^z,error,N,total_data
-0.012631972878023609,0.0004538098501447153,1.0,12.0
