O^z,error,N,total_data
-6.0116777767062145e-05,0.0003057426707433102,1.0,32.0
