O^z,error,N,total_data
-0.0023707560253442917,0.0008651483687238745,1.0,20.0
