O^z,error,N,total_data
0.00041257495627151203,0.0015232692403605748,1.0,16.0
