O^z,error,N,total_data
0.0008697746129470526,0.0009728618334555857,1.0,24.0
