O^z,error,N,total_data
0.33934451096652407,0.0037219591842650793,1.0,64.0
