O^z,error,N,total_data
0.33825785706877465,0.002951199918417693,1.0,128.0
