ZL,error,N
-0.0088411206405447,0.0009585093062849142,10000.0
