ZL,error,N
-0.007625606820800345,0.0009227366558831576,10000.0
