ZL,error,N
-0.010351456802703295,0.0009678354041078182,10000.0
