O^z,error,N,total_data
-0.23120916596086785,0.011397427474701119,1.0,20.0
