O^z,error,N,total_data
-0.17226421663141142,0.008390607277354974,1.0,28.0
