O^z,error,N,total_data
-0.15301665374160806,0.0072648601096943185,1.0,32.0
