O^z,error,N,total_data
-0.348730882602766,0.018531650898043518,1.0,12.0
