O^z,error,N,total_data
-0.19744358261524583,0.009835744909976619,1.0,24.0
