O^z,error,N,total_data
-0.278049668671958,0.013521841616043124,1.0,16.0
