O^z,error,N,total_data
-0.1743771217010936,0.0004221686929366925,1000.0,32000.0
