O^z,error,N,total_data
-0.20600671441572538,0.0005248568948295652,1000.0,24000.0
