O^z,error,N,total_data
-0.397556750491435,0.003434169770221083,1000.0,1000.0
