O^z,error,N,total_data
-0.31053404551777736,0.0008965960142783478,1000.0,12000.0
