O^z,error,N,total_data
-0.22871687387158657,0.000619919308328309,1000.0,20000.0
