O^z,error,N,total_data
-0.26034130476090495,0.0007240995386683948,1000.0,16000.0
