O^z,error,N,total_data
-0.18887411777907934,0.00046753064691019053,1000.0,28000.0
