ZL,error,N
-0.1554055717495258,0.0019895953815842987,1000.0
