ZL,error,N
-0.09624440717642714,0.0029781578460074246,1000.0
