ZL,error,N
-0.059143463881875566,0.003317351475024606,1000.0
