ZL,error,N
-0.1286447642583637,0.001057491719587158,1000.0
