ZL,error,N
-0.15590904553032997,0.001373378693262548,1000.0
