ZL,error,N
-0.12652425882017063,0.0023990870554580204,1000.0
