ZL,error,N
-0.023953440854877932,0.0038152272948474386,1000.0
