ZL,error,N
0.11251062776715362,0.004307426993175753,1000.0
