ZL,error,N
0.2498453033853696,0.004554295389586768,1000.0
