ZL,error,N
0.3496705368231069,0.004799256515162376,1000.0
