ZL,error,N
-0.042028666607381915,0.0023030540874398745,1000.0
