ZL,error,N
0.18746596169952004,0.004605653751164226,1000.0
