ZL,error,N
0.03074716811521168,0.0035267209525857725,1000.0
