ZL,error,N
0.31047271421564937,0.004468594391938351,1000.0
