O^z,error,N,total_data
-0.19154445971622963,0.0005453475561125082,1000.0,28000.0
