O^z,error,N,total_data
-0.2270235465769293,0.0006735217487238413,1000.0,20000.0
