O^z,error,N,total_data
-0.17912075621666607,0.0004966850316492768,1000.0,32000.0
