O^z,error,N,total_data
-0.3004760980880677,0.0009241374017162974,1000.0,12000.0
