O^z,error,N,total_data
-0.20672674677047076,0.0005957735612640402,1000.0,24000.0
