O^z,error,N,total_data
-0.2560031491540927,0.0007638566894960376,1000.0,16000.0
