O^z,error,N,total_data
-0.3862837374389122,0.0033501483690858294,1000.0,1000.0
