O^z,error,N,total_data
-0.062319361438563974,0.0008575402249850079,1000.0,16000.0
