O^z,error,N,total_data
-0.15826704623900664,0.00548449125744002,1000.0,1000.0
