O^z,error,N,total_data
-0.017093640586667982,0.00032701421683411374,1000.0,32000.0
