O^z,error,N,total_data
-0.028284233037289056,0.0005006760241384815,1000.0,24000.0
