O^z,error,N,total_data
-0.0002909032936496484,1.2448716988285017e-05,1000.0,32000.0
