O^z,error,N,total_data
-0.00888532899073725,0.00013395836993791035,1000.0,16000.0
