O^z,error,N,total_data
-0.024781199728188097,0.00027009991037458295,1000.0,12000.0
