O^z,error,N,total_data
-0.003267878644427003,6.266855847502765e-05,1000.0,20000.0
