O^z,error,N,total_data
-0.0013772979953208123,3.5530977996721056e-05,1000.0,24000.0
