O^z,error,N,total_data
-0.0005996661109866216,1.846952297780926e-05,1000.0,28000.0
