O^z,error,N,total_data
-0.07347804157344037,0.0013678885186387455,1000.0,1000.0
