O^z,error,N,total_data
-0.25811838281136684,0.0008153773780318845,1000.0,12000.0
