O^z,error,N,total_data
-0.12424053976893333,0.00048709299371378227,1000.0,28000.0
