O^z,error,N,total_data
-0.1717715653322899,0.0006153814898379053,1000.0,20000.0
