O^z,error,N,total_data
-0.11025862787555359,0.0004642028820442921,1000.0,32000.0
