O^z,error,N,total_data
-0.28700498426874094,0.0010206230267342108,1000.0,12000.0
