O^z,error,N,total_data
-0.16552538478739814,0.0005166393442818162,1000.0,28000.0
