O^z,error,N,total_data
-0.23763233950688567,0.0008191152510596684,1000.0,16000.0
