O^z,error,N,total_data
-0.18243720630846158,0.0005951532981550404,1000.0,24000.0
