O^z,error,N,total_data
-0.36903337187483154,0.0038883840897265976,1000.0,1000.0
