O^z,error,N,total_data
-0.20510624218519652,0.000694847390609096,1000.0,20000.0
