O^z,error,N,total_data
-0.1513256836898956,0.0004668596153844419,1000.0,32000.0
