O^z,error,N,total_data
-0.027214788632590015,0.00042867720998566875,1000.0,32000.0
