O^z,error,N,total_data
-0.04374403750950954,0.0006002129768579218,1000.0,24000.0
