O^z,error,N,total_data
-0.0828432720173598,0.0010215223858942948,1000.0,16000.0
