O^z,error,N,total_data
-0.18605438910145985,0.005932831823810421,1000.0,1000.0
