ZL,error,N
-0.12457813149648324,0.003896807479684969,1000.0
