ZL,error,N
-0.09350966509751912,0.0032712803527820593,1000.0
