ZL,error,N
-0.11700191929993348,0.003350536587290109,1000.0
