ZL,error,N
-0.02146462048447206,0.003199243660230619,1000.0
