ZL,error,N
-0.06718351454196389,0.0031661486197710233,1000.0
