ZL,error,N
-0.12346595632760922,0.0035933224813315553,1000.0
