ZL,error,N
-0.12701567385361603,0.0036589642242827107,1000.0
