ZL,error,N
-0.11049861539432015,0.0063761676123340015,500.0
