ZL,error,N
-0.10516307964738922,0.004166180041334968,1000.0
