ZL,error,N
-0.09345318093029643,0.004094414198401963,1000.0
