ZL,error,N
-0.09658682915875638,0.006342718451093982,500.0
