ZL,error,N
-0.10024050958184179,0.004219632746993918,1000.0
