ZL,error,N
-0.11508943698899116,0.00484634808909476,1000.0
