ZL,error,N
-0.10294753785131674,0.004350387868816462,1000.0
