O^z,error,N,total_data
-0.026921835228498628,0.0003238518155163862,3000.0,72000.0
