O^z,error,N,total_data
-0.014574498208100917,0.0001721688297256217,4987.0,159584.0
