O^z,error,N,total_data
-0.15420566957841594,0.003415898081325049,3000.0,3000.0
