O^z,error,N,total_data
-0.14950592303155644,0.0018590686081160648,10000.0,10000.0
