O^z,error,N,total_data
-0.014555570054259058,0.0001353247277861975,7982.0,255424.0
