O^z,error,N,total_data
-0.05620025074884456,0.0005464682547506055,3000.0,48000.0
