O^z,error,N,total_data
-0.026381169539693924,0.0002477847850692886,4997.0,119928.0
