O^z,error,N,total_data
-0.15165834524591343,0.0026156159430205,5000.0,5000.0
