O^z,error,N,total_data
-0.05490452794220446,0.00033253239552667594,7999.0,127984.0
