O^z,error,N,total_data
-0.025909291306141707,0.00017667329422395718,9994.0,239856.0
