O^z,error,N,total_data
-0.026088402175143768,0.00019779599817770557,7996.0,191904.0
