O^z,error,N,total_data
-0.05535574090763173,0.0004242357531777292,5000.0,80000.0
