O^z,error,N,total_data
-0.05543610830310936,0.00029858792199428767,9998.0,159968.0
