O^z,error,N,total_data
-0.14907547444450486,0.002079013275916186,8000.0,8000.0
