O^z,error,N,total_data
-0.014345518071347572,0.0002212848856577139,2992.0,95744.0
