O^z,error,N,total_data
-0.014660715207133064,0.00012090947787955616,9977.0,319264.0
