ZL,error,N
-0.15688317172750102,0.002550882757329959,1000.0
