ZL,error,N
-0.1621276049299703,0.003694902180736408,1000.0
