ZL,error,N
-0.13322463896581477,0.002134030202235535,1000.0
