ZL,error,N
-0.0824196136865388,0.002252093227545321,1000.0
