ZL,error,N
-0.163289302042861,0.003057832098129856,1000.0
