ZL,error,N
-0.13684608493056719,0.004892745990303576,1000.0
