ZL,error,N
-0.15266771095749915,0.004322120064249473,1000.0
