O^z,error,N,total_data
-0.36713972287709645,0.00019455723045690002,10000.0,120000.0
