O^z,error,N,total_data
-0.4559675088789469,0.0006411389579651952,10000.0,10000.0
