O^z,error,N,total_data
-0.31827894533572,0.00016889853050843772,10000.0,160000.0
