O^z,error,N,total_data
-0.22614305945105853,0.00013216006695172174,10000.0,320000.0
