O^z,error,N,total_data
-0.24151525854637898,0.0001366492297917271,10000.0,280000.0
