O^z,error,N,total_data
-0.2841010274834261,0.00015406220961453957,10000.0,200000.0
