O^z,error,N,total_data
-0.26008240143055733,0.0001434115621778528,10000.0,240000.0
