ZL,error,N
0.14395625653384483,0.009223547792364976,976.0
