ZL,error,N
0.11624203247015724,0.008772656962877854,991.0
