ZL,error,N
0.0655922589634055,0.00761322983152268,997.0
