ZL,error,N
0.10524068948653639,0.008463561777596029,996.0
