ZL,error,N
0.19226681045807087,0.0009240630690096533,10000.0
