ZL,error,N
0.19148659091072803,0.0008658486541595459,10000.0
