ZL,error,N
0.193283211466038,0.0009820687702093542,10000.0
