ZL,error,N
0.19455980957255223,0.0010116664329329803,10000.0
