ZL,error,N
0.19158914818925776,0.000766186924232665,10000.0
