ZL,error,N
0.19642254060206196,0.0010897356259389152,10000.0
