ZL,error,N
0.19570580630059561,0.0010540895320937708,10000.0
