ZL,error,N
0.05093056473721551,0.004708661300429354,1000.0
