ZL,error,N
0.0038520066770108565,0.004420208733422028,1000.0
