ZL,error,N
-0.04445423513872004,0.00374539011129189,1000.0
