ZL,error,N
0.14246053929167313,0.005274275850860683,1000.0
