ZL,error,N
-0.09360506016464727,0.0016790096445437421,1000.0
