ZL,error,N
-0.0822261761359359,0.0027414260262440377,1000.0
