ZL,error,N
0.09789114715125627,0.005189621868737276,1000.0
