O^z,error,N,total_data
-0.005478728806497141,0.0013924772976896906,1.0,32.0
