O^z,error,N,total_data
-0.031296720837334695,0.001520212490394024,1.0,16.0
