O^z,error,N,total_data
-0.006448638237014209,0.0013053118843232533,1.0,28.0
