O^z,error,N,total_data
-0.013352217371787673,0.0020455326417251995,1.0,20.0
