O^z,error,N,total_data
-0.0073992391922097734,0.0017598484860966096,1.0,24.0
