O^z,error,N,total_data
-0.07715638472005103,0.0013843839312944312,1.0,12.0
