ZL,error,N
0.04767725403176304,0.007633249093162476,1000.0
