ZL,error,N
0.13175232725989966,0.008798699423766583,1000.0
