ZL,error,N
0.10390415340365121,0.008669513981541883,1000.0
