ZL,error,N
0.1551390061342267,0.009201520345209373,1000.0
