ZL,error,N
-0.09090500698045392,0.006411790798833535,1000.0
