ZL,error,N
-0.01467306182012756,0.0031178672979047762,3000.0
