ZL,error,N
0.13438120766128203,0.0017245172242883818,3000.0
