ZL,error,N
-0.15084846654862785,0.006613797048876948,1000.0
