ZL,error,N
0.0518060360024131,0.002603740329089597,3000.0
