ZL,error,N
-0.21676383140699415,0.006931382783496606,1000.0
