ZL,error,N
0.0038044812133209774,0.002953251788689523,3000.0
