ZL,error,N
0.10442314815775759,0.0021123655758809846,3000.0
