ZL,error,N
0.027411491573745717,0.0027793338186719438,3000.0
