ZL,error,N
0.07573026219987672,0.002410563299967945,3000.0
