ZL,error,N
-0.18741683237616882,0.0034490874285546245,1000.0
