ZL,error,N
-0.17174256612063107,0.003211384887558176,1000.0
