ZL,error,N
-0.12927345925328762,0.003027632314030679,1000.0
