ZL,error,N
-0.15447786108274564,0.0031063894057384747,1000.0
