ZL,error,N
-0.09111111921156617,0.0029066298245137333,1000.0
