ZL,error,N
-0.18418674210621247,0.0038105843002021445,1000.0
