ZL,error,N
-0.03231835339072493,0.002992508079557198,1000.0
