O^z,error,N,total_data
-0.08554407013129667,0.0005707355378807025,3000.0,48000.0
