O^z,error,N,total_data
-0.1256047782335202,0.0007894057365949677,3000.0,36000.0
