O^z,error,N,total_data
-0.04647069730345265,0.00035192376280325955,2999.0,71976.0
