O^z,error,N,total_data
-0.036418829292841064,0.00028986679544209257,3000.0,84000.0
