O^z,error,N,total_data
-0.06280587158667629,0.0004395070875975431,3000.0,60000.0
