O^z,error,N,total_data
-0.02835139890169963,0.00024536253716269475,3000.0,96000.0
