O^z,error,N,total_data
-0.197824450591699,0.003381406996807623,3000.0,3000.0
