ZL,error,N
0.12432323445311329,0.003917437084603964,1000.0
