ZL,error,N
0.37829447799269383,0.003844410723680007,1000.0
