ZL,error,N
0.2674478353633321,0.004021986802442245,1000.0
