ZL,error,N
0.199483812338114,0.004187108888514223,1000.0
