ZL,error,N
0.3293190735126635,0.003955587504684032,1000.0
