ZL,error,N
-0.044289487065251924,0.002161234611129253,1000.0
