ZL,error,N
0.0348447761479514,0.0033549016259867195,1000.0
