O^z,error,N,total_data
-0.3742766431011331,0.0005109690083352615,1000.0,12000.0
