O^z,error,N,total_data
-0.34570361101790575,0.00041506696777325364,1000.0,16000.0
