O^z,error,N,total_data
-0.4378545731071219,0.0015077096187450893,1000.0,1000.0
