O^z,error,N,total_data
-0.3094582869838479,0.0003840576069606349,1000.0,28000.0
