O^z,error,N,total_data
-0.3062366801642699,0.0003630481770813777,1000.0,32000.0
