O^z,error,N,total_data
-0.327672265701657,0.00040092903496581004,1000.0,20000.0
