O^z,error,N,total_data
-0.3167131833957924,0.000377497870641902,1000.0,24000.0
