O^z,error,N,total_data
-0.18192565715867623,0.0020850030413099895,8000.0,8000.0
