O^z,error,N,total_data
-0.04046170155609719,0.00021147607444266727,7999.0,191976.0
