O^z,error,N,total_data
-0.02463543677263648,0.00013152011150645342,9995.0,319840.0
