O^z,error,N,total_data
-0.07573182426090251,0.00034923232448753086,8000.0,128000.0
