O^z,error,N,total_data
-0.2762100407503411,0.012115318551037544,1.0,20.0
