O^z,error,N,total_data
-0.2086037097204998,0.010419367621468495,1.0,28.0
