O^z,error,N,total_data
-0.2422447924313731,0.011367692742168813,1.0,24.0
