O^z,error,N,total_data
-0.376385105411237,0.017085335063847962,1.0,12.0
