O^z,error,N,total_data
-0.32039280051991986,0.013402125305424166,1.0,16.0
