O^z,error,N,total_data
-0.20687165750615855,0.008413938236929729,1.0,32.0
