ZL,error,N
0.003816095830843297,0.002545727292289426,1000.0
