ZL,error,N
0.015006503074986051,0.002699377219765837,1000.0
