ZL,error,N
0.0036303092116527166,0.0024675057742824,1000.0
