ZL,error,N
0.0025950858549930785,0.002776494294051975,999.0
