ZL,error,N
0.0062714706178862815,0.0037746720149981084,498.0
