ZL,error,N
0.00033454847565065043,0.003643118905240942,500.0
