ZL,error,N
0.03329427629846448,0.002893714978206741,1000.0
