O^z,error,N,total_data
-0.3703937492461918,0.006185771955272332,1.0,20.0
