O^z,error,N,total_data
-0.3619489778946647,0.006332210629567404,1.0,32.0
