O^z,error,N,total_data
-0.4077421864735908,0.00918739883865872,1.0,12.0
