O^z,error,N,total_data
-0.3671556424101167,0.005520807033310332,1.0,24.0
