O^z,error,N,total_data
-0.35922554697615944,0.005697033303075285,1.0,28.0
