O^z,error,N,total_data
-0.3865953209163152,0.006196958366048753,1.0,16.0
