ZL,error,N
0.0045320663985622634,0.0014269753541573797,3000.0
