ZL,error,N
0.0056573114433800375,0.0008832669918040193,8000.0
