ZL,error,N
0.00902953867852012,0.0013034949460642314,4994.0
