ZL,error,N
0.008212780205426432,0.0010356510782129238,7989.0
