ZL,error,N
0.004323373055898346,0.001573373350673593,3000.0
