ZL,error,N
0.01611101356397242,0.0014833716902753118,4984.0
