ZL,error,N
0.004945605672286014,0.0009455675285166741,7997.0
