ZL,error,N
0.01570093353228678,0.0010451402773444074,9964.0
