ZL,error,N
0.005129060014575595,0.0008501848734350818,9997.0
