ZL,error,N
0.015170618578122796,0.0019056124535751114,2991.0
