ZL,error,N
0.008117202100239541,0.0016851544942838074,2996.0
