ZL,error,N
0.003878199219422414,0.0012133446672540596,5000.0
