ZL,error,N
0.007796248599297324,0.0009272707556934834,9986.0
