ZL,error,N
0.005813292485698118,0.0011159411720614804,5000.0
