ZL,error,N
0.016669255774916077,0.001173234779430948,7970.0
