ZL,error,N
0.005275199592127308,0.0007878901707358396,10000.0
