O^z,error,N,total_data
-0.037724906859004724,0.000559117780657714,1000.0,24000.0
