O^z,error,N,total_data
-0.07363969906813662,0.0009296051155376028,1000.0,16000.0
