O^z,error,N,total_data
-0.18138303276139614,0.005840225288014153,1000.0,1000.0
