O^z,error,N,total_data
-0.023947470800715468,0.00040317023473881633,1000.0,32000.0
