O^z,error,N,total_data
-0.2485658242823264,0.0035426586376939803,1.0,128.0
