O^z,error,N,total_data
-0.3613855726687569,0.011400185708476571,1.0,16.0
