O^z,error,N,total_data
-0.26149326627093433,0.004650437423737175,1.0,64.0
