O^z,error,N,total_data
-0.40389125063728676,0.013849209531548006,1.0,12.0
