O^z,error,N,total_data
-0.30622451048311433,0.010053568232870087,1.0,28.0
