O^z,error,N,total_data
-0.31773885497283993,0.009606296325158548,1.0,24.0
