O^z,error,N,total_data
-0.29529543905211597,0.00783328411107938,1.0,32.0
