O^z,error,N,total_data
-0.2713958005888107,0.005576565528485013,1.0,48.0
