O^z,error,N,total_data
-0.337620093972956,0.012255677132726324,1.0,20.0
