O^z,error,N,total_data
-0.17139534260791284,0.00038535161410131204,1000.0,32000.0
