O^z,error,N,total_data
-0.23066546039988575,0.0005684237846605554,1000.0,20000.0
