O^z,error,N,total_data
-0.31527087357384803,0.0008556679682991799,1000.0,12000.0
