O^z,error,N,total_data
-0.1869278379852719,0.00042716506965184155,1000.0,28000.0
