ZL,error,N
0.1448384106727933,0.003449077677793665,1000.0
