ZL,error,N
0.09673314701974091,0.004647697951950708,1000.0
