ZL,error,N
0.08805057888018354,0.004933520906353397,1000.0
