ZL,error,N
0.16233965679440931,0.002913460807787349,1000.0
