ZL,error,N
0.13056929874655143,0.003924511451738564,1000.0
