ZL,error,N
0.10815893835883895,0.004390059766767163,1000.0
