ZL,error,N
0.11869268745275562,0.004268215807474948,1000.0
