ZL,error,N
0.17946318861759195,0.0009079596937134085,10000.0
