ZL,error,N
0.1772505094398644,0.0010479908107483022,10000.0
