ZL,error,N
0.17751351745873017,0.0009597921565777457,10000.0
