ZL,error,N
0.17743058151241972,0.0010817848969847058,10000.0
