ZL,error,N
0.1767330280817319,0.0011161897078216495,10000.0
