ZL,error,N
0.17757219766908577,0.0010065435415553068,10000.0
