ZL,error,N
0.18223731787707603,0.0007974138421130532,10000.0
