O^z,error,N,total_data
0.013490731222156726,0.0001480062228867595,1000.0,64000.0
