O^z,error,N,total_data
0.0036378379538268067,5.252400137013076e-05,1000.0,128000.0
