O^z,error,N,total_data
-0.20732184488042854,0.00013176716303608973,10000.0,280000.0
