O^z,error,N,total_data
-0.13574175601187502,0.0003483921037849048,500.0,32000.0
