O^z,error,N,total_data
-0.41349926861568465,0.0009295830754139868,10000.0,10000.0
