O^z,error,N,total_data
-0.19271099374586492,0.00012026495445440227,10000.0,320000.0
