O^z,error,N,total_data
-0.2806303332603993,0.00020142288760599856,10000.0,160000.0
