O^z,error,N,total_data
-0.24836952413782515,0.00016838489225423807,10000.0,200000.0
