O^z,error,N,total_data
-0.32974565169869047,0.000250202870242974,10000.0,120000.0
