O^z,error,N,total_data
-0.12347640831654198,0.00029572801562152457,500.0,40000.0
