O^z,error,N,total_data
-0.2247458578604162,0.00014834663798062427,10000.0,240000.0
