ZL,error,N
0.05753322327366373,0.003548471931126521,1000.0
