ZL,error,N
-0.06321945384776684,0.0046868555300387475,1000.0
