ZL,error,N
-0.12673520944115044,0.005303926892644388,1000.0
