ZL,error,N
0.09975088316298872,0.002911623109834467,1000.0
