ZL,error,N
-0.0269954936771379,0.004433699271977896,1000.0
