ZL,error,N
0.01355986619340433,0.004181574883494705,1000.0
