ZL,error,N
-0.09770089052340195,0.005013800564517423,1000.0
