O^z,error,N,total_data
-0.38611243394921513,0.0035799127555620185,1000.0,1000.0
