O^z,error,N,total_data
-0.25224213264009754,0.0007498322871965105,1000.0,16000.0
