O^z,error,N,total_data
-0.17911215946035705,0.0004666130005912721,1000.0,28000.0
