O^z,error,N,total_data
-0.3036551463718386,0.000937568423758811,1000.0,12000.0
