O^z,error,N,total_data
-0.19671423314159245,0.0005372136781998879,1000.0,24000.0
