O^z,error,N,total_data
-0.16415932441701586,0.000420302965523243,1000.0,32000.0
