O^z,error,N,total_data
-0.21998489638889468,0.0006286241932104116,1000.0,20000.0
