ZL,error,N
0.08581130045970367,0.00872980950231988,1000.0
