ZL,error,N
0.047998762620843016,0.008583432024630699,1000.0
