O^z,error,N,total_data
-0.014601306207687586,0.00021517208244523035,2998.0,95936.0
