O^z,error,N,total_data
-0.025579942042933155,0.0001730980636075901,9986.0,239664.0
