O^z,error,N,total_data
-0.025118821755397074,0.0003148142335622706,2996.0,71904.0
