O^z,error,N,total_data
-0.014471239528719652,0.0001654852406335972,4994.0,159808.0
