O^z,error,N,total_data
-0.0558002308332715,0.0005314983858329286,3000.0,48000.0
