O^z,error,N,total_data
-0.05408916825581464,0.000291250112798616,9997.0,159952.0
