O^z,error,N,total_data
-0.1462686425998953,0.001870002281658967,10000.0,10000.0
