O^z,error,N,total_data
-0.055335412471007206,0.0004144916099615638,5000.0,80000.0
