O^z,error,N,total_data
-0.02555158230392531,0.00019351543784691642,7988.0,191712.0
