O^z,error,N,total_data
-0.014407305752429116,0.0001309909297887567,7988.0,255616.0
