O^z,error,N,total_data
-0.14708216250780265,0.0026103032774902764,5000.0,5000.0
