O^z,error,N,total_data
-0.014428463157511012,0.00011782138329172594,9982.0,319424.0
