O^z,error,N,total_data
-0.14903979913134868,0.003384647325022449,3000.0,3000.0
