O^z,error,N,total_data
-0.025354581706725773,0.00024311301485091533,4992.0,119808.0
