O^z,error,N,total_data
-0.14527673335659344,0.002092364866349832,8000.0,8000.0
