O^z,error,N,total_data
-0.05455291060058078,0.00032592055797473895,8000.0,128000.0
