O^z,error,N,total_data
-0.18772765421374768,0.005855514474290188,1000.0,1000.0
