O^z,error,N,total_data
-0.08439111449983579,0.0009986218414581342,1000.0,16000.0
