O^z,error,N,total_data
-0.044536808049891,0.0006006518322360894,1000.0,24000.0
