O^z,error,N,total_data
-0.026070388354005512,0.00042812665757545446,1000.0,32000.0
