O^z,error,N,total_data
-0.21845035581646566,0.000634728308135518,1000.0,20000.0
