O^z,error,N,total_data
-0.17531802468322247,0.0004896796586495598,1000.0,28000.0
