O^z,error,N,total_data
-0.24910510347917655,0.0007678338329569014,1000.0,16000.0
