O^z,error,N,total_data
-0.3011594287803972,0.0009514965249464438,1000.0,12000.0
