O^z,error,N,total_data
-0.16141705616073337,0.00042715318195061657,1000.0,32000.0
