O^z,error,N,total_data
-0.3808391510496684,0.003697420982635637,1000.0,1000.0
