O^z,error,N,total_data
-0.19279046565847233,0.0005500675357161844,1000.0,24000.0
