ZL,error,N
0.05010120076002283,0.0010555602560935265,8000.0
