ZL,error,N
0.01580740826651413,0.0009421097513365531,8000.0
