ZL,error,N
0.026851877788148244,0.001621084133981226,3000.0
