ZL,error,N
0.02666163762429152,0.0008901656597762895,10000.0
