ZL,error,N
0.01601528574449126,0.0008398468307141556,10000.0
