ZL,error,N
0.02697931689514864,0.0009931416002952468,8000.0
