ZL,error,N
0.04972915377302934,0.001741344997575526,3000.0
