ZL,error,N
0.04963018991282593,0.0009481588515176198,10000.0
