ZL,error,N
0.011703952317044613,0.0014735395971545902,3000.0
