ZL,error,N
0.010816199682691518,0.0008008290386121609,10000.0
