ZL,error,N
0.01715394056047599,0.0015298921696379325,3000.0
