ZL,error,N
0.017152101552980074,0.0011961919086426551,5000.0
