ZL,error,N
0.01059520718062455,0.0008959042324574304,8000.0
