ZL,error,N
0.027571454485896,0.001256941952440135,5000.0
