ZL,error,N
0.050661422171971726,0.0013406356308541005,5000.0
