ZL,error,N
0.010883370200720225,0.0011294473488339004,5000.0
