ZL,error,N
-0.17150467121671753,0.0004596101312609003,10000.0
