ZL,error,N
-0.1814380394995647,0.0016098899863516197,1000.0
