ZL,error,N
-0.12856246410187389,0.00036612803457732594,10000.0
