ZL,error,N
-0.12969986319371282,0.0027371548927532696,1000.0
