ZL,error,N
-0.16944950801772285,0.0014553196543766616,1000.0
