ZL,error,N
-0.13136113630563273,0.0008643333397840629,10000.0
