ZL,error,N
-0.12739657271686952,0.0011488521117523438,1000.0
