ZL,error,N
-0.1568554827823029,0.0006964153174013793,10000.0
