ZL,error,N
-0.09623233141760025,0.0030397423083436898,1000.0
