ZL,error,N
-0.17521159001625833,0.0005603895327212065,10000.0
