ZL,error,N
-0.17227551977680478,0.0017572997422646234,1000.0
