ZL,error,N
-0.10023579080577696,0.000995006572831313,10000.0
