ZL,error,N
-0.18164078497603606,0.0005131281595923081,10000.0
