ZL,error,N
-0.1541999205528044,0.0020846713231827433,1000.0
