O^z,error,N,total_data
-0.19661358857151434,0.002531254746522138,5000.0,5000.0
