O^z,error,N,total_data
-0.04618048994607199,0.0003304862175638182,3000.0,72000.0
