O^z,error,N,total_data
-0.19206338340083015,0.0017916063547722893,10000.0,10000.0
