O^z,error,N,total_data
-0.19731843725568712,0.003296605516406202,3000.0,3000.0
