O^z,error,N,total_data
-0.028831761500959115,0.00012488506545957253,10000.0,320000.0
