O^z,error,N,total_data
-0.04674871493242031,0.0001833815572173152,10000.0,240000.0
