O^z,error,N,total_data
-0.061381128807798294,0.00023111325711678814,10000.0,200000.0
