O^z,error,N,total_data
-0.08596913503491778,0.0003024731621811302,10000.0,160000.0
