O^z,error,N,total_data
-0.04675501335300744,0.00025913437198030995,5000.0,120000.0
