O^z,error,N,total_data
-0.08646536709896147,0.00042714545836855083,5000.0,80000.0
