O^z,error,N,total_data
-0.08616897753470737,0.00033820413134125096,8000.0,128000.0
