O^z,error,N,total_data
-0.19232173168038072,0.002002635945177219,8000.0,8000.0
