O^z,error,N,total_data
-0.04684181385982466,0.0001832149607697263,10000.0,240000.0
