O^z,error,N,total_data
-0.028829095243901214,0.00017626057180347612,5000.0,160000.0
