O^z,error,N,total_data
-0.12386064003380154,0.00041997980824232567,10000.0,120000.0
