O^z,error,N,total_data
-0.046756919453433236,0.00020479287590294376,8000.0,192000.0
