O^z,error,N,total_data
-0.028680268095715958,0.00022829084526246638,3000.0,96000.0
