O^z,error,N,total_data
-0.08592954542289406,0.00030291306719742154,10000.0,160000.0
