O^z,error,N,total_data
-0.02862396509025407,0.0001396602597752435,8000.0,256000.0
