O^z,error,N,total_data
-0.08613219141369516,0.000550249622587085,3000.0,48000.0
