O^z,error,N,total_data
-0.0358788251341599,0.00014975158572941446,10000.0,280000.0
