O^z,error,N,total_data
-0.15908210942429943,0.0006298815172811687,1000.0,24000.0
