O^z,error,N,total_data
-0.26293717838766073,0.0010001314038416353,1000.0,12000.0
