O^z,error,N,total_data
-0.3454674009246541,0.003633457485691432,1000.0,1000.0
