O^z,error,N,total_data
-0.1406873053135183,0.0005660723066639483,1000.0,28000.0
