O^z,error,N,total_data
-0.1267765150035968,0.0005223078267933191,1000.0,32000.0
