O^z,error,N,total_data
-0.21526402126222505,0.0008387305701643668,1000.0,16000.0
