O^z,error,N,total_data
-0.32435437630230035,0.005303174439658125,1000.0,1000.0
