O^z,error,N,total_data
-0.12031543912580174,0.00046898159641943287,1000.0,32000.0
