O^z,error,N,total_data
-0.19229906285579296,0.0008890311645595892,1000.0,16000.0
