O^z,error,N,total_data
-0.1464302764343597,0.000619343005489479,1000.0,24000.0
