O^z,error,N,total_data
-0.25269616101867426,0.0007596236772361784,1000.0,16000.0
