O^z,error,N,total_data
-0.22078586581952225,0.0006376555040138161,1000.0,20000.0
