O^z,error,N,total_data
-0.1791208822391345,0.0004812810607642577,1000.0,28000.0
