O^z,error,N,total_data
-0.30201329495936113,0.0009434963100710453,1000.0,12000.0
