O^z,error,N,total_data
-0.3832157147834235,0.0035824463016574707,1000.0,1000.0
