O^z,error,N,total_data
-0.165253754598222,0.0004404440976549555,1000.0,32000.0
