O^z,error,N,total_data
-0.1966823657318093,0.0005536335041235572,1000.0,24000.0
