ZL,error,N
0.0765608383747191,0.004355061360722712,1000.0
