ZL,error,N
0.11556360085621012,0.0036471195997081025,1000.0
