ZL,error,N
0.10253902141106232,0.003930258651332184,1000.0
