ZL,error,N
0.09168019849180799,0.004084154109353734,1000.0
