ZL,error,N
0.07011030566019616,0.004575927207367785,1000.0
