ZL,error,N
0.056056810143232605,0.004618556693654504,1000.0
