ZL,error,N
0.13783122486882152,0.0031288671938517957,1000.0
