ZL,error,N
0.014550496939048526,0.0009672119755978546,8000.0
