ZL,error,N
0.014466758267915124,0.004758310137948364,499.0
