ZL,error,N
0.004234224825171132,0.0009328202015692833,8000.0
