ZL,error,N
0.017064901691155366,0.004940517219589002,498.0
