ZL,error,N
0.0005626284359380889,0.0009532034398973941,8000.0
