ZL,error,N
0.02664263704374521,0.003922421141370559,993.0
