ZL,error,N
0.004470295025001836,0.0009006595834276133,9997.0
