O^z,error,N,total_data
-0.021976405941397204,0.000270492957193475,3000.0,72000.0
