O^z,error,N,total_data
-0.04966925268683082,0.0003779155854723648,5000.0,80000.0
