O^z,error,N,total_data
-0.02205018908237434,0.00016629756266176398,7998.0,191952.0
