O^z,error,N,total_data
-0.0489678136078371,0.0002652357109441694,10000.0,160000.0
