O^z,error,N,total_data
-0.02206960136664909,0.00014810798302085964,9998.0,239952.0
