O^z,error,N,total_data
-0.13541753802861634,0.0017435112612460728,10000.0,10000.0
