O^z,error,N,total_data
-0.012249153011684838,0.00010974007401290923,7997.0,255904.0
