O^z,error,N,total_data
-0.13501369381340025,0.0019439415626633372,8000.0,8000.0
