O^z,error,N,total_data
-0.022167336454625163,0.00021039745325762216,4999.0,119976.0
