O^z,error,N,total_data
-0.012150695373359582,0.0001397696649721003,4998.0,159936.0
