O^z,error,N,total_data
-0.049529202244248456,0.00029864677632080605,8000.0,128000.0
