O^z,error,N,total_data
-0.13641014035812632,0.0031788241892196432,3000.0,3000.0
