O^z,error,N,total_data
-0.012206158718857147,9.752993278093643e-05,9996.0,319872.0
