O^z,error,N,total_data
-0.13530782795083035,0.002420449496505743,5000.0,5000.0
