O^z,error,N,total_data
-0.011977186666752713,0.00017836880408766994,2998.0,95936.0
