O^z,error,N,total_data
-0.048615377359944596,0.0004757255516841498,3000.0,48000.0
