ZL,error,N
0.004699972338437929,0.0007429848999907937,9990.0
