ZL,error,N
0.005273330704217147,0.0008720734830847722,7981.0
