ZL,error,N
0.01602834296720435,0.0011303259172420021,5000.0
