ZL,error,N
0.006086143298922245,0.0013887961200940142,2998.0
