ZL,error,N
0.007062429676872705,0.0010651224856671766,5000.0
