ZL,error,N
0.006925885062100789,0.0007450154250183418,9997.0
