ZL,error,N
0.015025800153560129,0.0014637950684692998,3000.0
