ZL,error,N
0.01587813591687296,0.0007944830041192834,10000.0
