ZL,error,N
0.004961607752530915,0.0008335730404774463,7992.0
