ZL,error,N
0.005564344087296374,0.0013767493251076292,3000.0
