ZL,error,N
0.005128550733362936,0.0010999521577063616,4990.0
