ZL,error,N
0.006894265293854127,0.0008331084950831649,7999.0
