ZL,error,N
0.0054225276083212405,0.0010661620500922013,4997.0
