ZL,error,N
0.005454819468289598,0.0014405379842435723,2996.0
