ZL,error,N
0.004899542631365589,0.0007814579358713893,9972.0
