ZL,error,N
0.016017062369305397,0.0008877185383252007,8000.0
