O^z,error,N,total_data
-0.14832598545516495,0.005438904481508122,1000.0,1000.0
