O^z,error,N,total_data
-0.05542881435005641,0.0008563371141789082,1000.0,16000.0
