O^z,error,N,total_data
-0.01480751690293303,0.00031689858446491524,1000.0,32000.0
