O^z,error,N,total_data
-0.026470290220986122,0.00048200663960607193,1000.0,24000.0
