ZL,error,N
0.11707644884585452,0.0046803691610361004,1000.0
