ZL,error,N
0.13456364709068258,0.004175098840050916,1000.0
