ZL,error,N
0.12783648498832237,0.004472384384301773,1000.0
