ZL,error,N
0.15066138435551502,0.003619444433911554,1000.0
