ZL,error,N
0.16064845843258874,0.00327265489821954,1000.0
