ZL,error,N
0.14158502776473433,0.003965255606684216,1000.0
