ZL,error,N
0.17224056795801265,0.002706068068753301,1000.0
