O^z,error,N,total_data
-0.011334888278628627,0.0004634906592721238,987.0,23688.0
