O^z,error,N,total_data
-0.0010061880905510147,0.00020219350567374328,932.0,44736.0
