O^z,error,N,total_data
-0.000885263544566384,0.0001376678122012591,883.0,56512.0
