O^z,error,N,total_data
-0.0003820765631484699,0.00011626602653165545,840.0,67200.0
