O^z,error,N,total_data
-0.004437544598493081,0.0003261082217417918,963.0,30816.0
