O^z,error,N,total_data
-0.031380821276105406,0.00042098898159255535,1000.0,32000.0
