O^z,error,N,total_data
-0.20080648451810632,0.005707876754047258,1000.0,1000.0
