O^z,error,N,total_data
-0.09288674882265459,0.0010121429309306478,1000.0,16000.0
