O^z,error,N,total_data
-0.05107056692436889,0.0006330317425223205,1000.0,24000.0
