ZL,error,N
-0.01012347264166747,0.003436892537117825,1000.0
