ZL,error,N
-0.0009692575806549036,0.0019239190564869126,3000.0
