ZL,error,N
0.010697666274459562,0.001960393085122664,3000.0
