ZL,error,N
0.006119958139932107,0.001978495327066391,3000.0
