ZL,error,N
-0.011934282132803346,0.0031452086538341145,1000.0
