ZL,error,N
0.02188650068099075,0.0020013546105273603,3000.0
