ZL,error,N
0.05538795572883532,0.0019580732616172702,3000.0
