ZL,error,N
0.0334974557897914,0.0019832713244365254,3000.0
