ZL,error,N
0.0014154296399036814,0.001988981382148616,3000.0
