ZL,error,N
-0.01462233210582688,0.00323259473967486,1000.0
