O^z,error,N,total_data
-0.051114486960616184,0.0004123546503024612,1000.0,12000.0
