O^z,error,N,total_data
-0.0015504250587361297,3.2595213036652e-05,1000.0,32000.0
