O^z,error,N,total_data
-0.010874561517419178,0.00014237482857515046,1000.0,20000.0
