O^z,error,N,total_data
-0.12041416144208279,0.001811053097407281,1000.0,1000.0
