O^z,error,N,total_data
-0.02298715005127345,0.00024922117259255287,1000.0,16000.0
