O^z,error,N,total_data
-0.005299004780394065,8.87449489180729e-05,1000.0,24000.0
