O^z,error,N,total_data
-0.0028204899442654243,5.596610480830216e-05,1000.0,28000.0
