O^z,error,N,total_data
-8.21066187612585e-07,3.96647268062977e-07,1.0,128.0
