O^z,error,N,total_data
-1.2884965413512702e-08,4.335474319438493e-06,1.0,64.0
