ZL,error,N
-0.1346812963520745,0.0042485597605198535,1000.0
