ZL,error,N
-0.07052670853503515,0.0024988373972090537,1000.0
