ZL,error,N
-0.1216673470909069,0.004686648179947841,1000.0
