ZL,error,N
-0.1477356585407933,0.0036156835924763104,1000.0
