ZL,error,N
-0.1399761101341195,0.0026437616902623036,1000.0
