ZL,error,N
-0.14681295252807341,0.003103727224198903,1000.0
