ZL,error,N
-0.11728700174141977,0.0023917841564860933,1000.0
