O^z,error,N,total_data
-0.4136289814893624,0.0028446808446466318,1000.0,1000.0
