O^z,error,N,total_data
-0.18209341592986666,0.0003490735640229935,1000.0,28000.0
