O^z,error,N,total_data
-0.16523511297947913,0.0003065734586171787,1000.0,32000.0
