O^z,error,N,total_data
-0.26867219649598023,0.0005851561180938628,1000.0,16000.0
