O^z,error,N,total_data
-0.20330618529379488,0.00040190644466904057,1000.0,24000.0
