O^z,error,N,total_data
-0.3250368878504455,0.0007440820304571309,1000.0,12000.0
