O^z,error,N,total_data
-0.2304432315935278,0.0004930766095217013,1000.0,20000.0
