ZL,error,N
-0.06880677779142177,0.002547570251821446,1000.0
