ZL,error,N
-0.1319935496173472,0.004248073867286446,1000.0
