ZL,error,N
-0.13620863868760605,0.0027558285833492136,1000.0
