ZL,error,N
-0.14272837005517067,0.0032068162163653414,1000.0
