ZL,error,N
-0.11950174418570023,0.0046760660923775,1000.0
