ZL,error,N
-0.11481757132739116,0.0024420769218952117,1000.0
