ZL,error,N
-0.1410733816829652,0.003642987287839618,1000.0
