O^z,error,N,total_data
-0.0061702344702713454,0.00010096704780599359,1000.0,28000.0
