O^z,error,N,total_data
-0.03754758918232494,0.0003571580825839503,1000.0,16000.0
