O^z,error,N,total_data
-0.01867212925274747,0.00019865794681737836,1000.0,20000.0
