O^z,error,N,total_data
-0.011051242163898077,0.0001507165881958369,1000.0,24000.0
