O^z,error,N,total_data
-0.0033099935587484488,5.030627046577166e-05,1000.0,32000.0
