O^z,error,N,total_data
-0.15097116766334867,0.002490261940368611,1000.0,1000.0
