O^z,error,N,total_data
-0.07284946323248771,0.0005583189170294129,1000.0,12000.0
