O^z,error,N,total_data
-0.12935070694022197,0.00024795675058269314,3000.0,132000.0
