O^z,error,N,total_data
-0.1444383530592578,0.000483124315606954,1000.0,36000.0
