O^z,error,N,total_data
-0.24394403445033538,0.0004307821944338435,3000.0,48000.0
