O^z,error,N,total_data
-0.21319621466640823,0.00021028903020281394,10000.0,200000.0
