O^z,error,N,total_data
-0.1273680896492593,0.0003021659691164172,2000.0,88000.0
