O^z,error,N,total_data
-0.12261591962251327,0.00023352058794644297,3000.0,144000.0
