O^z,error,N,total_data
-0.21279016991962388,0.0003793223831566565,3000.0,60000.0
