O^z,error,N,total_data
-0.159462537063562,0.00016292568569851334,10000.0,320000.0
