O^z,error,N,total_data
-0.050139034308328966,0.00019414167647157458,1000.0,128000.0
