O^z,error,N,total_data
-0.17321506214002255,0.00017370731930546493,10000.0,280000.0
