O^z,error,N,total_data
-0.1375218110630952,0.0002608493352287929,3000.0,120000.0
