O^z,error,N,total_data
-0.19111966451005657,0.00019029108314606828,10000.0,240000.0
