O^z,error,N,total_data
-0.1275152595064142,0.00042394736568994164,1000.0,44000.0
