O^z,error,N,total_data
-0.13387060271620194,0.000318433860839853,2000.0,80000.0
