O^z,error,N,total_data
-0.13460463718627141,0.0004492315607558525,1000.0,40000.0
