O^z,error,N,total_data
-0.19059425485053058,0.0003497416590300474,3000.0,72000.0
