O^z,error,N,total_data
-0.14420951821819117,0.0003441147020149775,2000.0,72000.0
