O^z,error,N,total_data
-0.12100062007086676,0.0003990508241416166,1000.0,48000.0
