O^z,error,N,total_data
-0.1590927767468978,0.0002971253850836048,3000.0,96000.0
