O^z,error,N,total_data
-0.1732490440135561,0.00031712474863271415,3000.0,84000.0
