O^z,error,N,total_data
-0.12171134651129867,0.00028676179230592666,2000.0,96000.0
