O^z,error,N,total_data
-0.1472548949372117,0.000282367293069268,3000.0,108000.0
