O^z,error,N,total_data
0.00686960821862402,0.0001619876929872847,1000.0,32000.0
