O^z,error,N,total_data
0.07244478161411341,0.00303400981223025,1000.0,1000.0
