O^z,error,N,total_data
0.02684166183365628,0.0004599945487964119,1000.0,16000.0
