O^z,error,N,total_data
0.013542871686259818,0.0002611372103210979,1000.0,24000.0
