ZL,error,N
0.09391981497832955,0.010663781128793636,1000.0
