ZL,error,N
-0.023604252523119824,0.009958461044717115,1000.0
