ZL,error,N
-0.11727173838029743,0.008243669984268608,1000.0
