ZL,error,N
0.0404640551292666,0.010424560879817751,1000.0
