ZL,error,N
-0.012416264664041585,0.0013771309363502203,5000.0
