ZL,error,N
-0.005606494529887099,0.0019277653683924107,3000.0
