ZL,error,N
-0.0006842244349904843,0.001039641405141365,8000.0
