ZL,error,N
-0.007050727750280555,0.0010531349065749367,10000.0
