ZL,error,N
-0.011392807745872596,0.0009664450032528824,10000.0
