ZL,error,N
0.0034003477037290613,0.0021315166584694525,3000.0
