ZL,error,N
-0.001032591034196826,0.0009252208888203814,10000.0
