ZL,error,N
-0.00025853766856872147,0.0013195190725627365,5000.0
