ZL,error,N
-0.012311619158916104,0.0009346444443362505,10000.0
