ZL,error,N
-0.0011078420833649176,0.001711193003668289,3000.0
