ZL,error,N
0.003574021125710543,0.0016569985223815285,5000.0
