ZL,error,N
-0.010700422211936554,0.0010018914724623852,10000.0
