ZL,error,N
-0.011351308208587452,0.0010823938239387205,8000.0
