ZL,error,N
-0.011435552866805391,0.0009659785711818867,10000.0
