ZL,error,N
-0.013408298911291612,0.001775991568208612,3000.0
