ZL,error,N
0.003785186344471475,0.0011548215415449394,10000.0
