ZL,error,N
-0.0054194083204419765,0.0014921027598626929,5000.0
