ZL,error,N
0.0037710269159885214,0.0012949169653958354,8000.0
