ZL,error,N
-0.0058565516471653116,0.001178964825553385,8000.0
