ZL,error,N
0.13103245360216495,0.01056503674223672,1000.0
