ZL,error,N
0.07379824781276753,0.010375883821867521,1000.0
