ZL,error,N
-0.08749277996697655,0.008343952619234348,1000.0
