ZL,error,N
0.010065583679788716,0.009890965420259402,1000.0
