ZL,error,N
-0.024166306078514548,0.0024851126790900405,1000.0
