ZL,error,N
-0.31778933250952895,0.003271733878993318,1000.0
