ZL,error,N
-0.22062948772210184,0.0034034372018105995,1000.0
