ZL,error,N
-0.271755898773559,0.0031183940270817067,1000.0
