ZL,error,N
-0.16245885319694967,0.0031919770728246286,1000.0
