ZL,error,N
-0.09924619816888643,0.0028849413524917535,1000.0
