ZL,error,N
-0.3540510594067441,0.0034143801031086955,1000.0
