O^z,error,N,total_data
-0.3941753751906072,0.003238213963784514,1000.0,1000.0
