O^z,error,N,total_data
-0.1957619403554447,0.0004754949279075386,1000.0,28000.0
