O^z,error,N,total_data
-0.3120603306782874,0.000892087125787888,1000.0,12000.0
