O^z,error,N,total_data
-0.21155351138873016,0.0005352287573335885,1000.0,24000.0
