O^z,error,N,total_data
-0.18357736040941766,0.00043863142125112554,1000.0,32000.0
