O^z,error,N,total_data
-0.26657282481841593,0.000714565604094303,1000.0,16000.0
