O^z,error,N,total_data
-0.23416119514078018,0.0006150114859818091,1000.0,20000.0
