ZL,error,N
0.2446915737908701,0.002884704818891921,1000.0
