ZL,error,N
0.22146288057845648,0.0019851457055258177,1000.0
