ZL,error,N
0.25012863451106215,0.003165398208774795,1000.0
