ZL,error,N
0.23417771751089275,0.002535473585439479,1000.0
