ZL,error,N
0.2371170908018244,0.0028455520169701444,1000.0
