ZL,error,N
0.2537365016928201,0.003260694153618008,1000.0
