ZL,error,N
0.2279442888663661,0.002390100252524649,1000.0
