O^z,error,N,total_data
-0.047880971745414926,0.000814578300012431,1000.0,16000.0
