O^z,error,N,total_data
-0.022449069816674817,0.0004475126430052444,1000.0,24000.0
