O^z,error,N,total_data
-0.13409115261588403,0.005613293750432905,1000.0,1000.0
