O^z,error,N,total_data
-0.011503150585887034,0.00030719363858374105,1000.0,32000.0
