O^z,error,N,total_data
-0.03441444729430879,0.0003228564654831874,3000.0,72000.0
