O^z,error,N,total_data
-0.01952771782360628,0.00011947818263962663,9996.0,319872.0
