O^z,error,N,total_data
-0.034290202561740875,0.00019827886434745868,7999.0,191976.0
