O^z,error,N,total_data
-0.06721515441744386,0.0005369239513782986,3000.0,48000.0
