O^z,error,N,total_data
-0.0667918682882995,0.0002999104457129354,10000.0,160000.0
