O^z,error,N,total_data
-0.01912637093593108,0.00021674548713754264,3000.0,96000.0
