O^z,error,N,total_data
-0.03466140398945089,0.0002515304950048958,4999.0,119976.0
