O^z,error,N,total_data
-0.06678874373186873,0.0003353156398016467,8000.0,128000.0
