O^z,error,N,total_data
-0.1673432070697327,0.0018603943646040954,10000.0,10000.0
