O^z,error,N,total_data
-0.06696499930871415,0.0004244488224180374,5000.0,80000.0
