O^z,error,N,total_data
-0.019264156650409318,0.00013379710788178598,7997.0,255904.0
