O^z,error,N,total_data
-0.034622317172394584,0.00017755518112518324,9998.0,239952.0
