O^z,error,N,total_data
-0.17341861744223636,0.0034147404067494456,3000.0,3000.0
