O^z,error,N,total_data
-0.1699059760800608,0.002646485740121097,5000.0,5000.0
