O^z,error,N,total_data
-0.019440335239888532,0.00016884729714012963,5000.0,160000.0
