O^z,error,N,total_data
-0.16740408843225943,0.0020866529850764788,8000.0,8000.0
