ZL,error,N
0.014826797691780623,0.0027687915858286946,1000.0
