ZL,error,N
0.0008052038685106763,0.0026590548089545905,1000.0
