ZL,error,N
0.004308310041886205,0.0028896140320121585,1000.0
