ZL,error,N
0.0016339458316027085,0.002866425322237914,1000.0
