O^z,error,N,total_data
-0.04616798348347746,0.0003064779595545028,8000.0,128000.0
