O^z,error,N,total_data
-0.13209340496268993,0.0018199036582753703,10000.0,10000.0
