O^z,error,N,total_data
-0.021756982946268724,0.0001798468405253315,7986.0,191664.0
