O^z,error,N,total_data
-0.13514726139825714,0.0032870001354828385,3000.0,3000.0
