O^z,error,N,total_data
-0.13202924770758265,0.002031099011838564,8000.0,8000.0
