O^z,error,N,total_data
-0.046251571916338934,0.0002737658441373773,10000.0,160000.0
