O^z,error,N,total_data
-0.0036355222462657127,0.0002776572373048822,492.0,23616.0
