O^z,error,N,total_data
-0.0016762324555925049,0.00018477586235765532,494.0,31616.0
