O^z,error,N,total_data
-0.13403240351942258,0.002537018810937822,5000.0,5000.0
