O^z,error,N,total_data
-0.046393256881526616,0.0003882026609067809,5000.0,80000.0
