O^z,error,N,total_data
-0.021758125996765947,0.00016050357961587102,9985.0,239640.0
