O^z,error,N,total_data
-0.01118228154612634,0.00012104931025376765,7978.0,255296.0
