O^z,error,N,total_data
-0.0007736769569577298,9.924183863685359e-05,973.0,77840.0
