O^z,error,N,total_data
-0.011153509522133438,0.00015084839819465965,4987.0,159584.0
