O^z,error,N,total_data
-0.04637727055375937,0.0005000013961067566,3000.0,48000.0
