O^z,error,N,total_data
-0.01133653662874655,0.00010849691102764415,9972.0,319104.0
