O^z,error,N,total_data
-0.01137518527887622,0.00019337073591881504,2992.0,95744.0
