O^z,error,N,total_data
-0.021186213503024378,0.0002281342452503337,4993.0,119832.0
