O^z,error,N,total_data
-0.021137799051660702,0.00029544664971279424,2997.0,71928.0
