O^z,error,N,total_data
-0.031399438172201304,0.00013022193224505345,9999.0,319968.0
