O^z,error,N,total_data
-0.06622144781875917,0.0002368269983849462,10000.0,200000.0
