O^z,error,N,total_data
-0.09021968078791898,0.00030968457282371686,10000.0,160000.0
