O^z,error,N,total_data
-0.04984641966169587,0.00033977408387392353,3000.0,72000.0
