O^z,error,N,total_data
-0.031258523159111,0.00014565522427690256,7999.0,255968.0
