O^z,error,N,total_data
-0.2005659519922285,0.0018087761792795704,10000.0,10000.0
