O^z,error,N,total_data
-0.04987863603231355,0.00021082721828305802,8000.0,192000.0
