O^z,error,N,total_data
-0.19939472295752486,0.002012898036103786,8000.0,8000.0
