O^z,error,N,total_data
-0.049888816311776545,0.00026680361725726833,5000.0,120000.0
