O^z,error,N,total_data
-0.031673796056958116,0.00018347525154127132,5000.0,160000.0
