O^z,error,N,total_data
-0.0393066053864753,0.00015485724178992727,10000.0,280000.0
