O^z,error,N,total_data
-0.09001087718438548,0.00034670704775199683,8000.0,128000.0
