O^z,error,N,total_data
-0.049964504078086606,0.00018798385419081505,10000.0,240000.0
