O^z,error,N,total_data
-0.20308074803208453,0.0025411167848427545,5000.0,5000.0
