O^z,error,N,total_data
-0.20509662280205343,0.0033044091919254065,3000.0,3000.0
