O^z,error,N,total_data
-0.09033217132456049,0.0004423095203583919,5000.0,80000.0
