O^z,error,N,total_data
-0.04988024979474424,0.000188290386726187,10000.0,240000.0
