O^z,error,N,total_data
-0.08932141598433857,0.0005688425158291692,3000.0,48000.0
