O^z,error,N,total_data
-0.03150077108770965,0.00023479278495159162,3000.0,96000.0
