ZL,error,N
0.16473875875876262,0.01021567322998005,998.0
