ZL,error,N
0.025712916756983947,0.00867326949728437,1000.0
