ZL,error,N
0.13208098942729724,0.009264370006188603,1000.0
