ZL,error,N
0.060169998467320816,0.008676274218504898,1000.0
