ZL,error,N
-0.059373427709385765,0.007815884793430098,1000.0
