ZL,error,N
0.09613821463189344,0.009026679426404656,1000.0
