ZL,error,N
0.002813628227463419,0.0008867523458617138,8000.0
