ZL,error,N
0.020654802158915526,0.001110738276250335,9972.0
