ZL,error,N
0.011165249202471163,0.0009820623877571932,9983.0
