ZL,error,N
0.006558908562721868,0.0009942317707361426,7999.0
