ZL,error,N
0.005987031955769206,0.0016440493115634515,3000.0
