ZL,error,N
0.021957771681212507,0.0015857233084187992,4988.0
