ZL,error,N
0.0024623381739572975,0.0007924733007850658,10000.0
