ZL,error,N
0.010851376218602271,0.0013958918321790555,4994.0
