ZL,error,N
0.0030875536834476308,0.0011182174613688428,5000.0
