ZL,error,N
0.022217901068148894,0.0020306133525007596,2993.0
