ZL,error,N
0.009679463132455013,0.0018075854151637636,2997.0
