ZL,error,N
0.006149955309153913,0.0008899032018318148,9999.0
