ZL,error,N
0.0019304945204737416,0.0014396653561130944,3000.0
