ZL,error,N
0.011418312609365133,0.0010994848630388496,7987.0
