ZL,error,N
0.006264004696201674,0.0012729765075077124,5000.0
