ZL,error,N
0.0210290782308403,0.0012511544782289915,7977.0
