O^z,error,N,total_data
-0.41608658707092605,0.0028830952923323116,1000.0,1000.0
