O^z,error,N,total_data
-0.3283940737260455,0.0007527688669050955,1000.0,12000.0
