O^z,error,N,total_data
-0.18490163788440148,0.0003574565667785134,1000.0,28000.0
