O^z,error,N,total_data
-0.20669111979430813,0.00039897933053757804,1000.0,24000.0
