O^z,error,N,total_data
-0.27174922717647554,0.0005807531707104706,1000.0,16000.0
