O^z,error,N,total_data
-0.23342135504769898,0.0004808108514727102,1000.0,20000.0
