O^z,error,N,total_data
-0.166934121831383,0.00031312948747643123,1000.0,32000.0
