O^z,error,N,total_data
-0.10779152449775893,0.0005958395404759455,3000.0,48000.0
