O^z,error,N,total_data
-0.10772941860685128,0.000365911355339085,8000.0,128000.0
