O^z,error,N,total_data
-0.042001295657951736,0.00020604293507131506,5000.0,160000.0
