O^z,error,N,total_data
-0.10791134482536967,0.0003276706603444931,10000.0,160000.0
