O^z,error,N,total_data
-0.10777821337429697,0.00046168798256658117,5000.0,80000.0
