O^z,error,N,total_data
-0.06397900786867493,0.00020581498800404237,10000.0,240000.0
