O^z,error,N,total_data
-0.2250501824594437,0.0020287782662177026,8000.0,8000.0
