O^z,error,N,total_data
-0.22527836697259881,0.0018179663234069291,10000.0,10000.0
