O^z,error,N,total_data
-0.042191691514084674,0.0002676833232793917,3000.0,96000.0
