O^z,error,N,total_data
-0.06387605632123866,0.00022920717139357995,8000.0,192000.0
