O^z,error,N,total_data
-0.06491441337289065,0.00037264255075351724,3000.0,72000.0
