O^z,error,N,total_data
-0.04225738341319914,0.00014543468016632894,10000.0,320000.0
