O^z,error,N,total_data
-0.04198379714679568,0.00016221079048759648,8000.0,256000.0
