O^z,error,N,total_data
-0.22701805505389183,0.002552281634702839,5000.0,5000.0
