O^z,error,N,total_data
-0.06467125471427343,0.0002902093419541929,5000.0,120000.0
