O^z,error,N,total_data
-0.23193211855513585,0.003309884380798727,3000.0,3000.0
