O^z,error,N,total_data
-0.36106427425784815,0.005970715388869587,1.0,28.0
