O^z,error,N,total_data
-0.40771776958564687,0.010653755749847992,1.0,12.0
