O^z,error,N,total_data
-0.3654375270247832,0.008348605045890583,1.0,24.0
