O^z,error,N,total_data
-0.385727649974552,0.008608358973265867,1.0,16.0
