O^z,error,N,total_data
-0.3738184089605803,0.006275521249275709,1.0,20.0
