O^z,error,N,total_data
-0.35754202710875815,0.0060132453963217475,1.0,32.0
