O^z,error,N,total_data
-0.24030325418605292,0.0057273274596962645,1.0,24.0
