O^z,error,N,total_data
-0.2027866508476034,0.0050958295667614265,1.0,32.0
