O^z,error,N,total_data
-0.2955934422134286,0.007990938561223208,1.0,16.0
