O^z,error,N,total_data
-0.21075842331638692,0.008186062819779653,1.0,24.0
