O^z,error,N,total_data
-0.2379545942533699,0.0096394042831101,1.0,20.0
