O^z,error,N,total_data
-0.28850204846690114,0.014662838835938549,1.0,16.0
