O^z,error,N,total_data
-0.1803029802094925,0.008188965105428502,1.0,28.0
