O^z,error,N,total_data
-0.1496568637420223,0.008623587854553794,1.0,32.0
