O^z,error,N,total_data
-0.33487790903700243,0.0189711497199914,1.0,12.0
