O^z,error,N,total_data
-0.05891825133707439,0.00040490982322822285,1000.0,20000.0
