O^z,error,N,total_data
-0.14309090096982166,0.0007527161336002183,1000.0,12000.0
