O^z,error,N,total_data
-0.0275872468414198,0.00023923156715833352,1000.0,28000.0
