O^z,error,N,total_data
-0.019435556385328283,0.00018792465232491282,1000.0,32000.0
