ZL,error,N
0.1659021342628742,0.009839496060335462,1000.0
