ZL,error,N
0.05998509895289644,0.009443390138165881,1000.0
