ZL,error,N
-0.03554034517593291,0.008274740716090597,1000.0
