ZL,error,N
0.1208245541887277,0.009650532701909574,1000.0
