ZL,error,N
0.035178665737669104,0.00828540083960254,1000.0
