ZL,error,N
0.0009819235310759514,0.008144625937626741,1000.0
