ZL,error,N
-0.03084656030096049,0.008075911496454294,1000.0
