ZL,error,N
-0.10227759429021767,0.007595150463532586,1000.0
