O^z,error,N,total_data
-0.33506547839127326,0.00038563175057141627,1000.0,32000.0
