O^z,error,N,total_data
-0.37541747417416665,0.0003814626875225855,1000.0,16000.0
