O^z,error,N,total_data
-0.33861079067810784,0.0004172073447538423,1000.0,28000.0
