O^z,error,N,total_data
-0.4030492611105308,0.00042930407977592803,1000.0,12000.0
