O^z,error,N,total_data
-0.3598208727301887,0.0003571869876404242,1000.0,20000.0
