O^z,error,N,total_data
-0.3492871292675212,0.00035784816606794853,1000.0,24000.0
