O^z,error,N,total_data
-0.46383683136187165,0.001480417144582035,1000.0,1000.0
