O^z,error,N,total_data
-0.045073473899273526,0.0004394203067946005,1000.0,24000.0
