O^z,error,N,total_data
-0.03352893513325149,0.0003453469186479797,1000.0,28000.0
