O^z,error,N,total_data
-0.1361372633571909,0.0010521497482452033,1000.0,12000.0
