O^z,error,N,total_data
-0.21626749794723035,0.004328025957985258,1000.0,1000.0
