O^z,error,N,total_data
-0.0260277633812938,0.0002874168392724056,1000.0,32000.0
