O^z,error,N,total_data
-0.0910315249911543,0.0007570537882135333,1000.0,16000.0
