O^z,error,N,total_data
-0.06364749657104747,0.0005766577832577172,1000.0,20000.0
