O^z,error,N,total_data
-0.2921221179678348,0.0001271602495163418,10000.0,240000.0
