O^z,error,N,total_data
-0.3246657500051667,0.0004477505632843172,1000.0,16000.0
