O^z,error,N,total_data
-0.28346869182001827,0.00012284990560341693,10000.0,280000.0
