O^z,error,N,total_data
-0.2760460259267154,0.00012311933492349268,10000.0,320000.0
