O^z,error,N,total_data
-0.3579988476937588,0.0001567097525554605,10000.0,120000.0
