O^z,error,N,total_data
-0.2840134052543753,0.00039375163350886865,1000.0,28000.0
