O^z,error,N,total_data
-0.32448368224475066,0.00014286114957765274,10000.0,160000.0
