O^z,error,N,total_data
-0.2776241084180564,0.00037584662074932135,1000.0,32000.0
