O^z,error,N,total_data
-0.42235088768088835,0.0004782261700686248,10000.0,10000.0
