O^z,error,N,total_data
-0.3044106605237724,0.00013351898593149864,10000.0,200000.0
