O^z,error,N,total_data
-0.2916137055368074,0.00040672857806545886,1000.0,24000.0
