O^z,error,N,total_data
-0.30338680666785156,0.0004182063222829283,1000.0,20000.0
