O^z,error,N,total_data
-0.35718163081166815,0.0004943594616392,1000.0,12000.0
