O^z,error,N,total_data
-0.4237781769446339,0.0014995206679754823,1000.0,1000.0
