O^z,error,N,total_data
0.0005212836944437832,0.0004914247886105973,1.0,16.0
