O^z,error,N,total_data
0.0004663297166105664,0.00037175082475545703,1.0,24.0
