O^z,error,N,total_data
-0.00029712943787291217,0.0001744718636855279,1.0,20.0
