O^z,error,N,total_data
0.0001222083511394882,0.000505144846918304,1.0,32.0
