O^z,error,N,total_data
-0.0014953221623543308,8.276385952101378e-05,1.0,12.0
