O^z,error,N,total_data
0.0011696621555742884,0.0007088383066584797,1.0,28.0
