ZL,error,N
-0.03925681924394943,0.004533728483922104,1000.0
