ZL,error,N
0.018094920793981287,0.004312068756511368,1000.0
