ZL,error,N
0.0839624101440833,0.0035608588462710095,1000.0
