ZL,error,N
-0.002587090495497042,0.004412262726735333,1000.0
