ZL,error,N
-0.04782847927642337,0.004740502129000521,1000.0
