ZL,error,N
-0.02228417103929513,0.004457010646928765,1000.0
