ZL,error,N
0.04314023167753646,0.0038999537964864222,1000.0
