ZL,error,N
0.13622931980558137,0.003517576186494736,1000.0
