ZL,error,N
0.1388675488162772,0.003210047244594098,1000.0
