ZL,error,N
0.13879970112319437,0.0029008107897049618,1000.0
