ZL,error,N
0.13779261329688738,0.0033377859712652967,1000.0
