ZL,error,N
0.18257294278027522,0.001033549006891399,10000.0
