ZL,error,N
0.1845317748547996,0.0031625070250682497,1000.0
