ZL,error,N
0.1847766330046361,0.003016096295301174,1000.0
