ZL,error,N
0.18733469197892286,0.0024496746077552986,1000.0
