ZL,error,N
0.185128622097295,0.0007878842873197238,10000.0
