ZL,error,N
0.18501621045497355,0.0028708712693461826,1000.0
