ZL,error,N
0.1839740132201169,0.0010936792673958168,10000.0
