ZL,error,N
0.1828852644532868,0.0008903810008208479,10000.0
