ZL,error,N
0.18214825011874006,0.0009453322676944351,10000.0
