ZL,error,N
0.18201980155565592,0.0034865405368208614,1000.0
