ZL,error,N
0.18231530073524296,0.0010028384287420937,10000.0
