ZL,error,N
0.18325260447442024,0.003253762174400481,1000.0
