ZL,error,N
0.1824941760721402,0.0010815173032965276,10000.0
