ZL,error,N
0.17991051841508185,0.0034893529949042903,1000.0
