ZL,error,N
0.008138229517296813,0.0008027923484023054,7999.0
