ZL,error,N
0.01426879331493243,0.001083320572516972,5000.0
