ZL,error,N
0.01382877970132335,0.0014154151891712608,3000.0
