ZL,error,N
0.007873532775034725,0.0010144609226514349,5000.0
