ZL,error,N
0.00822823096270933,0.000719802692790289,9998.0
