ZL,error,N
0.014164364871808733,0.0007660866497558952,9999.0
