ZL,error,N
0.008214320987422238,0.0009840409057500583,5000.0
