ZL,error,N
0.03326775045265615,0.001201426048818954,5000.0
