ZL,error,N
0.03295513852977994,0.0009433536608734479,8000.0
