ZL,error,N
0.006983237369982746,0.0007735194546241864,7998.0
