ZL,error,N
0.006902728543613209,0.0006920368436183175,9998.0
