ZL,error,N
0.008071020786092575,0.0012998540510995441,3000.0
