ZL,error,N
0.008931098963633834,0.0012635234070018195,3000.0
