ZL,error,N
0.032819575133246306,0.0008480615808699144,10000.0
