ZL,error,N
0.033770728746122844,0.001535090278634683,3000.0
