ZL,error,N
0.01404346574302831,0.0008527147157968514,8000.0
