ZL,error,N
0.018323493342030407,0.0011729373320662933,5000.0
