ZL,error,N
0.031676413116193944,0.0016100917636814734,3000.0
