ZL,error,N
0.014872366878628874,0.001431617437248848,3000.0
