ZL,error,N
0.029958146308231903,0.0009774938880712095,8000.0
