ZL,error,N
0.029548034187825204,0.0008746338423319906,10000.0
