ZL,error,N
0.01448743510202697,0.0011087989114596762,5000.0
