ZL,error,N
0.05440686902716048,0.0017336942138794606,3000.0
