ZL,error,N
0.018403501181384608,0.0009247723278176703,8000.0
