ZL,error,N
0.031129222308453025,0.0012416105099802386,5000.0
