ZL,error,N
0.014154876961703405,0.0008800890572564714,8000.0
