ZL,error,N
0.013945611516238349,0.0007893391216013965,10000.0
