ZL,error,N
0.018377853853885233,0.000830853981722412,10000.0
