ZL,error,N
0.054258542881892344,0.001345072683986775,5000.0
