ZL,error,N
0.052393073227904347,0.0009449263574217794,10000.0
