ZL,error,N
0.01998319734289029,0.001505492274656191,3000.0
