ZL,error,N
0.05256365620765318,0.0010553753383225597,8000.0
