O^z,error,N,total_data
-0.04375580584827873,0.0003590831668862839,5000.0,80000.0
