O^z,error,N,total_data
-0.12575210168801665,0.0016946850587425026,10000.0,10000.0
