O^z,error,N,total_data
-0.12566567531393447,0.0031031525411581006,3000.0,3000.0
