O^z,error,N,total_data
-0.04293986928040289,0.0004574490540918835,3000.0,48000.0
