O^z,error,N,total_data
-0.018968035787988304,0.0002582880004059185,3000.0,72000.0
