O^z,error,N,total_data
-0.019470778750970193,0.00015661079955055782,7998.0,191952.0
