O^z,error,N,total_data
-0.12477682447748245,0.0018833601134302371,8000.0,8000.0
