O^z,error,N,total_data
-0.01014335399456118,0.00010242779472595288,7996.0,255872.0
