O^z,error,N,total_data
-0.043721743659889366,0.00025366901062919293,10000.0,160000.0
