O^z,error,N,total_data
-0.12472047679604971,0.0023580499818832766,5000.0,5000.0
