O^z,error,N,total_data
-0.009683196146512385,0.0001661850426410521,2998.0,95936.0
