O^z,error,N,total_data
-0.010136589342650777,9.120004548641911e-05,9994.0,319808.0
