O^z,error,N,total_data
-0.019542181147682244,0.00013975107315475103,9998.0,239952.0
