O^z,error,N,total_data
-0.04395798547266097,0.0002845192566764889,8000.0,128000.0
