O^z,error,N,total_data
-0.019153413957597173,0.00019895695311931313,4999.0,119976.0
