O^z,error,N,total_data
-0.009760093774058991,0.00012727037672285367,4998.0,159936.0
