ZL,error,N
0.01588071014841732,0.0011629408113395397,9998.0
