ZL,error,N
-0.005558768717054044,0.0011884088238252105,5000.0
