ZL,error,N
0.0313634963405702,0.0014803282257135678,7997.0
