ZL,error,N
0.03336904468817011,0.0024450916142309733,3000.0
