ZL,error,N
0.002386206861674774,0.0011209157910950307,8000.0
