ZL,error,N
0.002061502495059783,0.001432486106799318,5000.0
