ZL,error,N
-0.007579560600914164,0.0015274459668732656,3000.0
