ZL,error,N
-0.005887148531459965,0.0008370384104608099,10000.0
