ZL,error,N
0.016477433246416744,0.0012991933693603324,7998.0
