ZL,error,N
0.016425250378020315,0.0016420271491192537,4999.0
