ZL,error,N
0.0007711372924658354,0.0018555074308109077,3000.0
