ZL,error,N
0.0023591026658586305,0.0010028645826485325,10000.0
