ZL,error,N
0.03100134634841666,0.001320142776032815,9996.0
