ZL,error,N
0.014998536870056475,0.0021232122877250666,2999.0
