ZL,error,N
0.031698080552768626,0.0018854400322274578,4998.0
