ZL,error,N
-0.005838082795575369,0.0009365197510015267,8000.0
