ZL,error,N
-0.09034820242000964,0.0016942906658104697,1000.0
