ZL,error,N
0.04136797556964182,0.004442650399171702,1000.0
