ZL,error,N
0.14770835909915245,0.004964185460466749,1000.0
