ZL,error,N
-0.01593233974525009,0.003858720263615756,1000.0
