ZL,error,N
0.09341893926521833,0.0047122462634464485,1000.0
