ZL,error,N
-0.0673206557556009,0.0028754756776646086,1000.0
