ZL,error,N
0.1929811329962705,0.005051990841181738,1000.0
