O^z,error,N,total_data
-0.33312711396400424,0.00038012474378371026,1000.0,24000.0
