O^z,error,N,total_data
-0.32336642642052865,0.000408099019943827,1000.0,28000.0
