O^z,error,N,total_data
-0.3420764010679897,0.0003954703460567789,1000.0,20000.0
