O^z,error,N,total_data
-0.4501017138486831,0.00149893965600567,1000.0,1000.0
