O^z,error,N,total_data
-0.31946357234843364,0.00038259743111994794,1000.0,32000.0
