O^z,error,N,total_data
-0.388639398328885,0.00048015343923706706,1000.0,12000.0
