O^z,error,N,total_data
-0.35935831513368094,0.0004199929715706938,1000.0,16000.0
