O^z,error,N,total_data
0.0011403980593706977,0.0005694365169298542,1.0,24.0
