O^z,error,N,total_data
0.00037557675221540495,0.0004930257387567086,1.0,20.0
