O^z,error,N,total_data
-0.0020788948869600293,0.0006857166419603567,1.0,16.0
