O^z,error,N,total_data
0.0005861580784098094,0.00040779869353118595,1.0,28.0
