O^z,error,N,total_data
-0.0030024764679617215,0.00014088891969464285,1.0,12.0
