O^z,error,N,total_data
-0.0007089316895216741,0.000373689268971793,1.0,32.0
