ZL,error,N
0.1349965780830387,0.004397012048405214,1000.0
