ZL,error,N
0.09599601334660748,0.0056412801378661346,1000.0
