ZL,error,N
0.16856704566257888,0.0032406828772988967,1000.0
