ZL,error,N
0.10939361614779448,0.00503685355061007,1000.0
