ZL,error,N
0.11950036505473703,0.005109541051442177,1000.0
