ZL,error,N
0.18624791520207143,0.002263789014110883,1000.0
