ZL,error,N
0.17390195068686043,0.003054587576366557,1000.0
