ZL,error,N
0.08931523141130938,0.006465072861515436,1000.0
