ZL,error,N
0.13106429431975825,0.004559479776638557,1000.0
