ZL,error,N
0.098077031802484,0.005860539597024162,1000.0
