ZL,error,N
0.15348462574742022,0.003787817215999191,1000.0
