O^z,error,N,total_data
-0.025344411243832767,0.000244220754518511,4996.0,119904.0
