O^z,error,N,total_data
-0.14363647406191915,0.0018824733253526677,10000.0,10000.0
