O^z,error,N,total_data
-0.014070568345789198,0.0001176359835059973,9980.0,319360.0
