O^z,error,N,total_data
-0.025195409889556538,0.00019131360838986965,7995.0,191880.0
