O^z,error,N,total_data
-0.14554102324513102,0.002641404784558216,5000.0,5000.0
