O^z,error,N,total_data
-0.013954693529603527,0.00013113450057578534,7986.0,255552.0
