O^z,error,N,total_data
-0.05328256890586318,0.0002919404315060776,9995.0,159920.0
