O^z,error,N,total_data
-0.02567643079189198,0.00031476451897746217,2999.0,71976.0
