O^z,error,N,total_data
-0.01404207824023091,0.0002194730307958686,2998.0,95936.0
