O^z,error,N,total_data
-0.025240608855328726,0.0001717706940815889,9992.0,239808.0
