O^z,error,N,total_data
-0.14240339185210465,0.002090230252159588,8000.0,8000.0
