O^z,error,N,total_data
-0.05411039095485008,0.0005287245517685754,2999.0,47984.0
