O^z,error,N,total_data
-0.01417233277654134,0.00016877228099915412,4992.0,159744.0
