O^z,error,N,total_data
-0.14785274834536472,0.0033722182598710424,3000.0,3000.0
