O^z,error,N,total_data
-0.053582461849616715,0.00041277268169851345,4999.0,79984.0
