O^z,error,N,total_data
-0.0531906357157251,0.00032685760887075357,7998.0,127968.0
