O^z,error,N,total_data
-0.12495992736985019,0.0024874841397672385,5000.0,5000.0
