O^z,error,N,total_data
-0.043284203858394245,0.0002695718061554537,9999.0,159984.0
