O^z,error,N,total_data
-0.12635292360659134,0.0032232929397866274,3000.0,3000.0
