O^z,error,N,total_data
-0.009922287551983251,0.00010195952185012387,9972.0,319104.0
