O^z,error,N,total_data
-0.019082566606076847,0.00016988351669843332,7987.0,191688.0
