O^z,error,N,total_data
-0.12335329534486797,0.0019841949816729247,8000.0,8000.0
