O^z,error,N,total_data
-0.00976722159141016,0.00014350653562672394,4988.0,159616.0
