O^z,error,N,total_data
-0.019300387839994233,0.0001514212291014371,9983.0,239592.0
