O^z,error,N,total_data
-0.018949065808172034,0.00027229309125411684,2997.0,71928.0
