O^z,error,N,total_data
-0.01903217028920712,0.0002132960629943362,4994.0,119856.0
