O^z,error,N,total_data
-0.1234357790250965,0.0017732732451088203,10000.0,10000.0
