O^z,error,N,total_data
-0.0099579258171307,0.00018545735795951921,2993.0,95776.0
