O^z,error,N,total_data
-0.04333219108476789,0.0003797091804085658,5000.0,80000.0
