O^z,error,N,total_data
-0.04301955018543303,0.00029999362220951766,7999.0,127984.0
