O^z,error,N,total_data
-0.009836124942336192,0.00011389183417974013,7977.0,255264.0
