O^z,error,N,total_data
-0.04313745490411431,0.00048537810185034295,3000.0,48000.0
