ZL,error,N
0.003419134196176417,0.001574068388089122,3000.0
