ZL,error,N
0.0019101615566798932,0.000966878757441348,8000.0
