ZL,error,N
0.015281401544502953,0.000900787096456082,10000.0
