ZL,error,N
0.03854915413269439,0.0013771618875879138,5000.0
