ZL,error,N
0.002938073764783896,0.0012220425890439044,5000.0
