ZL,error,N
0.005129566853203257,0.001231590305270541,5000.0
