ZL,error,N
0.03673831832462575,0.0017927216615968896,3000.0
