ZL,error,N
0.037587779778535335,0.0009682343057776188,10000.0
