ZL,error,N
0.015251990259622466,0.0012720053293136776,5000.0
