ZL,error,N
0.01545299686234591,0.001647043074094812,3000.0
