ZL,error,N
0.004684329561222579,0.000876513006460819,10000.0
