ZL,error,N
0.0013975912932580761,0.0008619289631889547,10000.0
