ZL,error,N
0.03777302800027546,0.0010867579837451952,8000.0
