ZL,error,N
0.01516481587380757,0.0010045604721784223,8000.0
