ZL,error,N
0.004605312577205671,0.000972618021236299,8000.0
