ZL,error,N
0.005130460555542185,0.0015924372011378218,3000.0
