O^z,error,N,total_data
-0.28211462714798746,0.0004568674075177923,1000.0,24000.0
