O^z,error,N,total_data
-0.2979578747534464,0.0004970783541793915,1000.0,20000.0
