O^z,error,N,total_data
-0.43488556076745055,0.0022902402384425277,1000.0,1000.0
