O^z,error,N,total_data
-0.27418051280252126,0.00041836189663909393,1000.0,28000.0
