O^z,error,N,total_data
-0.267572989606536,0.0004022761495039311,1000.0,32000.0
