O^z,error,N,total_data
-0.35711677911320105,0.0006526378288726595,1000.0,12000.0
