O^z,error,N,total_data
-0.3191400945386943,0.0005798185630905821,1000.0,16000.0
