O^z,error,N,total_data
-0.1951834129439773,0.00016642154814886084,10000.0,240000.0
