O^z,error,N,total_data
-0.16188624363022608,0.00012969093897346255,10000.0,320000.0
