O^z,error,N,total_data
-0.30210888435866795,0.0002981468760814,10000.0,120000.0
