O^z,error,N,total_data
-0.17655568455098797,0.0001459585024819886,10000.0,280000.0
