O^z,error,N,total_data
-0.25237204224287724,0.00023687390460480417,10000.0,160000.0
