O^z,error,N,total_data
-0.38269804878735647,0.0011269205836228215,10000.0,10000.0
