O^z,error,N,total_data
-0.21911769493886996,0.00019451140514782726,10000.0,200000.0
