ZL,error,N
0.23487210527554708,0.0025913783017232394,1000.0
