ZL,error,N
0.23504587142633393,0.003561326544071961,1000.0
