ZL,error,N
0.2391998047024783,0.004359530420860708,1000.0
