ZL,error,N
0.2379858134783061,0.004167011636614848,1000.0
