ZL,error,N
0.04953014179805775,0.00880838121944023,1000.0
