ZL,error,N
-0.008289272345574222,0.00890715280709434,1000.0
