O^z,error,N,total_data
-0.050291924246372036,0.00038599729594910557,1000.0,28000.0
