O^z,error,N,total_data
-0.255611780834537,0.0038608229074151034,1000.0,1000.0
