O^z,error,N,total_data
-0.03977913656635269,0.0003257091219104121,1000.0,32000.0
