O^z,error,N,total_data
-0.06453317649082432,0.0004635983386256677,1000.0,24000.0
