O^z,error,N,total_data
-0.08792492045323011,0.0006022927834794681,1000.0,20000.0
