O^z,error,N,total_data
-0.11983415987573558,0.0007692074188916305,1000.0,16000.0
