O^z,error,N,total_data
-0.169087034110707,0.0010116341474986136,1000.0,12000.0
