ZL,error,N
-0.18136326589856236,0.0029382539167906166,1000.0
