ZL,error,N
-0.11045892823158816,0.0027246576249078,1000.0
