ZL,error,N
-0.20792696279870498,0.0034202718063982215,1000.0
