ZL,error,N
-0.21231732741703696,0.0038496890573713432,1000.0
