ZL,error,N
-0.1083610896348325,0.002474734985026541,1000.0
