ZL,error,N
-0.029713360312985285,0.005300313093005446,1000.0
