ZL,error,N
-0.10004691895087783,0.003739615970738219,1000.0
