ZL,error,N
-0.059310985536852115,0.004905434342982128,1000.0
