ZL,error,N
-0.10895052261389802,0.003085572328688195,1000.0
