ZL,error,N
-0.08019429878071468,0.0042236371009552656,1000.0
