ZL,error,N
-0.07730488618504751,0.0023741266987718688,1000.0
