ZL,error,N
0.11515416362476061,0.010358251573441057,1000.0
