ZL,error,N
0.2177488304547625,0.010373551022230545,1000.0
