O^z,error,N,total_data
-0.14872678238986617,0.00043498355179538153,1000.0,32000.0
