O^z,error,N,total_data
-0.1652731808878998,0.00045013443378403195,1000.0,28000.0
