O^z,error,N,total_data
-0.18451825283978837,0.0004795575809809265,1000.0,24000.0
