O^z,error,N,total_data
-0.3735939809141831,0.0019466435064749827,1000.0,1000.0
