O^z,error,N,total_data
-0.29510242216806265,0.0006343965269673208,1000.0,12000.0
