O^z,error,N,total_data
-0.21253241973175338,0.0005348900419285773,1000.0,20000.0
