O^z,error,N,total_data
-0.24560409993032567,0.0005831933598308057,1000.0,16000.0
