ZL,error,N
0.16632789180663424,0.0027922352209173084,1000.0
