ZL,error,N
0.12786045368047663,0.004019222945516182,1000.0
