ZL,error,N
0.11377926279371542,0.004294178811288958,1000.0
