ZL,error,N
0.07781641781155028,0.005199823889588834,1000.0
