ZL,error,N
0.14454592262300983,0.0035025125031569017,1000.0
