ZL,error,N
0.10406016057787942,0.004453335607815098,1000.0
