ZL,error,N
0.0891744104572304,0.005020429835566356,1000.0
