O^z,error,N,total_data
-0.4664099643324714,0.001717762169960786,1000.0,1000.0
