O^z,error,N,total_data
-0.3060706339836285,0.0004009364553875651,1000.0,32000.0
