O^z,error,N,total_data
-0.33651291865724364,0.00044002528267533803,1000.0,20000.0
