O^z,error,N,total_data
-0.32309102025595754,0.00042104158543080554,1000.0,24000.0
