O^z,error,N,total_data
-0.39475926618943996,0.0005148350206284674,1000.0,12000.0
