O^z,error,N,total_data
-0.3159143326704333,0.00039324682841708513,1000.0,28000.0
