O^z,error,N,total_data
-0.36025845117433963,0.0004439908419331742,1000.0,16000.0
