ZL,error,N
0.1847447847097669,0.0009395957807752881,10000.0
