ZL,error,N
0.18496388290680812,0.0009954921037291546,10000.0
