ZL,error,N
0.186633103414804,0.001064789770713192,10000.0
