ZL,error,N
0.18732876671648302,0.0007780978875862677,10000.0
