ZL,error,N
0.18477337240449435,0.0010305417817215265,10000.0
