ZL,error,N
0.1856350238432004,0.0008868569842538632,10000.0
