ZL,error,N
0.18713073002947525,0.0010990052471657897,10000.0
