ZL,error,N
-0.1174794581888606,0.0009525199993266234,10000.0
