ZL,error,N
-0.13138582482913316,0.0007204138433926498,8000.0
