ZL,error,N
-0.13076740510204393,0.0006454441138309808,10000.0
