ZL,error,N
-0.13138172110437404,0.0009150325563114266,5000.0
