ZL,error,N
-0.11218797658536928,0.0004356963236598294,10000.0
