ZL,error,N
-0.11204139226915602,0.0004862789611964218,8000.0
