ZL,error,N
-0.11217876808335814,0.0006070489055018069,5000.0
