ZL,error,N
-0.1181470354861625,0.0010640136011301443,8000.0
