ZL,error,N
-0.1176304140668146,0.0013477146494484742,5000.0
