ZL,error,N
-0.24586373107511994,0.0039042326700376964,1000.0
