ZL,error,N
-0.21116832449123832,0.00377584160014412,1000.0
