ZL,error,N
-0.13390599080111118,0.003831153199069459,1000.0
