ZL,error,N
-0.03671333754745668,0.003493024964095317,1000.0
