ZL,error,N
-0.17442295891798273,0.003778449708093772,1000.0
