ZL,error,N
-0.08966419486329086,0.0037152231190955127,1000.0
