ZL,error,N
0.02267113864626164,0.003040885955530187,1000.0
