ZL,error,N
-0.1232144578296017,0.0012727196049698627,1000.0
