ZL,error,N
-0.18219835603102735,0.001522177982027409,1000.0
