ZL,error,N
-0.2169091737219475,0.0039731538294443735,1000.0
