ZL,error,N
-0.2305409034212266,0.002368658978424826,1000.0
