ZL,error,N
-0.21498010458458933,0.0018837849717051225,1000.0
