ZL,error,N
-0.2295012804262088,0.0028754878407096576,1000.0
