ZL,error,N
-0.22684514829189206,0.0034285183935305746,1000.0
