ZL,error,N
0.052181442236921366,0.005145229583881739,1000.0
