ZL,error,N
0.037158919057772015,0.005407783038991979,1000.0
