ZL,error,N
0.0766734299617888,0.004612293376947077,1000.0
