ZL,error,N
0.15862348455431738,0.002811873062844695,1000.0
