ZL,error,N
0.13862601720035775,0.00349956190426108,1000.0
