ZL,error,N
0.11114184544307953,0.00400555170277869,1000.0
