ZL,error,N
0.0907576439674099,0.004413127377254441,1000.0
