O^z,error,N,total_data
-0.1603498264240493,0.00028814751530283414,1000.0,32000.0
