O^z,error,N,total_data
-0.41242971934777906,0.0029921509624314733,1000.0,1000.0
