O^z,error,N,total_data
-0.32098194919047746,0.0008063289969771311,1000.0,12000.0
