O^z,error,N,total_data
-0.200397445702313,0.00038249155895947077,1000.0,24000.0
