O^z,error,N,total_data
-0.1786946716307984,0.000330348360862018,1000.0,28000.0
