O^z,error,N,total_data
-0.2670461391338649,0.000590942943205372,1000.0,16000.0
