O^z,error,N,total_data
-0.22733957643171085,0.00048425376616185735,1000.0,20000.0
