O^z,error,N,total_data
-0.2563213190784171,0.0007369347909267401,1000.0,16000.0
