O^z,error,N,total_data
-0.30600572880211213,0.000926630287475743,1000.0,12000.0
