O^z,error,N,total_data
-0.3897265035298154,0.0033869829824419557,1000.0,1000.0
