O^z,error,N,total_data
-0.22264206210688617,0.0006212837087508315,1000.0,20000.0
