O^z,error,N,total_data
-0.16799712508219047,0.0004142513525880562,1000.0,32000.0
