O^z,error,N,total_data
-0.1803733758531054,0.0004656920755573977,1000.0,28000.0
