O^z,error,N,total_data
-0.19765802658998086,0.0005414981342058298,1000.0,24000.0
