ZL,error,N
0.04531108030969986,0.0021353088167326284,3000.0
