ZL,error,N
0.007747999787030276,0.002241947873733961,3000.0
