ZL,error,N
0.07134770927265542,0.0020031936886577488,3000.0
