ZL,error,N
-0.003628957148857328,0.002228086763996841,3000.0
