ZL,error,N
0.027929265536772788,0.0021962313897547947,3000.0
