ZL,error,N
0.016084628247424772,0.002213439281397128,3000.0
