ZL,error,N
-1.4584166138939077e-05,0.002244275851825983,3000.0
