ZL,error,N
0.09571037312285259,0.004787119033837895,1000.0
