ZL,error,N
0.10606507178636451,0.004598850596032493,1000.0
