ZL,error,N
0.1502604449528645,0.00341387893422364,1000.0
