ZL,error,N
0.16387059000316995,0.0028602626755458724,1000.0
