ZL,error,N
0.1358535143176787,0.0038389222206392567,1000.0
