ZL,error,N
0.11328811766897628,0.004359855056488982,1000.0
