ZL,error,N
0.12558586522141973,0.004102671182330854,1000.0
