O^z,error,N,total_data
-0.005190372291869114,0.00013656360631250444,999.0,63936.0
