O^z,error,N,total_data
-0.025528186649179024,0.00035810029554921187,1000.0,32000.0
