O^z,error,N,total_data
-0.07817959389900293,0.0002950613081212667,10000.0,160000.0
