O^z,error,N,total_data
-0.1156634621517842,0.0004151217051242714,10000.0,120000.0
