O^z,error,N,total_data
-0.0027803868342638188,9.068211352187912e-05,998.0,79840.0
