O^z,error,N,total_data
-0.04017282599797564,0.0005494601935945137,1000.0,24000.0
