O^z,error,N,total_data
-0.05583176590080495,0.00022219566390786725,10000.0,200000.0
