O^z,error,N,total_data
-0.010108646686859601,0.00020387785197247915,999.0,47952.0
