O^z,error,N,total_data
-0.1735057102923522,0.00011326915452771205,10000.0,320000.0
