O^z,error,N,total_data
-0.32041317871055475,0.00025653832377592995,10000.0,120000.0
