O^z,error,N,total_data
-0.20995921323346198,0.000454162351762523,1000.0,24000.0
