O^z,error,N,total_data
-0.2339781461937786,0.0005377467451316432,1000.0,20000.0
