O^z,error,N,total_data
-0.2694444166552588,0.0002027262453156576,10000.0,160000.0
