O^z,error,N,total_data
-0.40463389739501787,0.0009696147389475594,10000.0,10000.0
