O^z,error,N,total_data
-0.23477956399962613,0.0001687190391215098,10000.0,200000.0
