O^z,error,N,total_data
-0.20897550200019974,0.00014498585793821614,10000.0,240000.0
