O^z,error,N,total_data
-0.3206981085610637,0.000806520768875101,1000.0,12000.0
