O^z,error,N,total_data
-0.2696773032873558,0.0006249651118290359,1000.0,16000.0
