O^z,error,N,total_data
-0.18921113445652896,0.00012807743822024453,10000.0,280000.0
