O^z,error,N,total_data
-0.4058142543465203,0.003060253294061104,1000.0,1000.0
