O^z,error,N,total_data
-0.19046836847974805,0.0004055832793601776,1000.0,28000.0
