O^z,error,N,total_data
-0.17441449536515838,0.0003531047000058794,1000.0,32000.0
