O^z,error,N,total_data
-0.011381602498645074,0.0001500237890754429,1000.0,28000.0
