O^z,error,N,total_data
-0.17727712415495434,0.0030286006823603043,1000.0,1000.0
