O^z,error,N,total_data
-0.007622583129279649,0.00011077481456877321,1000.0,32000.0
