O^z,error,N,total_data
-0.0950725912783052,0.0006946375049859926,1000.0,12000.0
