O^z,error,N,total_data
-0.03206276511681494,0.0003157027315678302,1000.0,20000.0
