O^z,error,N,total_data
-0.05328852338698352,0.00045235986869640246,1000.0,16000.0
