O^z,error,N,total_data
-0.01820401782463321,0.0001961277241992284,1000.0,24000.0
