O^z,error,N,total_data
-0.0267319347563041,0.0003154236741077523,2998.0,71952.0
