O^z,error,N,total_data
-0.0556634991511543,0.0005384259914822994,2999.0,47984.0
