O^z,error,N,total_data
-0.14662361754007613,0.0018567897452551278,10000.0,10000.0
