O^z,error,N,total_data
-0.05454187757827307,0.000328453510835995,7998.0,127968.0
