O^z,error,N,total_data
-0.014316775119544718,0.00011861841925411871,9979.0,319328.0
