O^z,error,N,total_data
-0.025937725163242994,0.00017446540460531768,9994.0,239856.0
