O^z,error,N,total_data
-0.05434527744090115,0.0002943527943616278,9996.0,159936.0
