O^z,error,N,total_data
-0.014331465826714625,0.00013150519855243957,7987.0,255584.0
