O^z,error,N,total_data
-0.1513739272546363,0.0034139994337705243,3000.0,3000.0
