O^z,error,N,total_data
-0.025726059630999994,0.0001951798223798154,7995.0,191880.0
