O^z,error,N,total_data
-0.014410532860287779,0.00016472850628115347,4990.0,159680.0
