O^z,error,N,total_data
-0.014698683504719244,0.00021276213733015706,2996.0,95872.0
