O^z,error,N,total_data
-0.0016126704310507503,0.00016326820643951958,481.0,38480.0
