O^z,error,N,total_data
-0.002529273938415052,0.00021557080255874187,497.0,31808.0
