O^z,error,N,total_data
-0.05423520636119884,0.0004161451393483154,4999.0,79984.0
