O^z,error,N,total_data
-0.02639883625822924,0.0002470983846550204,4996.0,119904.0
