O^z,error,N,total_data
-0.148595332700023,0.002621836384988364,5000.0,5000.0
