O^z,error,N,total_data
-0.14628446619610058,0.0020753673335977977,8000.0,8000.0
