ZL,error,N
0.19246206603980445,0.0038244596118619375,1000.0
