ZL,error,N
0.44460099185423313,0.003573151151891717,1000.0
