ZL,error,N
-0.007943619493864506,0.002503065595102675,1000.0
