ZL,error,N
0.337667276467064,0.0037684077101785,1000.0
