ZL,error,N
0.2743853252569121,0.0037275699920527685,1000.0
