ZL,error,N
0.09643038656833436,0.0033733230992678176,1000.0
