ZL,error,N
0.40263318253777614,0.003526222665239971,1000.0
