ZL,error,N
-0.11377647456868484,0.0031995397997164675,1000.0
