ZL,error,N
-0.1534796482789333,0.003642982024716622,1000.0
