ZL,error,N
-0.02927971312567446,0.003062081172524493,1000.0
