ZL,error,N
-0.08162466456830135,0.003011970412132294,1000.0
