ZL,error,N
-0.1322257329622959,0.003181339977231187,1000.0
