ZL,error,N
-0.14598965077509485,0.003447482704737118,1000.0
