ZL,error,N
-0.15210196918021368,0.003913157030459456,1000.0
