O^z,error,N,total_data
-0.25136474011745824,0.0011014958199321583,1000.0,12000.0
