O^z,error,N,total_data
-0.14685022145592,0.0006506247962367455,1000.0,24000.0
