O^z,error,N,total_data
-0.20336635735029782,0.0008869135176653548,1000.0,16000.0
