O^z,error,N,total_data
-0.17338781363283678,0.0007544395958599192,1000.0,20000.0
