O^z,error,N,total_data
-0.1306520482765667,0.0005694469225337688,1000.0,28000.0
