O^z,error,N,total_data
-0.33471922487127775,0.004255367166616392,1000.0,1000.0
