O^z,error,N,total_data
-0.11721355518224398,0.0005159788308360334,1000.0,32000.0
