O^z,error,N,total_data
-0.0005720725452021574,0.0002442887445697529,477.0,30528.0
