O^z,error,N,total_data
-0.002755825883725577,0.00031958064399819535,488.0,23424.0
