O^z,error,N,total_data
-0.00045318062253997304,9.556468251875352e-05,925.0,74000.0
