ZL,error,N
0.03247290744497411,0.004840478628662196,915.0
