ZL,error,N
0.015689943924456044,0.0029996105212290866,995.0
