ZL,error,N
0.038151157508181724,0.004542658112736184,949.0
