ZL,error,N
0.02236926268327437,0.003382099143269264,993.0
