ZL,error,N
0.030230534870070127,0.0040334356490107914,964.0
