O^z,error,N,total_data
-0.016498739794849154,0.00011051542642046079,9995.0,319840.0
