O^z,error,N,total_data
-0.029880423781470756,0.0001872838999016001,7999.0,191976.0
