O^z,error,N,total_data
-0.15376633976808926,0.002027096482698999,8000.0,8000.0
