O^z,error,N,total_data
-0.05925813688876709,0.0003219522870232568,7999.0,127984.0
