O^z,error,N,total_data
-0.16126833120959913,0.0006446697770161608,1000.0,24000.0
