O^z,error,N,total_data
-0.12889847125855125,0.0005194637864908376,1000.0,32000.0
