O^z,error,N,total_data
-0.2639488459855021,0.001025515183678979,1000.0,12000.0
