O^z,error,N,total_data
-0.34776047812095706,0.0037276742789146998,1000.0,1000.0
