O^z,error,N,total_data
-0.21673720814877998,0.0008468606204632011,1000.0,16000.0
