O^z,error,N,total_data
-0.14462208812158053,0.0005692334025789138,1000.0,28000.0
