O^z,error,N,total_data
-0.18429551655458226,0.0007302186955663093,1000.0,20000.0
