ZL,error,N
0.28882538513687617,0.003516048339394091,1000.0
