ZL,error,N
0.41965623020934717,0.0031831982759553067,1000.0
