ZL,error,N
0.10386841201114709,0.0031251349656491157,1000.0
