ZL,error,N
0.2043113835055719,0.003500005650257563,1000.0
