ZL,error,N
-0.000763540242368059,0.0022009382909489385,1000.0
