ZL,error,N
0.35908319732341454,0.003216066802324543,1000.0
