ZL,error,N
0.4654416712220353,0.0029545703763255325,1000.0
