O^z,error,N,total_data
2.8705720573177363e-05,2.6457332788621663e-05,1.0,64.0
