O^z,error,N,total_data
4.203955954101115e-07,1.7953425174419697e-06,1.0,128.0
