O^z,error,N,total_data
-0.00025097222997780294,0.00015575541686057467,1.0,16.0
