O^z,error,N,total_data
-8.003461718057047e-05,9.861497730588507e-05,1.0,32.0
