ZL,error,N
0.007509390815328952,0.0007649464238486054,7998.0
