ZL,error,N
0.003402468954802272,0.0007302637198880652,7993.0
