ZL,error,N
0.0041451058610229834,0.0006824233809034074,9978.0
