ZL,error,N
0.02019959383634812,0.0008604409592246791,8000.0
