ZL,error,N
0.1662189017884519,0.0030456571158301677,1000.0
