ZL,error,N
0.15974549770084326,0.003151561444586062,1000.0
