ZL,error,N
0.17220156316980229,0.0026687735770112597,1000.0
