ZL,error,N
0.1578544328856708,0.003470419364702579,1000.0
