ZL,error,N
0.15277054691974293,0.0036105120619401385,1000.0
