ZL,error,N
0.15901752253233956,0.0033086664933887127,1000.0
