ZL,error,N
0.15143373316018632,0.003581197944470989,1000.0
