O^z,error,N,total_data
-0.11077237437963673,0.0007845119972584685,1000.0,16000.0
