O^z,error,N,total_data
-0.045498579060594,0.0003853335894728482,1000.0,28000.0
