O^z,error,N,total_data
-0.03595189614589432,0.0003336987830685368,1000.0,32000.0
