O^z,error,N,total_data
-0.2447919998228572,0.004196318413605541,1000.0,1000.0
