O^z,error,N,total_data
-0.05963492473702773,0.00047452870655565854,1000.0,24000.0
