O^z,error,N,total_data
-0.08126219528598558,0.0006114631353256694,1000.0,20000.0
