O^z,error,N,total_data
-0.15950714438926855,0.0010501152362222428,1000.0,12000.0
