O^z,error,N,total_data
-0.1986450621949682,0.003958074866178643,1000.0,1000.0
