O^z,error,N,total_data
-0.021886458709431823,0.00025631925380242246,1000.0,28000.0
