O^z,error,N,total_data
-0.04891984933915715,0.00048423976911461674,1000.0,20000.0
