O^z,error,N,total_data
-0.11719259374211932,0.0009496919023473387,1000.0,12000.0
