O^z,error,N,total_data
-0.015999790970181053,0.0002135170733928456,1000.0,32000.0
