O^z,error,N,total_data
-0.0740088350572323,0.0006643315250437847,1000.0,16000.0
