O^z,error,N,total_data
-0.03175374907847583,0.0003414075063926827,1000.0,24000.0
