O^z,error,N,total_data
0.0006204557024261508,2.460441308644537e-05,998.0,127744.0
