O^z,error,N,total_data
0.003709319320792473,7.520829990092612e-05,1000.0,64000.0
