O^z,error,N,total_data
-0.2514827490624714,0.0002378809075212813,10000.0,160000.0
