O^z,error,N,total_data
-0.30133453913007097,0.00029927257011623087,10000.0,120000.0
