O^z,error,N,total_data
-0.16112265675772042,0.0001304393380603642,10000.0,320000.0
