O^z,error,N,total_data
-0.17585729061539052,0.00014649434309685157,10000.0,280000.0
