O^z,error,N,total_data
-0.3817980225313265,0.0011332546375572114,10000.0,10000.0
