O^z,error,N,total_data
-0.2182353797107624,0.00019653744370238223,10000.0,200000.0
