O^z,error,N,total_data
-0.19402018750167363,0.00016815915917293061,10000.0,240000.0
