ZL,error,N
0.013195383602959772,0.0018533327822140425,1000.0
