ZL,error,N
-0.1912868505033133,0.003472532773375607,1000.0
