ZL,error,N
-0.3360928659388563,0.004678517011294066,1000.0
