ZL,error,N
-0.12909083224728696,0.0029946310250680915,1000.0
