ZL,error,N
-0.29445639483738584,0.00455701256362557,1000.0
