ZL,error,N
-0.2422249123714429,0.004103483008502178,1000.0
