ZL,error,N
-0.060481148529623684,0.002483768418380551,1000.0
