O^z,error,N,total_data
-0.21827847782655718,0.0005135137779454492,3000.0,48000.0
