O^z,error,N,total_data
-0.18776367730739252,0.0004264854018331001,3000.0,60000.0
