O^z,error,N,total_data
-0.14529650277489617,0.0003206012373812396,3000.0,84000.0
