O^z,error,N,total_data
-0.13340280316312414,0.00028357789508452665,3000.0,96000.0
