O^z,error,N,total_data
-0.07981441512995047,0.000275727308565676,1000.0,64000.0
