O^z,error,N,total_data
-0.06654283878617304,0.00022333322686224084,1000.0,80000.0
