O^z,error,N,total_data
-0.0999428685445039,0.00034793384347946274,1000.0,48000.0
