O^z,error,N,total_data
-0.16410868403353226,0.00036285794952981395,3000.0,72000.0
