O^z,error,N,total_data
-0.26618190098911776,0.0006372742984074194,3000.0,36000.0
