O^z,error,N,total_data
-0.3523868010779905,0.002454348509735965,3000.0,3000.0
