O^z,error,N,total_data
-0.11369751158883512,0.00041083889890347164,1000.0,40000.0
