O^z,error,N,total_data
-0.12334564597035359,0.0004533679962045641,1000.0,36000.0
