O^z,error,N,total_data
-0.10519500479781904,0.00037543672701774374,1000.0,44000.0
