O^z,error,N,total_data
-0.15505759696553215,0.0075656354795650745,1.0,28.0
