O^z,error,N,total_data
-0.259831505884329,0.009762833818579618,1.0,16.0
