O^z,error,N,total_data
-0.17443440417430248,0.009423125336370543,1.0,24.0
