O^z,error,N,total_data
-0.12683360928735624,0.005560732731153516,1.0,32.0
