O^z,error,N,total_data
-0.2172032336832857,0.009769513617989146,1.0,20.0
