O^z,error,N,total_data
-0.3110968614303071,0.009237556306024448,1.0,12.0
