O^z,error,N,total_data
-0.048122642726180775,0.0006082504697750642,1000.0,24000.0
