O^z,error,N,total_data
-0.09034625200482313,0.0009988904490799123,1000.0,16000.0
