O^z,error,N,total_data
-0.20058728484381572,0.006073782331695626,1000.0,1000.0
