O^z,error,N,total_data
-0.031017571835548166,0.0004180790798970601,1000.0,32000.0
