ZL,error,N
0.0014875221164954299,0.001561496251144696,3000.0
