ZL,error,N
0.01574883824857016,0.0008678393051937002,10000.0
