ZL,error,N
0.004958657066263968,0.0011804173779416725,5000.0
