ZL,error,N
0.015781518417385867,0.0016049211882746513,3000.0
