ZL,error,N
0.005769369028892605,0.0012558507856471014,5000.0
