ZL,error,N
0.0014231039882142253,0.001208469482597865,4999.0
