ZL,error,N
0.004986682333407499,0.0009264624611352721,8000.0
