ZL,error,N
0.00516679606796518,0.0009868904708004124,7997.0
