ZL,error,N
0.004259264775683049,0.0015214478891106189,3000.0
