ZL,error,N
0.004644381710917521,0.0008822003308143192,9996.0
