ZL,error,N
0.0058635669921705234,0.0016242923598375177,3000.0
