ZL,error,N
0.0009624920954200432,0.0009566419595237917,7999.0
