ZL,error,N
0.004758950010864254,0.000831001134850278,10000.0
