ZL,error,N
0.0166426345257655,0.001231436789593306,5000.0
