ZL,error,N
0.016103647757736348,0.0009747676145498847,8000.0
