ZL,error,N
0.0008788517707386138,0.000851497829379911,9998.0
