O^z,error,N,total_data
-0.37801139955981095,0.0035928277661984366,1000.0,1000.0
