O^z,error,N,total_data
-0.18161783486020008,0.0005372294286069409,1000.0,28000.0
