O^z,error,N,total_data
-0.1704921484044702,0.00048046670270873845,1000.0,32000.0
