O^z,error,N,total_data
-0.29639951762611805,0.0009687121050508285,1000.0,12000.0
