O^z,error,N,total_data
-0.21896577264745748,0.0006953334387351253,1000.0,20000.0
