O^z,error,N,total_data
-0.1992044470263278,0.0005899409581933744,1000.0,24000.0
