O^z,error,N,total_data
-0.24882612699812778,0.0007968166413046281,1000.0,16000.0
