O^z,error,N,total_data
-0.27427341095915714,0.0005713933121692479,1000.0,16000.0
