O^z,error,N,total_data
-0.42094582601762687,0.002922277179937503,1000.0,1000.0
