O^z,error,N,total_data
-0.2096477689077663,0.00040854007777773633,1000.0,24000.0
