O^z,error,N,total_data
-0.1706838321969637,0.0003117127298750307,1000.0,32000.0
