O^z,error,N,total_data
-0.187904744124686,0.00035511123545766473,1000.0,28000.0
