O^z,error,N,total_data
-0.32910336435174004,0.0007247682683358221,1000.0,12000.0
