O^z,error,N,total_data
-0.23763116603367518,0.0004775528729289425,1000.0,20000.0
