ZL,error,N
0.1278047015274503,0.004502751836632571,1000.0
