ZL,error,N
0.1370135427200457,0.003976242891011144,1000.0
