ZL,error,N
0.1328458051494671,0.004197502228086532,1000.0
