ZL,error,N
0.15169314899436384,0.0036181578033831372,1000.0
