ZL,error,N
0.17173621397431377,0.002787462303654864,1000.0
