ZL,error,N
0.16049854697298482,0.00314499860836174,1000.0
