ZL,error,N
0.1422828645251959,0.0038274504183565734,1000.0
