O^z,error,N,total_data
-0.37798242597652976,0.0038142967829217157,1000.0,1000.0
