O^z,error,N,total_data
-0.17349963360950788,0.00047028502643045545,1000.0,28000.0
