O^z,error,N,total_data
-0.18993618598984932,0.0005463656016698332,1000.0,24000.0
