O^z,error,N,total_data
-0.21512061158293938,0.0006403534691212677,1000.0,20000.0
