O^z,error,N,total_data
-0.2480803400033171,0.0007689553507620914,1000.0,16000.0
