O^z,error,N,total_data
-0.15790393848670325,0.00042168377068544743,1000.0,32000.0
