O^z,error,N,total_data
-0.29788858199366736,0.0009579232167722634,1000.0,12000.0
