O^z,error,N,total_data
-0.02231279464998186,0.00018300390439981914,1000.0,16000.0
