O^z,error,N,total_data
-0.0054131533239371345,0.00010951911128658903,1000.0,24000.0
