O^z,error,N,total_data
-0.0018958447696151588,5.3519319616024416e-05,1000.0,32000.0
