O^z,error,N,total_data
-0.010401593159774361,0.00014426671778400757,1000.0,20000.0
