O^z,error,N,total_data
-0.0027108641680320773,7.374064416984913e-05,1000.0,28000.0
