O^z,error,N,total_data
-0.13785858778036328,0.001157232286650111,1000.0,1000.0
