O^z,error,N,total_data
-0.05329746141955516,0.0002521293450620132,1000.0,12000.0
