O^z,error,N,total_data
0.07340200263760481,0.0030216103569757607,1000.0,1000.0
