O^z,error,N,total_data
-0.024263424861777447,0.00023383903634320837,4995.0,119880.0
