O^z,error,N,total_data
-0.051504590836189294,0.00032354029245715445,7999.0,127984.0
