O^z,error,N,total_data
-0.14515384862394753,0.003332091390961227,3000.0,3000.0
