O^z,error,N,total_data
-0.14140298998903367,0.0020591229954463612,8000.0,8000.0
