O^z,error,N,total_data
-0.01285314307125816,0.00011565275585709649,9978.0,319296.0
