O^z,error,N,total_data
-0.05181507329540072,0.0005283945408438114,2999.0,47984.0
