O^z,error,N,total_data
-0.051545630736139304,0.00040986958509685317,4999.0,79984.0
