O^z,error,N,total_data
-0.024724160453503643,0.00018813466971563344,7991.0,191784.0
