O^z,error,N,total_data
-0.013481798606855359,0.00016803062850068032,4989.0,159648.0
