O^z,error,N,total_data
-0.14303509729074204,0.002579071620281027,5000.0,5000.0
