O^z,error,N,total_data
-0.1420792501551521,0.001838910569299928,10000.0,10000.0
