O^z,error,N,total_data
-0.024790005535978318,0.0002983803813761925,2997.0,71928.0
