O^z,error,N,total_data
-0.013893732241946365,0.00021634452177245837,2995.0,95840.0
