O^z,error,N,total_data
-0.05120054453710406,0.0002912954089493723,9999.0,159984.0
