O^z,error,N,total_data
-0.02475076440014561,0.00016808823082204612,9988.0,239712.0
