O^z,error,N,total_data
-0.0127810887480436,0.00012933472298622237,7984.0,255488.0
