O^z,error,N,total_data
-0.15708321695109875,0.0003086108450526586,2000.0,88000.0
