O^z,error,N,total_data
-0.18665019881607745,0.000497629801953226,1000.0,32000.0
