O^z,error,N,total_data
-0.1742318924637366,0.00047430470377761766,1000.0,36000.0
