O^z,error,N,total_data
-0.1504119953044085,0.00040992415807948287,1000.0,48000.0
