O^z,error,N,total_data
-0.19786175303641515,0.0005182201208935922,1000.0,28000.0
