O^z,error,N,total_data
-0.17345990341253162,0.0003409962526046013,2000.0,72000.0
