O^z,error,N,total_data
-0.16191757406600377,0.0003202965326101383,2000.0,80000.0
