O^z,error,N,total_data
-0.3075680901094964,0.0007522267718531518,1000.0,12000.0
