O^z,error,N,total_data
-0.15195462210619232,0.00029267324282984447,2000.0,96000.0
