O^z,error,N,total_data
-0.23459841082181732,0.000608641872107323,1000.0,20000.0
