O^z,error,N,total_data
-0.15634471979115658,0.000428979546066054,1000.0,44000.0
