O^z,error,N,total_data
-0.16053465890574378,0.00044350540260616034,1000.0,40000.0
