O^z,error,N,total_data
0.03401762941386047,0.002388056861233113,999.0,999.0
