O^z,error,N,total_data
0.0038917323850409906,0.00016676149974354396,999.0,23976.0
