O^z,error,N,total_data
0.009483290539746642,0.00030804752756044145,999.0,15984.0
