O^z,error,N,total_data
0.0015069363232048157,9.306151733136539e-05,995.0,31840.0
