O^z,error,N,total_data
-0.18978397039692327,0.00037177196698649285,1000.0,28000.0
