O^z,error,N,total_data
-0.23617832054744198,0.0005169416308164683,1000.0,20000.0
