O^z,error,N,total_data
-0.1739628958692191,0.00033445501747643154,1000.0,32000.0
