O^z,error,N,total_data
-0.3271492258062105,0.0007728872452294628,1000.0,12000.0
