ZL,error,N
-0.24486200167805705,0.0020987864880541315,1000.0
