ZL,error,N
-0.072601654721552,0.001471638409180049,1000.0
