ZL,error,N
-0.3619125848522389,0.0026145100002285333,1000.0
