ZL,error,N
-0.3098385421300524,0.002358594600683692,1000.0
