ZL,error,N
-0.4095078408735251,0.0030465815235346176,1000.0
