ZL,error,N
-0.16628992846642118,0.0018827136580905012,1000.0
