ZL,error,N
-0.44758869520708505,0.0033297371771381554,1000.0
