ZL,error,N
-0.18480140739268444,0.001814346164890981,1000.0
