ZL,error,N
-0.09109454478287894,0.0014149306776083082,1000.0
