ZL,error,N
-0.3223546050059157,0.002415601870874837,1000.0
