ZL,error,N
-0.37462353816194444,0.002553672287675012,1000.0
