ZL,error,N
-0.4158996653521805,0.0031546525010960466,1000.0
