ZL,error,N
-0.4530183243377964,0.0031433342901698393,1000.0
