ZL,error,N
-0.2602309103862585,0.0021012912925781418,1000.0
