ZL,error,N
0.20102537112877494,0.0029301934948077492,1000.0
