ZL,error,N
0.20203678151453514,0.003209243185949552,1000.0
