ZL,error,N
0.20046060531014992,0.00233334620203471,1000.0
