ZL,error,N
0.19800254961624103,0.0027192055226511022,1000.0
