ZL,error,N
0.19982742787166285,0.0036246324561579482,1000.0
