ZL,error,N
0.19940036998081792,0.0036970261408945954,1000.0
