ZL,error,N
0.20241571518386,0.0033634925253602736,1000.0
