O^z,error,N,total_data
-0.019242406303209825,0.0017263313330112794,1.0,12.0
