O^z,error,N,total_data
0.001545943402851116,0.0017403174718167939,1.0,28.0
