O^z,error,N,total_data
-0.0032793727921943336,0.0013622853884365737,1.0,16.0
