O^z,error,N,total_data
0.0012143480652359237,0.0008135545282638115,1.0,32.0
