O^z,error,N,total_data
0.0005220348069575267,0.0005877850453737237,1.0,24.0
