O^z,error,N,total_data
-0.0006212207047576596,0.001989904669420672,1.0,20.0
