ZL,error,N
0.041046520831165806,0.002952220910740982,1000.0
