ZL,error,N
0.006404757535617534,0.0024766759189108977,1000.0
