ZL,error,N
0.016631773508276153,0.002560120522755624,1000.0
