ZL,error,N
0.00515023485768353,0.002483800061229457,999.0
