ZL,error,N
-0.07190017442641682,0.0037810728824885192,1000.0
