ZL,error,N
-0.20294044875707953,0.004202291177216721,1000.0
