ZL,error,N
-0.24701654555615143,0.004297535177445304,1000.0
