ZL,error,N
0.04001358139223857,0.0028689811001485406,1000.0
