ZL,error,N
-0.016238425430220808,0.0034849011118332947,1000.0
