ZL,error,N
-0.11958585617512696,0.004135699443359745,1000.0
