ZL,error,N
-0.16101033066223192,0.004091153441962971,1000.0
