O^z,error,N,total_data
-0.02787935275363947,0.00030282497972235623,1000.0,24000.0
