O^z,error,N,total_data
-0.06815873676504852,0.0005928859428565857,1000.0,16000.0
