O^z,error,N,total_data
-0.04321985053757579,0.000425106835115364,1000.0,20000.0
