O^z,error,N,total_data
-0.019215154766534626,0.00022907343840041877,1000.0,28000.0
