O^z,error,N,total_data
-0.013076489668025751,0.0001750852523914821,1000.0,32000.0
