O^z,error,N,total_data
-0.19413594435964765,0.0036852472558448674,1000.0,1000.0
