O^z,error,N,total_data
-0.11251454186775718,0.0008895506278779283,1000.0,12000.0
