O^z,error,N,total_data
0.05150880554292707,0.0006008736625753439,1000.0,16000.0
