O^z,error,N,total_data
0.10601868791695367,0.0033013825210399667,1000.0,1000.0
