O^z,error,N,total_data
0.01777389009339552,0.0002531226939261397,1000.0,32000.0
