O^z,error,N,total_data
0.029564151043064108,0.00037728067179768483,1000.0,24000.0
