ZL,error,N
0.18288377549669158,0.004448591349131691,1000.0
