ZL,error,N
0.05165604723179753,0.004020965114633188,1000.0
