ZL,error,N
-0.021990412292873983,0.00321290995322189,1000.0
