ZL,error,N
-0.0730867205864037,0.0018466101147120472,1000.0
