ZL,error,N
0.2881640423739144,0.004567262447017094,1000.0
