ZL,error,N
0.11814756586746726,0.004429983609156238,1000.0
