ZL,error,N
0.24259009627769593,0.004461934283720923,1000.0
