ZL,error,N
0.43554338905271833,0.002113025615003084,1000.0
