ZL,error,N
0.18483461849281446,0.0017278510701516042,1000.0
