ZL,error,N
0.26453310376187933,0.0020342410849571247,1000.0
