ZL,error,N
0.389695173103371,0.0021795927055247785,1000.0
