ZL,error,N
0.08718480497274146,0.0013374117116963927,1000.0
