ZL,error,N
0.33247646524056634,0.002062726725817898,1000.0
