ZL,error,N
-0.019581736201875796,0.0007665176454805096,1000.0
