O^z,error,N,total_data
-0.22397318932730675,0.0006174999500720317,1000.0,20000.0
