O^z,error,N,total_data
-0.30616172843732886,0.000916096811753267,1000.0,12000.0
