O^z,error,N,total_data
-0.3866068857924757,0.0034507318572050854,1000.0,1000.0
