O^z,error,N,total_data
-0.1817933792334285,0.0004678103450165529,1000.0,28000.0
