O^z,error,N,total_data
-0.16783784154839446,0.00042063622122151713,1000.0,32000.0
