O^z,error,N,total_data
-0.2564575370322517,0.0007320825961464812,1000.0,16000.0
