O^z,error,N,total_data
-0.19933402597749575,0.0005291994969395302,1000.0,24000.0
