O^z,error,N,total_data
-0.34712390125591874,0.011686302511816706,1.0,20.0
