O^z,error,N,total_data
-0.32859813711877534,0.00914603917725252,1.0,24.0
