O^z,error,N,total_data
-0.36890145656385276,0.010660117323601469,1.0,16.0
