O^z,error,N,total_data
-0.30839003925197356,0.0073551328616172406,1.0,32.0
