O^z,error,N,total_data
-0.29826019034760454,0.0054719178000750155,1.0,48.0
