O^z,error,N,total_data
-0.3197714040255738,0.007967772886707282,1.0,28.0
