O^z,error,N,total_data
-0.4087538055960396,0.013113955961132089,1.0,12.0
