O^z,error,N,total_data
-0.29218828934442437,0.002785567437839026,1.0,128.0
