O^z,error,N,total_data
-0.2967075602232445,0.0039026378178897113,1.0,64.0
