O^z,error,N,total_data
-0.1451428576190578,0.0008117096490865136,1000.0,16000.0
