O^z,error,N,total_data
-0.2810241733062274,0.003826871532146628,1000.0,1000.0
