O^z,error,N,total_data
-0.05874748661345742,0.000400274708987932,1000.0,32000.0
