O^z,error,N,total_data
-0.19561114577040015,0.0010285833626574668,1000.0,12000.0
