O^z,error,N,total_data
-0.11291374777736851,0.0006616574714527671,1000.0,20000.0
