O^z,error,N,total_data
-0.08707316115801265,0.0005452362105566559,1000.0,24000.0
