O^z,error,N,total_data
-0.0711063084314387,0.00045847929970756673,1000.0,28000.0
