ZL,error,N
0.04044272840666928,0.00978305770692389,1000.0
