ZL,error,N
0.10383778431681398,0.009688086942721922,1000.0
