ZL,error,N
-0.03334295380608272,0.00961957432146783,1000.0
