ZL,error,N
-0.17704945980260223,0.007693103877156893,1000.0
