ZL,error,N
-0.0754656713366625,0.00935782689968301,1000.0
