ZL,error,N
-0.1150453923950007,0.009128434820552561,1000.0
