ZL,error,N
0.23563778870467939,0.0017233447214261256,1000.0
