ZL,error,N
0.27202848838855986,0.00248564231708891,1000.0
