ZL,error,N
0.26211624714699944,0.0022700761705075757,1000.0
