ZL,error,N
0.2900044469878948,0.002764733087091278,1000.0
