ZL,error,N
0.24818909483976556,0.002061140387529362,1000.0
