ZL,error,N
0.2817984949368633,0.002598281515424172,1000.0
