ZL,error,N
0.29408170217593776,0.003036325918256201,1000.0
