O^z,error,N,total_data
0.017626408077162647,0.0003935364871721237,1000.0,16000.0
