O^z,error,N,total_data
0.05351274797399127,0.0027141379034094056,1000.0,1000.0
