O^z,error,N,total_data
0.003969964267204302,0.00013468194026562197,1000.0,32000.0
