O^z,error,N,total_data
0.007910557267694325,0.00021304395468449368,1000.0,24000.0
