ZL,error,N
0.008999788712172711,0.004685036842994339,467.0
