ZL,error,N
0.023755797250473352,0.005173539602790423,444.0
