ZL,error,N
0.012476765803566287,0.00373046194844098,848.0
