O^z,error,N,total_data
-0.21620666116306658,0.00038719789129643676,1000.0,28000.0
