O^z,error,N,total_data
-0.2947645025649909,0.0005759388907575828,1000.0,16000.0
