O^z,error,N,total_data
-0.43465978185608467,0.0024633835980406374,1000.0,1000.0
