O^z,error,N,total_data
-0.34315043565991066,0.0007305909632717289,1000.0,12000.0
