O^z,error,N,total_data
-0.23576315654311034,0.00042134370015854005,1000.0,24000.0
