O^z,error,N,total_data
-0.26298589769750447,0.000489933727658856,1000.0,20000.0
