O^z,error,N,total_data
-0.20258627968755477,0.0003601675982031401,1000.0,32000.0
