ZL,error,N
0.2856478439648665,0.0035726961098887632,1000.0
