ZL,error,N
0.3956466617706149,0.003422699846102252,1000.0
