ZL,error,N
0.04421827908692282,0.0030480857804098334,1000.0
