ZL,error,N
-0.04239915794410135,0.001912304816647472,1000.0
