ZL,error,N
0.13531190427938591,0.0035928171472241334,1000.0
