ZL,error,N
0.21776983933288846,0.0036641353820920874,1000.0
