ZL,error,N
0.34957885031472735,0.0035199609062268266,1000.0
