O^z,error,N,total_data
-0.027876714268326,0.0002758023844913028,1000.0,24000.0
