O^z,error,N,total_data
-0.0193266640820365,0.00022121959058114352,1000.0,28000.0
