O^z,error,N,total_data
-0.06966631439434487,0.0005585974051175991,1000.0,16000.0
