O^z,error,N,total_data
-0.012915982384531854,0.00016233722731469986,1000.0,32000.0
