O^z,error,N,total_data
-0.1142395111381987,0.0008157888508478028,1000.0,12000.0
