O^z,error,N,total_data
-0.04404142716478453,0.0004058802825683254,1000.0,20000.0
