O^z,error,N,total_data
-0.1981776852062405,0.003432356796507546,1000.0,1000.0
