O^z,error,N,total_data
-0.07980206168655757,0.00047936405173806666,1000.0,20000.0
