O^z,error,N,total_data
-0.17005722778023336,0.0007854685749451053,1000.0,12000.0
