O^z,error,N,total_data
-0.029371805862048128,0.00022659314991244496,1000.0,32000.0
