O^z,error,N,total_data
-0.04132475652776003,0.0002897916352424576,1000.0,28000.0
