ZL,error,N
0.0017592695988777128,0.0012238494278086528,4998.0
