ZL,error,N
0.003913845076546282,0.000933760548139153,7999.0
