ZL,error,N
0.004017438352519426,0.0011911708381220174,4999.0
