ZL,error,N
0.012910688022032645,0.0016059705290841582,3000.0
