ZL,error,N
0.0005211839913062186,0.0008652490978420324,9997.0
