ZL,error,N
0.013318348717427366,0.000973370145659477,8000.0
