ZL,error,N
0.003919138826951984,0.0010217646570062173,7998.0
