ZL,error,N
0.0032798176670596917,0.0015531507075381688,3000.0
