ZL,error,N
0.013693051465146712,0.0012303913762870152,5000.0
