ZL,error,N
0.013219983865257984,0.0008654121152841525,10000.0
