ZL,error,N
0.0035083615869029986,0.0016770201958566538,3000.0
