ZL,error,N
0.0003037945932794548,0.0009679795555993802,7998.0
