ZL,error,N
0.004226531859138564,0.0012959049442648372,5000.0
