ZL,error,N
0.0015029901026440064,0.0015930494429796508,2999.0
