ZL,error,N
0.003744270107659028,0.0009101688039750203,9998.0
