ZL,error,N
0.0038762695149078498,0.0008364487077361425,9999.0
