O^z,error,N,total_data
-0.21942064391637098,0.000403053941805783,1000.0,28000.0
