O^z,error,N,total_data
-0.2049323075172153,0.00036245255843337276,1000.0,32000.0
