O^z,error,N,total_data
-0.2606513783180934,0.0005155595841735342,1000.0,20000.0
