O^z,error,N,total_data
-0.34031476333477845,0.0007386676440865514,1000.0,12000.0
