O^z,error,N,total_data
-0.42940257094923373,0.0026888204667519684,1000.0,1000.0
