O^z,error,N,total_data
-0.29174239414175485,0.0005939709127407867,1000.0,16000.0
