O^z,error,N,total_data
-0.23569019688982562,0.00044276005075236466,1000.0,24000.0
