ZL,error,N
0.005984380051488039,0.0035904480653350837,473.0
