ZL,error,N
0.005396472331094591,0.003851497093403892,463.0
