O^z,error,N,total_data
-0.2137280444364998,0.00388045047521557,1000.0,1000.0
