O^z,error,N,total_data
-0.12949592449356626,0.0009510713951732601,1000.0,12000.0
