O^z,error,N,total_data
-0.08383197118921394,0.0006668385762032344,1000.0,16000.0
