O^z,error,N,total_data
-0.056220816947385274,0.0004984306006333675,1000.0,20000.0
