O^z,error,N,total_data
-0.020144229328393153,0.00023027580204051245,1000.0,32000.0
