O^z,error,N,total_data
-0.03728691034963059,0.0003507510283336687,1000.0,24000.0
