O^z,error,N,total_data
-0.028039378496567263,0.000289781640990126,1000.0,28000.0
