O^z,error,N,total_data
-0.20066328207092368,0.00034515752075004526,3000.0,72000.0
