O^z,error,N,total_data
-0.1984404927023594,0.0005988927186509462,1000.0,24000.0
