O^z,error,N,total_data
-0.16729509668811066,0.0005153913970593392,1000.0,32000.0
