O^z,error,N,total_data
-0.2008066900930623,0.00018824476470881752,10000.0,240000.0
