O^z,error,N,total_data
-0.22082890082976836,0.000650817784813737,1000.0,20000.0
