O^z,error,N,total_data
-0.17056026223522802,0.00029898923423992216,3000.0,96000.0
