O^z,error,N,total_data
-0.11133316784561177,0.000343359104812544,1000.0,64000.0
