O^z,error,N,total_data
-0.18460280238919458,0.0003169285178207553,3000.0,84000.0
