O^z,error,N,total_data
-0.15633018108615546,0.000484012694796643,1000.0,36000.0
