O^z,error,N,total_data
-0.15885688308179832,0.00028082509585637455,3000.0,108000.0
