O^z,error,N,total_data
-0.22173199512705125,0.00020832806796145968,10000.0,200000.0
