O^z,error,N,total_data
-0.14933098311931797,0.00026358318792644287,3000.0,120000.0
