O^z,error,N,total_data
-0.1700816529883684,0.00016353228692452546,10000.0,320000.0
