O^z,error,N,total_data
-0.1816987591647479,0.0005402186802882784,1000.0,28000.0
