O^z,error,N,total_data
-0.37437072602833743,0.0029329446560334683,1000.0,1000.0
