O^z,error,N,total_data
-0.06539579460129483,0.00021973031616879136,1000.0,128000.0
