O^z,error,N,total_data
-0.1411584431478989,0.0002497658309772975,3000.0,132000.0
