O^z,error,N,total_data
-0.13666155191145274,0.00023716536852902323,3000.0,144000.0
