O^z,error,N,total_data
-0.25072865833071045,0.0007369651260463566,1000.0,16000.0
