O^z,error,N,total_data
-0.221285179656521,0.00037915677568324465,3000.0,60000.0
