O^z,error,N,total_data
-0.06763167133976372,0.00048169286722403275,200.0,25600.0
