O^z,error,N,total_data
-0.13278894101153868,0.0004048315799498372,1000.0,48000.0
