O^z,error,N,total_data
-0.2516351839257537,0.00042444155053102605,3000.0,48000.0
