O^z,error,N,total_data
-0.14445785170048292,0.00045009748992896025,1000.0,40000.0
