O^z,error,N,total_data
-0.1387354499485118,0.0004208938214163223,1000.0,44000.0
