O^z,error,N,total_data
-0.29596381657767173,0.0008251625890239787,1000.0,12000.0
