O^z,error,N,total_data
-0.18413047514590333,0.00017359636201905095,10000.0,280000.0
