ZL,error,N
-0.1492149851096819,0.004025829960881443,1000.0
