ZL,error,N
-0.21708407182679723,0.004282743217185473,1000.0
