ZL,error,N
0.039847581090261056,0.003077607981181591,1000.0
