ZL,error,N
-0.10993013612822121,0.004071044229457742,1000.0
