ZL,error,N
-0.06478424705828982,0.003958659621046788,1000.0
