ZL,error,N
-0.014292361373104188,0.0035745897200155485,1000.0
