ZL,error,N
-0.18634503076488074,0.004193553949731648,1000.0
