O^z,error,N,total_data
0.00220315651870119,6.232623964489323e-05,1000.0,64000.0
