O^z,error,N,total_data
0.010704416572568364,0.00019908163776311165,1000.0,32000.0
