O^z,error,N,total_data
0.018884690020174153,0.00030942848207365746,1000.0,24000.0
