O^z,error,N,total_data
0.08583638350309243,0.003137626953576524,1000.0,1000.0
