O^z,error,N,total_data
0.037061715151310355,0.0005277190367291853,1000.0,16000.0
