O^z,error,N,total_data
0.00034276835251256614,1.7976561196964864e-05,993.0,127104.0
