O^z,error,N,total_data
-0.24374102722751678,0.0007289532521340926,1000.0,12000.0
