O^z,error,N,total_data
-0.19183178414244637,0.0006574503890018407,1000.0,16000.0
