O^z,error,N,total_data
-0.12277162491729128,0.00047976059361591616,1000.0,24000.0
