O^z,error,N,total_data
-0.10049836897945527,0.000422485021765877,1000.0,28000.0
