O^z,error,N,total_data
-0.33366082412375525,0.002412945660456931,1000.0,1000.0
