O^z,error,N,total_data
-0.1501979760735418,0.0005586539828072891,1000.0,20000.0
