O^z,error,N,total_data
-0.08444449270412235,0.0003887038159124995,1000.0,32000.0
