ZL,error,N
0.012896197765514952,0.0025858378057004657,1000.0
