ZL,error,N
0.48131887761268954,0.003227393053511596,1000.0
