ZL,error,N
0.125627511065807,0.0033339552828060438,1000.0
