ZL,error,N
0.4359637608432331,0.003348013504869175,1000.0
