ZL,error,N
0.37694528949869227,0.0034795553567945003,1000.0
