ZL,error,N
0.22610758290108296,0.0036697470045477885,1000.0
