ZL,error,N
0.3100261003777115,0.0035584311820763812,1000.0
