ZL,error,N
0.0256635377997719,0.005219341488448268,484.0
