ZL,error,N
0.02259014839649094,0.005527543534861085,480.0
