ZL,error,N
0.013082187436344877,0.003856428411383554,921.0
