O^z,error,N,total_data
-0.03370006644727944,0.00021227148645048277,1000.0,64000.0
