O^z,error,N,total_data
-0.05069506649371225,0.00031054738831519277,1000.0,48000.0
