O^z,error,N,total_data
-0.02298703904600611,0.0001615590518902262,1000.0,80000.0
