O^z,error,N,total_data
-0.11187284246260444,0.0006450364845653636,1000.0,24000.0
