O^z,error,N,total_data
-0.08293302517262814,0.00048276251362192307,1000.0,32000.0
