O^z,error,N,total_data
-0.17492585902227223,0.0005683117254578756,1000.0,24000.0
