O^z,error,N,total_data
-0.15536112667585064,0.0005197073504373364,1000.0,28000.0
