O^z,error,N,total_data
-0.2795472216190524,0.0007946025373820775,1000.0,12000.0
