O^z,error,N,total_data
-0.13995217273620691,0.0004887531471983443,1000.0,32000.0
