O^z,error,N,total_data
-0.23370536137439554,0.0007089999614241038,1000.0,16000.0
