O^z,error,N,total_data
-0.3630224172586606,0.0027406392755481737,1000.0,1000.0
