O^z,error,N,total_data
-0.19967163180860445,0.0006251658308998545,1000.0,20000.0
