ZL,error,N
0.34571791946727626,0.002918549023115622,1000.0
