ZL,error,N
-0.012189762811575622,0.0015596658876842655,1000.0
