ZL,error,N
0.09291091211566561,0.0025606926896715393,1000.0
