ZL,error,N
0.45324589538928417,0.0027506304066398633,1000.0
