ZL,error,N
0.4044732784343179,0.0028992302549302805,1000.0
