ZL,error,N
0.27597272292390806,0.0030075583643372284,1000.0
