ZL,error,N
0.19117172541003655,0.002940261805069318,1000.0
