O^z,error,N,total_data
-0.12087714619018304,0.0010057969005969314,1000.0,12000.0
