O^z,error,N,total_data
-0.025060457014925965,0.0002936159972996623,1000.0,28000.0
