O^z,error,N,total_data
-0.05146719859241128,0.0005169439091177,1000.0,20000.0
