O^z,error,N,total_data
-0.019591414184703254,0.00025404786153453444,1000.0,32000.0
