O^z,error,N,total_data
-0.19872852141107925,0.004229554168960863,1000.0,1000.0
