O^z,error,N,total_data
-0.07758351828614682,0.000705644316792189,1000.0,16000.0
