O^z,error,N,total_data
-0.03578615625961521,0.0003792064242253796,1000.0,24000.0
