O^z,error,N,total_data
-0.018193592866267656,0.0002618335616828396,1000.0,28000.0
