O^z,error,N,total_data
-0.10446662440735922,0.0009515880258176156,1000.0,12000.0
