O^z,error,N,total_data
-0.026901565982519818,0.00033366898764551525,1000.0,24000.0
