O^z,error,N,total_data
-0.01406979147177963,0.0002061200481566652,1000.0,32000.0
