O^z,error,N,total_data
-0.18071735410569392,0.0041267979523569275,1000.0,1000.0
