O^z,error,N,total_data
-0.0640222414224095,0.0006409333671907953,1000.0,16000.0
