O^z,error,N,total_data
-0.04197539651802347,0.0004689779528811379,1000.0,20000.0
