ZL,error,N
0.18150941245568472,0.0035032499593720978,1000.0
