ZL,error,N
0.17970380868716077,0.003802522136734344,1000.0
