ZL,error,N
0.18610350080400015,0.002798803568802408,1000.0
