ZL,error,N
0.18500400934275352,0.003101435378833938,1000.0
