ZL,error,N
0.19203776737231948,0.002444947508381599,1000.0
