ZL,error,N
0.184311673250035,0.003369534814953159,1000.0
