ZL,error,N
0.18275874899122022,0.003736556433353142,1000.0
