O^z,error,N,total_data
-0.3579296111229154,0.0006467540260123516,1000.0,12000.0
