O^z,error,N,total_data
-0.3590398997974147,0.0002016346130259482,10000.0,120000.0
