O^z,error,N,total_data
-0.20321074091288524,0.00012565647049441215,10000.0,320000.0
