O^z,error,N,total_data
-0.22177049791942174,0.00041827937621956795,1000.0,28000.0
