O^z,error,N,total_data
-0.2689892457035209,0.00015537830581151228,10000.0,200000.0
