O^z,error,N,total_data
-0.22064430926569098,0.00013247237798954075,10000.0,280000.0
