O^z,error,N,total_data
-0.2417255099670527,0.000142739383028169,10000.0,240000.0
