O^z,error,N,total_data
-0.3059662072823424,0.0005686470592136024,1000.0,16000.0
