O^z,error,N,total_data
-0.24083691732094084,0.00044925745012026696,1000.0,24000.0
