O^z,error,N,total_data
-0.44967976566794793,0.0021197809028780904,1000.0,1000.0
