O^z,error,N,total_data
-0.20369769253244638,0.0003962813067441517,1000.0,32000.0
