O^z,error,N,total_data
-0.30624962472912376,0.0001750604685975236,10000.0,160000.0
