O^z,error,N,total_data
-0.27128641986685353,0.000491987413279526,1000.0,20000.0
