O^z,error,N,total_data
-0.4476690749388655,0.0006696401123521043,10000.0,10000.0
