O^z,error,N,total_data
-0.025380031822559424,0.00028173219041421015,3000.0,72000.0
