O^z,error,N,total_data
-0.055723898449638924,0.0005050889846839293,3000.0,48000.0
