O^z,error,N,total_data
-0.013934750041508195,0.00011879899839775607,7999.0,255968.0
