O^z,error,N,total_data
-0.014171618365201165,0.0001080070320099117,9997.0,319904.0
