O^z,error,N,total_data
-0.026242109713127026,0.00015724301862416016,9999.0,239976.0
