O^z,error,N,total_data
-0.1459541685517085,0.0025085063339950475,5000.0,5000.0
