O^z,error,N,total_data
-0.05616376869888512,0.0003934042664993903,5000.0,80000.0
