O^z,error,N,total_data
-0.14855817695802684,0.003267360308608852,3000.0,3000.0
