O^z,error,N,total_data
-0.013676130405609282,0.00015009193499152185,4999.0,159968.0
