O^z,error,N,total_data
-0.14522059442131677,0.0017824742853984968,10000.0,10000.0
