O^z,error,N,total_data
-0.026074223941626274,0.00017498142841533798,7999.0,191976.0
