O^z,error,N,total_data
-0.0553010144029283,0.0003118175445734583,8000.0,128000.0
