O^z,error,N,total_data
-0.14468108209971045,0.0019903429839629575,8000.0,8000.0
