O^z,error,N,total_data
-0.0138666920991287,0.0001920285685084985,2999.0,95968.0
