O^z,error,N,total_data
-0.025895783141068496,0.00022138228250474868,4999.0,119976.0
