O^z,error,N,total_data
-0.05515994926014374,0.000278933389403369,10000.0,160000.0
