O^z,error,N,total_data
-0.28186846037457675,0.0009230433398060609,1000.0,12000.0
