O^z,error,N,total_data
-0.16396247679521414,0.0005614844924174403,1000.0,28000.0
