O^z,error,N,total_data
-0.150140406209907,0.000516019738210196,1000.0,32000.0
