O^z,error,N,total_data
-0.20698674436632064,0.0006889339082041409,1000.0,20000.0
