O^z,error,N,total_data
-0.20706704063417627,0.004059123169602549,1000.0,1000.0
