O^z,error,N,total_data
-0.0546740091910826,0.0005127018240615804,1000.0,20000.0
