O^z,error,N,total_data
-0.02656659645777849,0.0002859463777990966,1000.0,28000.0
