O^z,error,N,total_data
-0.019498388202677214,0.00023232852808445693,1000.0,32000.0
