O^z,error,N,total_data
-0.03689682741594289,0.00037082478812313274,1000.0,24000.0
