O^z,error,N,total_data
-0.12667452251979575,0.0009741806734071933,1000.0,12000.0
