O^z,error,N,total_data
-0.08112240162457804,0.0006836056666640281,1000.0,16000.0
