O^z,error,N,total_data
-0.0002555118581251112,0.0002660172825601589,1.0,32.0
