O^z,error,N,total_data
0.0003041968726790297,0.0004982469269859886,1.0,20.0
