O^z,error,N,total_data
0.0006424197214869806,0.0005013966450981676,1.0,16.0
