O^z,error,N,total_data
0.000653082995797294,0.0003396435719468617,1.0,24.0
