O^z,error,N,total_data
-0.0006117487988047104,0.00043267643044119826,1.0,28.0
