O^z,error,N,total_data
-0.00033157227991471324,1.826166222201752e-05,1.0,12.0
