O^z,error,N,total_data
-0.14923784805680315,0.0005343435644089113,1000.0,12000.0
