O^z,error,N,total_data
-0.09227162096741542,0.0004295168505456613,1000.0,16000.0
