O^z,error,N,total_data
-0.055853152815479215,0.0003011917666867614,1000.0,20000.0
