O^z,error,N,total_data
-0.034623457558853425,0.00021847073905738567,1000.0,24000.0
