O^z,error,N,total_data
-0.2558345577044214,0.0019037792879758343,1000.0,1000.0
