O^z,error,N,total_data
-0.015622538760874652,0.0001523601508932025,1000.0,32000.0
