O^z,error,N,total_data
-0.023701363876932866,0.00017431196183710526,1000.0,28000.0
