ZL,error,N
-0.10236982474896919,0.0032309177193629705,1000.0
