ZL,error,N
-0.05772264517689283,0.0044716394171502045,1000.0
