ZL,error,N
-0.08070871761455262,0.004011316712244204,1000.0
