ZL,error,N
0.005623213201561717,0.005502102778252322,1000.0
