ZL,error,N
-0.08518503126446675,0.0021312283478528865,1000.0
