ZL,error,N
-0.10761145123528085,0.0024085930215660806,1000.0
