ZL,error,N
-0.024824810885417662,0.005070195220090139,1000.0
