ZL,error,N
-0.030193838927597423,0.0038238908612913394,1000.0
