ZL,error,N
-0.09250822569445642,0.0016633971807475114,1000.0
