ZL,error,N
-0.07539227058316367,0.002783368910121799,1000.0
