ZL,error,N
0.1676624219241582,0.005188514755133752,1000.0
