ZL,error,N
0.06978032444234472,0.004729552063046093,1000.0
