ZL,error,N
0.12129483602776105,0.005121839498068214,1000.0
