ZL,error,N
0.020928896292134354,0.004491367017730381,1000.0
