O^z,error,N,total_data
-0.34886499506533214,0.007012118421506066,1.0,32.0
