O^z,error,N,total_data
-0.3680357992370776,0.004975349607115857,1.0,20.0
