O^z,error,N,total_data
-0.3517938951704983,0.005912956557442791,1.0,28.0
