O^z,error,N,total_data
-0.3594449739942702,0.007949189709187683,1.0,24.0
