O^z,error,N,total_data
-0.38096960305202077,0.00740875509593805,1.0,16.0
