O^z,error,N,total_data
-0.17301348004744888,0.0005122102246429515,1000.0,32000.0
