O^z,error,N,total_data
-0.18594603660863254,0.0005637166375739545,1000.0,28000.0
