O^z,error,N,total_data
-0.2256886463711531,0.000666015689567239,1000.0,20000.0
