O^z,error,N,total_data
-0.2975815672239454,0.00088915872835147,1000.0,12000.0
