ZL,error,N
0.1913057057904809,0.00459403919554071,1000.0
