ZL,error,N
0.19054566528764616,0.004141791630434068,1000.0
