ZL,error,N
0.17333715378936482,0.00533452517609863,1000.0
