ZL,error,N
0.20983653096087299,0.0020331800101069954,1000.0
