ZL,error,N
0.20081986643880564,0.0035192951781786337,1000.0
