ZL,error,N
0.170024260324909,0.005839697935545209,1000.0
