ZL,error,N
0.21021411618353916,0.002769595973371213,1000.0
