ZL,error,N
-0.10528572678974046,0.0024801180703132833,1000.0
