ZL,error,N
-0.09777780334398853,0.0032243973062952413,1000.0
