ZL,error,N
-0.05279966183024192,0.004409978729636977,1000.0
