ZL,error,N
-0.08353507335748055,0.0021690398588369683,1000.0
