ZL,error,N
-0.022713212651771432,0.005035192475107952,1000.0
