ZL,error,N
-0.07968095355219006,0.004005481061152253,1000.0
