ZL,error,N
0.009567542256733981,0.005478486573080096,1000.0
