ZL,error,N
0.27793531140265365,0.0037230495534599805,1000.0
