ZL,error,N
0.1306034601094319,0.0037493540695415686,1000.0
