ZL,error,N
0.3869392874317616,0.0037073372855274387,1000.0
