ZL,error,N
0.21014420051825342,0.0038946638691387063,1000.0
