ZL,error,N
-0.04347208976422813,0.0020439916944871087,1000.0
