ZL,error,N
0.33911374812513695,0.003767816084229053,1000.0
