ZL,error,N
0.03976475591495758,0.0031775184116048876,1000.0
