ZL,error,N
-0.13026767957399837,0.00039768117636899964,10000.0
