ZL,error,N
-0.29306238788943656,0.0029127787930907493,1000.0
