ZL,error,N
-0.29457087379372604,0.000922958735223646,10000.0
