ZL,error,N
-0.2683282373377078,0.0006720276371987132,10000.0
