ZL,error,N
-0.129721269772147,0.0012593951336233086,1000.0
