ZL,error,N
-0.29690299581799945,0.0011014464190875998,10000.0
