ZL,error,N
-0.2431461063385126,0.0018623042854397918,1000.0
