ZL,error,N
-0.2979918157297215,0.0034124489365448514,1000.0
