ZL,error,N
-0.285315615061962,0.0007767047342989862,10000.0
