ZL,error,N
-0.26550933442226127,0.002155347792703586,1000.0
