ZL,error,N
-0.2003687832732153,0.0005153128517807122,10000.0
