ZL,error,N
-0.2427577478059461,0.0005994298330971952,10000.0
