ZL,error,N
-0.19602508738925917,0.0016338914355185916,1000.0
