ZL,error,N
-0.2851115116867104,0.0024414010593279186,1000.0
