O^z,error,N,total_data
-0.06938896000545838,0.00038966858099001307,1000.0,40000.0
