O^z,error,N,total_data
-0.07992896009565116,0.0004347846846247985,1000.0,36000.0
