O^z,error,N,total_data
-0.06287271889094892,0.0003459921732938574,1000.0,44000.0
