O^z,error,N,total_data
-0.05768064552165298,0.0003234604002456368,1000.0,48000.0
