ZL,error,N
-0.1555752367403452,0.003311291917686889,1000.0
