ZL,error,N
-0.15851359984329993,0.0010571579197735349,10000.0
