ZL,error,N
-0.18193009394058862,0.0009020482179325328,10000.0
