ZL,error,N
-0.12873778910598208,0.001202901491372055,1000.0
