ZL,error,N
-0.130293925600038,0.0003802780516739229,10000.0
