ZL,error,N
-0.18326211396413195,0.0004860191707750788,10000.0
