ZL,error,N
-0.18013714800651112,0.0027271775411361085,1000.0
