ZL,error,N
-0.1794306043425784,0.001539445740058967,1000.0
