ZL,error,N
-0.20374915237670868,0.0005477204439905903,10000.0
