ZL,error,N
-0.19834181780160867,0.0007372660893880899,10000.0
