ZL,error,N
-0.19617812574194074,0.0023051850671217595,1000.0
