ZL,error,N
-0.2029623736303069,0.0018644822434539683,1000.0
