ZL,error,N
-0.20681241225470104,0.0006077044179104154,10000.0
