ZL,error,N
-0.20378461520876093,0.001746852088339723,1000.0
