ZL,error,N
-0.1276100369483766,0.0013176012795581538,1000.0
