ZL,error,N
-0.09713965688775496,0.0020717581592738935,1000.0
