ZL,error,N
-0.04932272685155974,0.002487469592897896,1000.0
