ZL,error,N
0.04845840232403741,0.003225466609853864,1000.0
