ZL,error,N
-0.1254812194522231,0.0008867806176418021,1000.0
