ZL,error,N
-0.0022451336038516933,0.0028061564722654496,1000.0
