ZL,error,N
0.08988134012496656,0.0034772305661415316,1000.0
