O^z,error,N,total_data
-0.16904665334272298,0.0018659993354281602,10000.0,10000.0
