O^z,error,N,total_data
-0.06805896594954583,0.0003005081601721538,10000.0,160000.0
