O^z,error,N,total_data
-0.16943770878255426,0.002095344662854273,8000.0,8000.0
