O^z,error,N,total_data
-0.01944128304591844,0.00016779514934287248,5000.0,160000.0
