O^z,error,N,total_data
-0.03452783032224044,0.0003272209654291398,3000.0,72000.0
