O^z,error,N,total_data
-0.06837048968342163,0.0005420998856138166,3000.0,48000.0
