O^z,error,N,total_data
-0.03485605037510841,0.00018016954687377504,10000.0,240000.0
