O^z,error,N,total_data
-0.03455177304029492,0.0002529518251957306,5000.0,120000.0
