O^z,error,N,total_data
-0.034654329012399225,0.00020170402466763995,8000.0,192000.0
