O^z,error,N,total_data
-0.0682461040805171,0.0003342729669308279,8000.0,128000.0
