O^z,error,N,total_data
-0.17084824974044707,0.0026440920603576635,5000.0,5000.0
