O^z,error,N,total_data
-0.01990903918186552,0.0001189033407390581,9997.0,319904.0
