O^z,error,N,total_data
-0.019660612571868737,0.00013276564940393971,7998.0,255936.0
