O^z,error,N,total_data
-0.01924442287081321,0.00021630400161636555,3000.0,96000.0
