O^z,error,N,total_data
-0.17332850293228869,0.003401990987527346,3000.0,3000.0
