O^z,error,N,total_data
-0.06846243239774752,0.0004228117332562593,5000.0,80000.0
