O^z,error,N,total_data
-0.057030078048692104,0.0008733421290982428,1000.0,16000.0
