O^z,error,N,total_data
-0.016973869578172096,0.0003421582542786318,1000.0,32000.0
