O^z,error,N,total_data
-0.15578993567241187,0.005577549516767289,1000.0,1000.0
