O^z,error,N,total_data
-0.02915902712570266,0.000503260098684511,1000.0,24000.0
