ZL,error,N
0.11685610843282905,0.004428893068311536,1000.0
