ZL,error,N
0.12903735537051503,0.003930222658396103,1000.0
