ZL,error,N
0.12186305698486583,0.0042348945056385695,1000.0
