ZL,error,N
0.10491325363924144,0.004677329057907388,1000.0
