ZL,error,N
0.1658661136139608,0.0028109552598465978,1000.0
