ZL,error,N
0.1512481284773964,0.003320808113641046,1000.0
