ZL,error,N
0.1395562661603447,0.0037275871021927335,1000.0
