ZL,error,N
-0.31976050675143675,0.003177445549620035,1000.0
