ZL,error,N
-0.20967118980382063,0.0027857904571033047,1000.0
