ZL,error,N
-0.13788944712015563,0.0024897131468419975,1000.0
