ZL,error,N
-0.27103963212453924,0.002963726615251613,1000.0
