ZL,error,N
-0.05557218948319742,0.0019844151899418776,1000.0
