ZL,error,N
-0.36560291971150255,0.003390686781632735,1000.0
