ZL,error,N
-0.40202198907187536,0.0035174697182942284,1000.0
