O^z,error,N,total_data
-0.21971197967918746,0.0018241092071028695,10000.0,10000.0
