O^z,error,N,total_data
-0.10516633791198456,0.00045448698251302746,5000.0,80000.0
