O^z,error,N,total_data
-0.062274047132782284,0.0003739794475554317,3000.0,72000.0
