O^z,error,N,total_data
-0.061475238815328875,0.00022696417489754576,8000.0,192000.0
