O^z,error,N,total_data
-0.06209844679085083,0.0002905044475789722,5000.0,120000.0
