O^z,error,N,total_data
-0.012081366562152264,0.0002622932671811213,500.0,32000.0
