O^z,error,N,total_data
-0.04030179800589368,0.0002614127686505928,3000.0,96000.0
