O^z,error,N,total_data
-0.1046164798092568,0.00036005673193124146,8000.0,128000.0
