O^z,error,N,total_data
-0.03982572597771771,0.00015883788499328978,8000.0,256000.0
