O^z,error,N,total_data
-0.10496644289082341,0.00032236112035459425,10000.0,160000.0
