O^z,error,N,total_data
-0.01992425777621742,0.00035245189524737584,500.0,24000.0
