O^z,error,N,total_data
-0.040190112038732455,0.00014235912172116296,10000.0,320000.0
