O^z,error,N,total_data
-0.22174288498911146,0.002552722211023804,5000.0,5000.0
