O^z,error,N,total_data
-0.1057029636924199,0.0005866379572395089,3000.0,48000.0
