O^z,error,N,total_data
-0.2248098313224798,0.0033403365310580957,3000.0,3000.0
