O^z,error,N,total_data
-0.006924792132153521,0.0001269279945692619,998.0,79840.0
