O^z,error,N,total_data
-0.2188337032455341,0.002032867722412202,8000.0,8000.0
