O^z,error,N,total_data
-0.061585023200126404,0.00020310443367678287,10000.0,240000.0
