O^z,error,N,total_data
-0.04037548530854828,0.00020267712721925625,5000.0,160000.0
