O^z,error,N,total_data
-0.20080207448331555,0.0005172518614907877,1000.0,24000.0
