O^z,error,N,total_data
-0.16785231051924845,0.00040811313979568245,1000.0,32000.0
