O^z,error,N,total_data
-0.25683815663560083,0.0007334529179578504,1000.0,16000.0
