O^z,error,N,total_data
-0.30711130284070814,0.0009243321945182088,1000.0,12000.0
