O^z,error,N,total_data
-0.3901867902107153,0.0035427302375492914,1000.0,1000.0
