O^z,error,N,total_data
-0.22325966098837227,0.0006143494218780409,1000.0,20000.0
