O^z,error,N,total_data
-0.1822454178465118,0.00046127267249829185,1000.0,28000.0
