O^z,error,N,total_data
-0.04744630665929012,0.0039355600335177965,1.0,28.0
