O^z,error,N,total_data
-0.0283420426434961,0.0035251316995476055,1.0,32.0
