O^z,error,N,total_data
-0.0792826360677212,0.004064681625784434,1.0,24.0
