O^z,error,N,total_data
-0.16275869388125344,0.006009045593814698,1.0,16.0
