O^z,error,N,total_data
-0.11829393296211257,0.006083396332076097,1.0,20.0
