O^z,error,N,total_data
-0.2262412351867441,0.006133338015331192,1.0,12.0
