O^z,error,N,total_data
-0.2056564572067777,0.0007004931251403375,1000.0,20000.0
