O^z,error,N,total_data
-0.15275695648143436,0.00048107957501249116,1000.0,32000.0
