O^z,error,N,total_data
-0.36961793645591573,0.003893361524184805,1000.0,1000.0
