O^z,error,N,total_data
-0.16603011641279597,0.0005392452985753287,1000.0,28000.0
