O^z,error,N,total_data
-0.2358704775323554,0.0008300956409951618,1000.0,16000.0
