O^z,error,N,total_data
-0.1826766224586077,0.0006142732624640165,1000.0,24000.0
