O^z,error,N,total_data
-0.28529875384407766,0.0010346246011329644,1000.0,12000.0
