O^z,error,N,total_data
-0.04320169680863684,0.00014574440417356192,10000.0,320000.0
