O^z,error,N,total_data
-0.2370256804073709,0.00331596001769973,3000.0,3000.0
