O^z,error,N,total_data
-0.06616103854415518,0.00037755961077823584,3000.0,72000.0
