O^z,error,N,total_data
-0.10898635047983757,0.0004603605936675744,5000.0,80000.0
