O^z,error,N,total_data
-0.1090195802183521,0.0005928740255556374,3000.0,48000.0
