O^z,error,N,total_data
-0.2278110300184698,0.0020294956912327617,8000.0,8000.0
