O^z,error,N,total_data
-0.06543751773392646,0.00020580336714867838,10000.0,240000.0
