O^z,error,N,total_data
-0.10884629354441448,0.0003638089757682188,8000.0,128000.0
