O^z,error,N,total_data
-0.23185248116133061,0.002545629243640436,5000.0,5000.0
