O^z,error,N,total_data
-0.10867888616594802,0.0003259382264182958,10000.0,160000.0
