O^z,error,N,total_data
-0.22770867499310915,0.0018166350941065407,10000.0,10000.0
