O^z,error,N,total_data
-0.0433050281576811,0.00026839238822703304,3000.0,96000.0
