O^z,error,N,total_data
-0.04279616931221553,0.0002061308076197236,5000.0,160000.0
