O^z,error,N,total_data
-0.06570912066283781,0.0002921489532353363,5000.0,120000.0
