O^z,error,N,total_data
-0.06521634687807863,0.00023010560241419305,8000.0,192000.0
