O^z,error,N,total_data
-0.042918408343451245,0.00016248827486269298,8000.0,256000.0
