O^z,error,N,total_data
-0.3144405093707722,0.0027947789791511616,3000.0,3000.0
