O^z,error,N,total_data
-0.11023693383276,0.0003306507621375684,3000.0,84000.0
