O^z,error,N,total_data
-0.22915692883993233,0.0007187724942284172,3000.0,36000.0
