O^z,error,N,total_data
-0.0966221232204409,0.0002895321113795285,3000.0,96000.0
