O^z,error,N,total_data
-0.1276584039518039,0.0003839995535892282,3000.0,72000.0
