O^z,error,N,total_data
-0.15115667957181253,0.0004562776510910224,3000.0,60000.0
