O^z,error,N,total_data
-0.18057623280023524,0.0005576454394242991,3000.0,48000.0
