ZL,error,N
0.12555755951929637,0.003218133457010466,1000.0
