ZL,error,N
-0.022890014561978617,0.0025209004310976146,1000.0
