ZL,error,N
-0.07766086383072415,0.0020841856216106385,1000.0
