ZL,error,N
0.030167499659593804,0.002751782619330719,1000.0
