ZL,error,N
0.08141125046060313,0.0031042634685565403,1000.0
