ZL,error,N
-0.12300733050501546,0.0008475385426239379,1000.0
