ZL,error,N
0.13724460319889775,0.003543768644007026,1000.0
