ZL,error,N
0.10120023787885093,0.004438043093012526,1000.0
