ZL,error,N
0.058535597732493665,0.005342308945589145,1000.0
