ZL,error,N
0.07341500409734306,0.004985401378240925,1000.0
