O^z,error,N,total_data
-0.02320617022500353,0.00036920485944318094,1000.0,16000.0
