O^z,error,N,total_data
-0.006269199817559267,0.00014322080597436578,1000.0,24000.0
