O^z,error,N,total_data
-0.047894120672422484,0.0006653578643515904,1000.0,12000.0
