O^z,error,N,total_data
-0.0022742066005555605,8.029867890603845e-05,1000.0,32000.0
