O^z,error,N,total_data
-0.10587195974172062,0.003250754490809687,1000.0,1000.0
