O^z,error,N,total_data
-0.0036515605508261133,9.534656054716442e-05,1000.0,28000.0
