O^z,error,N,total_data
-0.012720490448837182,0.00024821654071930494,1000.0,20000.0
