O^z,error,N,total_data
-0.014362847374847004,0.0001199462968205315,9984.0,319488.0
