O^z,error,N,total_data
-0.02630683936849532,0.000247177889837191,4996.0,119904.0
