O^z,error,N,total_data
-0.14692590606071534,0.0018742648863271732,10000.0,10000.0
