O^z,error,N,total_data
-0.014245970442466857,0.00021690811456439324,2999.0,95968.0
