O^z,error,N,total_data
-0.1476069950199684,0.0026140856677010797,5000.0,5000.0
