O^z,error,N,total_data
-0.05524489243352094,0.0003303169388526379,7997.0,127952.0
