O^z,error,N,total_data
-0.05542060239118113,0.0004204048337036275,4999.0,79984.0
