O^z,error,N,total_data
-0.14601204133310172,0.002087469107864738,8000.0,8000.0
