O^z,error,N,total_data
-0.026182560994498446,0.00031812970581764603,2997.0,71928.0
