O^z,error,N,total_data
-0.026183216470869575,0.0001965366503405718,7994.0,191856.0
