O^z,error,N,total_data
-0.014174771466933996,0.00016881941451353817,4992.0,159744.0
