O^z,error,N,total_data
-0.05568679708499299,0.0005405770473422698,2999.0,47984.0
