O^z,error,N,total_data
-0.14986899852588814,0.003404544352811654,3000.0,3000.0
