O^z,error,N,total_data
-0.026203428378317947,0.00017509085186228398,9992.0,239808.0
