O^z,error,N,total_data
-0.014212395059900804,0.00013378935501178954,7986.0,255552.0
