O^z,error,N,total_data
-0.055016509927217475,0.0002952788152784386,9994.0,159904.0
