O^z,error,N,total_data
0.029897006128910344,0.00017813018099715084,1000.0,128000.0
