O^z,error,N,total_data
0.055388650883267526,0.0003230935282133075,1000.0,64000.0
