ZL,error,N
-0.11546583064458858,0.004980962279791206,1000.0
