ZL,error,N
-0.15553878005258187,0.0031509552814714833,1000.0
