ZL,error,N
-0.13426038771341542,0.004425027469214905,1000.0
