ZL,error,N
-0.13526124561936625,0.00213055539042717,1000.0
