ZL,error,N
0.18083570929905457,0.002871065648710059,1000.0
