ZL,error,N
0.17896426632031706,0.0031222259779820874,1000.0
