ZL,error,N
0.16964185046377317,0.0037405297825508542,1000.0
