ZL,error,N
0.17750102446155847,0.0033876317294208322,1000.0
