ZL,error,N
0.1751077389074241,0.003524230230241252,1000.0
