ZL,error,N
0.17732899731574062,0.00338678131011871,1000.0
