ZL,error,N
0.18438020270480307,0.002522261872999172,1000.0
