ZL,error,N
-0.2539927602096918,0.0009818752792966243,10000.0
