ZL,error,N
-0.16877733239835108,0.001472572301405222,3000.0
