ZL,error,N
-0.20504579306519197,0.0015297962949046124,3000.0
