ZL,error,N
-0.267880049973828,0.001103011128500896,10000.0
