ZL,error,N
-0.28195849340838863,0.003922506285920946,1000.0
