ZL,error,N
-0.26169135766876256,0.003567547586146248,1000.0
