ZL,error,N
-0.29943583883840563,0.004429999558896982,1000.0
