ZL,error,N
-0.05150749738758596,0.0026209312471279344,1000.0
