ZL,error,N
-0.2892768386694962,0.0024811794747926397,3000.0
