ZL,error,N
-0.2769520334834551,0.00953296240231766,1000.0
