ZL,error,N
-0.11688542876169333,0.0027712674337977213,1000.0
