ZL,error,N
-0.2659138065189187,0.0020353247444673604,3000.0
