ZL,error,N
-0.20378085807589727,0.0008351245856166191,10000.0
