ZL,error,N
-0.3016118961223116,0.00741027836434754,1000.0
