ZL,error,N
-0.23102329724704088,0.002871741048237084,1000.0
