ZL,error,N
-0.25274212502835963,0.003082219018079203,1000.0
