ZL,error,N
-0.28547415533099596,0.0042618941246466415,1000.0
