ZL,error,N
-0.254347579821591,0.0017945648727989668,3000.0
