ZL,error,N
-0.30603536603064685,0.021449484270442562,200.0
