ZL,error,N
-0.23232879384420205,0.001645776047328469,3000.0
