ZL,error,N
-0.31175174396025684,0.0062362037018226625,1000.0
