ZL,error,N
-0.2024437291067405,0.0027887050053380063,1000.0
