ZL,error,N
-0.28084683575269187,0.0022609353264420227,3000.0
