ZL,error,N
-0.16805338599681144,0.0026172090900225624,1000.0
