ZL,error,N
-0.30716393485297366,0.002891988274948557,3000.0
