ZL,error,N
-0.2989768950761663,0.0026273311500261583,3000.0
