ZL,error,N
-0.23191993693724963,0.000889019916698622,10000.0
