ZL,error,N
-0.30463342744083943,0.004951514689948967,1000.0
