O^z,error,N,total_data
-0.19028241374729604,0.0005537016160794655,1000.0,24000.0
