O^z,error,N,total_data
-0.24831721160782952,0.0007570173620214995,1000.0,16000.0
