O^z,error,N,total_data
-0.1733117335064917,0.0004780070316488188,1000.0,28000.0
