O^z,error,N,total_data
-0.3798470083977813,0.003726293655526029,1000.0,1000.0
