O^z,error,N,total_data
-0.21513748405479208,0.0006360417595735199,1000.0,20000.0
