O^z,error,N,total_data
-0.29898434733003404,0.0009656812038398659,1000.0,12000.0
