O^z,error,N,total_data
-0.1590162029863894,0.0004206295309338408,1000.0,32000.0
