O^z,error,N,total_data
-0.15098868979031077,0.0004688305414085082,1000.0,32000.0
