O^z,error,N,total_data
-0.23734465510032368,0.0008228053401786031,1000.0,16000.0
