O^z,error,N,total_data
-0.18338096070686224,0.0005877907584489512,1000.0,24000.0
