O^z,error,N,total_data
-0.2874226969367257,0.001022806588877415,1000.0,12000.0
