O^z,error,N,total_data
-0.20496048772666087,0.0006889653290043047,1000.0,20000.0
