O^z,error,N,total_data
-0.16494940230919344,0.0005220815114209072,1000.0,28000.0
