O^z,error,N,total_data
-0.369383040430662,0.003990943436164658,1000.0,1000.0
