ZL,error,N
0.2021279001034283,0.0009677764335747943,10000.0
