ZL,error,N
0.2057656323228439,0.0010358219319509712,10000.0
