ZL,error,N
0.1985497453386249,0.0009098855985796364,10000.0
