ZL,error,N
0.20367900630278662,0.0010048792118646833,10000.0
