ZL,error,N
0.20771498064871835,0.001075624465486273,10000.0
