ZL,error,N
0.19831510328868054,0.000845890585145325,10000.0
