ZL,error,N
0.19737848056472587,0.0007374118304786675,10000.0
