O^z,error,N,total_data
-0.03614380518411379,0.0001371281435246684,10000.0,320000.0
