O^z,error,N,total_data
-0.015435754389487957,0.00033500629945981827,499.0,23952.0
