O^z,error,N,total_data
-0.005266574997652379,0.00012071293391782939,1000.0,80000.0
