O^z,error,N,total_data
-0.009590565472777786,0.0002280251753143835,499.0,31936.0
