O^z,error,N,total_data
-0.036132423984391544,0.0001373000359654464,10000.0,320000.0
