O^z,error,N,total_data
-0.21699781262930795,0.0033474844151934586,3000.0,3000.0
