O^z,error,N,total_data
-0.09948751919832796,0.000449434727231545,5000.0,80000.0
