O^z,error,N,total_data
-0.05667462628207034,0.00019817974395515861,10000.0,240000.0
