O^z,error,N,total_data
-0.05617827161887127,0.00022093998566368177,8000.0,192000.0
