O^z,error,N,total_data
-0.05595766456193247,0.0003569755351096618,3000.0,72000.0
