O^z,error,N,total_data
-0.05622534673475596,0.00027641296410472875,5000.0,120000.0
