O^z,error,N,total_data
-0.09994020861755465,0.0005827068864068968,3000.0,48000.0
