O^z,error,N,total_data
-0.09832489352576278,0.00031705934494599187,10000.0,160000.0
