O^z,error,N,total_data
-0.09813367012765352,0.0003539075725256278,8000.0,128000.0
