O^z,error,N,total_data
-0.2150644566985344,0.0026056883128897207,5000.0,5000.0
