O^z,error,N,total_data
-0.0358407367747173,0.0001515300866610647,8000.0,256000.0
