O^z,error,N,total_data
-0.21190362667977083,0.0020516734153065777,8000.0,8000.0
