O^z,error,N,total_data
-0.03571356225446769,0.00019315724907917366,5000.0,160000.0
