O^z,error,N,total_data
-0.05660694064931238,0.00019805269197091584,10000.0,240000.0
