O^z,error,N,total_data
-0.21211434603961285,0.00183373238067875,10000.0,10000.0
