O^z,error,N,total_data
-0.04453828408708938,0.00016208206828287997,10000.0,280000.0
