O^z,error,N,total_data
-0.035655630414904965,0.000249204382819788,3000.0,96000.0
