O^z,error,N,total_data
-0.1172111404606232,0.0007191142825549284,1000.0,20000.0
