O^z,error,N,total_data
-0.09433255731265396,0.0005937220866166489,1000.0,24000.0
