O^z,error,N,total_data
-0.1955999030293133,0.0011344716399209324,1000.0,12000.0
