O^z,error,N,total_data
-0.14857703784190754,0.0008874062843356137,1000.0,16000.0
