O^z,error,N,total_data
-0.28203356056665974,0.004336360159078771,1000.0,1000.0
