O^z,error,N,total_data
-0.07931348044867373,0.0005078839108859502,1000.0,28000.0
