O^z,error,N,total_data
-0.06654091304780882,0.0004522773721309131,1000.0,32000.0
