ZL,error,N
-0.12197722233307251,0.003955906677162214,1000.0
