ZL,error,N
-0.026272301344826016,0.0036581083974202957,1000.0
