ZL,error,N
0.02229721894998502,0.0034467379652870994,1000.0
