ZL,error,N
-0.054424724271704306,0.003927866525055165,1000.0
