ZL,error,N
-0.09976719193661159,0.0038176203533018473,1000.0
