ZL,error,N
-0.07920970436496023,0.0038711269508683956,1000.0
