ZL,error,N
-0.11425621786523717,0.00379568230056339,1000.0
