ZL,error,N
0.3080208903437818,0.0024372939967127936,1000.0
