ZL,error,N
0.020250928657904597,0.001214961970358603,1000.0
