ZL,error,N
0.24901076551978601,0.0022185426242560726,1000.0
