ZL,error,N
0.35248804900658315,0.0026211520752502026,1000.0
