ZL,error,N
0.18236581936914176,0.002079453736827335,1000.0
