ZL,error,N
0.10656510244267521,0.001785482481904389,1000.0
