ZL,error,N
-0.06743712147574019,0.0006197027628419041,1000.0
