ZL,error,N
-0.004057301103292885,0.0027463743476959157,1000.0
