ZL,error,N
0.0013200512250278519,0.002809524940012977,1000.0
