ZL,error,N
0.0020527004404421447,0.0029445346570284203,1000.0
