ZL,error,N
0.017907314482757414,0.0028835395694132237,1000.0
