ZL,error,N
0.1895184229434408,0.004155951206351743,1000.0
