ZL,error,N
0.300410243037493,0.004200388676807976,1000.0
