ZL,error,N
0.25182453960316187,0.0042877985141860225,1000.0
