ZL,error,N
0.05634198327657947,0.003875677596200559,1000.0
