ZL,error,N
0.12589418670977215,0.004147374761016256,1000.0
