ZL,error,N
-0.07557126076936657,0.001762322740821072,1000.0
