ZL,error,N
-0.019227618127535505,0.003036654884503584,1000.0
