ZL,error,N
0.10545752056146097,0.004445772347098649,1000.0
