ZL,error,N
0.16887168424554574,0.0025969198830306946,1000.0
