ZL,error,N
0.08767713594648742,0.004686927064202138,1000.0
