ZL,error,N
0.126341995015833,0.004001254729833846,1000.0
