ZL,error,N
0.05684297334549585,0.005749003968041215,1000.0
