ZL,error,N
0.1504985997728346,0.003297498755884053,1000.0
