ZL,error,N
0.06712899025317871,0.005204124211896079,1000.0
