ZL,error,N
-0.2530003613377548,0.0028021489780997145,3000.0
