ZL,error,N
-0.2418461549781425,0.0038267250839534007,1000.0
