ZL,error,N
-0.24780444863942272,0.004326700506859944,1000.0
