ZL,error,N
-0.2445885192845589,0.004866588481780783,1000.0
