ZL,error,N
-0.25138305210075,0.00489800445963092,1000.0
