ZL,error,N
-0.2260055441291315,0.0009135961427395229,10000.0
