ZL,error,N
-0.24779927779238906,0.0012139203726743576,10000.0
