ZL,error,N
-0.11753261150088173,0.009605406816507808,1000.0
