ZL,error,N
-0.13319089038245657,0.02058606767315452,200.0
