ZL,error,N
-0.25346840668171283,0.002974084652596331,3000.0
