ZL,error,N
-0.23541784875956884,0.006711196713296875,1000.0
