ZL,error,N
-0.20471667594418116,0.0008114128548545453,10000.0
