ZL,error,N
-0.24765514550577397,0.0022241613957574018,3000.0
