ZL,error,N
-0.20579661064781848,0.0015034944022154846,3000.0
