ZL,error,N
-0.2518145482486555,0.002511809457293406,3000.0
