ZL,error,N
-0.2476816389423036,0.005496896975013525,1000.0
