ZL,error,N
-0.2380143685895239,0.0033828117930556835,1000.0
