ZL,error,N
-0.20558200540478785,0.0026236702598527307,1000.0
