ZL,error,N
-0.17603209961137692,0.001370376033207503,3000.0
