ZL,error,N
-0.17469091685786084,0.0024665029151283513,1000.0
