ZL,error,N
-0.22417493393584162,0.00290265084397702,1000.0
