ZL,error,N
-0.13077739020597862,0.0024632834831583602,1000.0
