ZL,error,N
-0.06656641727593675,0.0024131900350451243,1000.0
