ZL,error,N
-0.24049902016387492,0.001056835582302761,10000.0
