ZL,error,N
-0.2420938621080974,0.0019572933169239226,3000.0
