ZL,error,N
-0.2575032315901533,0.003198802144738872,3000.0
