ZL,error,N
-0.22669810872436175,0.0016854334062797593,3000.0
