O^z,error,N,total_data
-0.026554053855966847,0.00029161926422240986,2999.0,71976.0
