O^z,error,N,total_data
-0.05717231362751362,0.0002812013080753062,9999.0,159984.0
