O^z,error,N,total_data
-0.027327527662601405,0.00016189841237737983,9998.0,239952.0
