O^z,error,N,total_data
-0.05751073648188783,0.000394308549304387,5000.0,80000.0
