O^z,error,N,total_data
-0.05703578946609623,0.0005009270333227183,3000.0,48000.0
