O^z,error,N,total_data
-0.014847287839116312,0.00014951010263123486,5000.0,160000.0
