O^z,error,N,total_data
-0.14981404119367464,0.0018015830425409188,10000.0,10000.0
