O^z,error,N,total_data
-0.014655632446786783,0.00010728701254773835,9997.0,319904.0
