O^z,error,N,total_data
-0.05710265662254045,0.00031336067412736243,7999.0,127984.0
