O^z,error,N,total_data
-0.02706103758395785,0.00018063912192509726,7998.0,191952.0
