O^z,error,N,total_data
-0.02722401737226189,0.0002297645243213926,4998.0,119952.0
