O^z,error,N,total_data
-0.1517004839686051,0.0025231614853277085,5000.0,5000.0
