O^z,error,N,total_data
-0.015455447202655024,0.00019614727364083862,3000.0,96000.0
