O^z,error,N,total_data
-0.014702930619875001,0.00011925835206804316,7998.0,255936.0
