O^z,error,N,total_data
-0.15463347701262845,0.003289599911078666,3000.0,3000.0
