O^z,error,N,total_data
-0.14932827296540313,0.0020104845168529653,8000.0,8000.0
