ZL,error,N
0.27713732619506204,0.0017872925528786899,1000.0
