ZL,error,N
0.24800042064824115,0.0015925910161653032,1000.0
