ZL,error,N
0.220194784680922,0.0013444451738604622,1000.0
