ZL,error,N
0.3030826547540879,0.0019305504234658868,1000.0
