ZL,error,N
0.3001466545617008,0.0016746722923290946,1000.0
