ZL,error,N
0.37827824891219086,0.0020316585671593056,1000.0
