ZL,error,N
0.32593470453128,0.0017608199858362486,1000.0
