ZL,error,N
0.3476413913080943,0.001737064486670809,1000.0
