ZL,error,N
0.35714202547721624,0.0021337422387308876,1000.0
