ZL,error,N
0.2714271221692,0.0011612544286442776,1000.0
