ZL,error,N
0.39117965476237315,0.0018482883421002594,1000.0
