O^z,error,N,total_data
-0.014598932683713298,0.00033401803439311146,499.0,23952.0
