O^z,error,N,total_data
-0.06909274914114508,0.0002411060954959915,10000.0,200000.0
