O^z,error,N,total_data
-0.052413054257919735,0.00021368652442643095,8000.0,192000.0
