O^z,error,N,total_data
-0.20511066733250685,0.0020389466927117155,8000.0,8000.0
