O^z,error,N,total_data
-0.03298658404790769,0.00013237322046848388,9999.0,319968.0
