O^z,error,N,total_data
-0.05272131747475287,0.00019063776415748773,10000.0,240000.0
