O^z,error,N,total_data
-0.007879065281440346,0.00023059459744791195,500.0,32000.0
