O^z,error,N,total_data
-0.09329600664766424,0.000349267022392575,8000.0,128000.0
