O^z,error,N,total_data
-0.004441158669179345,0.00012128324056149921,999.0,79920.0
