O^z,error,N,total_data
-0.041291244887226575,0.00015780102047596432,10000.0,280000.0
