O^z,error,N,total_data
-0.03326187011973994,0.00013206369140381934,10000.0,320000.0
