ZL,error,N
0.0738130381064821,0.008533446637905623,1000.0
