ZL,error,N
0.00199079900847167,0.007684629896554384,1000.0
