ZL,error,N
0.11695849178197115,0.008832226415088445,1000.0
