ZL,error,N
0.12824762964023134,0.009336245361477155,1000.0
