ZL,error,N
0.13523387194649064,0.004093865607360584,1000.0
