ZL,error,N
0.12284340314239811,0.004559818515771456,1000.0
