ZL,error,N
0.12836353086795546,0.004194613944770085,1000.0
