ZL,error,N
0.11209667852584651,0.004747197776477388,1000.0
