ZL,error,N
0.17090542543680298,0.0027653702742518453,1000.0
