ZL,error,N
0.15736041734247874,0.0032956500421989455,1000.0
