ZL,error,N
0.14839819929346398,0.003716209517300304,1000.0
