O^z,error,N,total_data
-0.29715573294807657,0.0009705429486247959,1000.0,12000.0
