O^z,error,N,total_data
-0.1712570503392101,0.0004711083479406735,1000.0,32000.0
