O^z,error,N,total_data
-0.2497884975233531,0.0007943319209714956,1000.0,16000.0
