O^z,error,N,total_data
-0.1984718738943704,0.0005895096117352277,1000.0,24000.0
