O^z,error,N,total_data
-0.377698672187079,0.003577226745997924,1000.0,1000.0
