O^z,error,N,total_data
-0.21908191699760096,0.0006884649417019728,1000.0,20000.0
