O^z,error,N,total_data
-0.18241445612726384,0.0005338626167282069,1000.0,28000.0
