O^z,error,N,total_data
0.045847196840482454,0.0024995504994042165,1000.0,1000.0
