O^z,error,N,total_data
0.006540584350239601,0.00019923304673550725,1000.0,24000.0
