O^z,error,N,total_data
0.014779493537452608,0.0003734886734596429,1000.0,16000.0
