O^z,error,N,total_data
0.002510858106818025,0.00011102759830842921,997.0,31904.0
