ZL,error,N
-0.13973490450140244,0.0023060294787543498,1000.0
