ZL,error,N
-0.23104828875922173,0.0025148490341105703,1000.0
