ZL,error,N
-0.28627310408400525,0.0030564125646381397,1000.0
