ZL,error,N
-0.3041808919102586,0.003479392414396217,1000.0
