ZL,error,N
0.04131393751798433,0.004419668292456504,999.0
