ZL,error,N
0.021239101297130164,0.004011490316155842,1000.0
