ZL,error,N
-0.012682697100107962,0.0026166451119781016,1000.0
