ZL,error,N
-0.002483609861017276,0.0033724611417234335,1000.0
