ZL,error,N
-0.17283814549287804,0.004751018569797565,1000.0
