ZL,error,N
-0.18499568482575396,0.004089607011460181,1000.0
