ZL,error,N
-0.19724715724814504,0.0027816670399015303,1000.0
