ZL,error,N
-0.159147880887011,0.0016524995017606766,1000.0
