O^z,error,N,total_data
-0.016382211386871695,0.0003035337866325279,1000.0,16000.0
