O^z,error,N,total_data
-0.008096836576322536,0.00018015639990622082,1000.0,20000.0
