O^z,error,N,total_data
-0.0013389269706054442,6.220543233163926e-05,1000.0,32000.0
