O^z,error,N,total_data
-0.0021437130135107734,7.862065963999501e-05,1000.0,28000.0
