O^z,error,N,total_data
-0.08903317242192499,0.0030354270285803727,1000.0,1000.0
