O^z,error,N,total_data
-0.036829952331403744,0.0005834609202218501,1000.0,12000.0
