O^z,error,N,total_data
-0.003723501191410241,0.00010609976684822664,1000.0,24000.0
