O^z,error,N,total_data
-0.26341298862415813,0.000756987102892446,1000.0,16000.0
