O^z,error,N,total_data
-0.21462629133791947,0.0005808486521056511,1000.0,24000.0
