O^z,error,N,total_data
-0.18799675395109883,0.0004781944069575123,1000.0,32000.0
