O^z,error,N,total_data
-0.3922249209358257,0.0032703545193440847,1000.0,1000.0
