O^z,error,N,total_data
-0.23603362734841254,0.0006532310238231968,1000.0,20000.0
