O^z,error,N,total_data
-0.30803110115108007,0.0009103731357195223,1000.0,12000.0
