O^z,error,N,total_data
-0.1998035307288,0.000524689128946408,1000.0,28000.0
