ZL,error,N
0.006342994129186469,0.0013513724464468552,4998.0
