ZL,error,N
0.005787307538950635,0.0010627688726951281,7998.0
