ZL,error,N
0.0026919315482404425,0.0008477417908355985,10000.0
