ZL,error,N
0.001991467943595545,0.001559635946825186,3000.0
