ZL,error,N
0.012114317088205652,0.0012276676630607638,5000.0
