ZL,error,N
0.006269556688906977,0.001760906900958904,2999.0
