ZL,error,N
0.0023024066596015074,0.001253174767275725,4999.0
