ZL,error,N
0.0005739401945430426,0.0008833176232447637,9999.0
