ZL,error,N
0.010970249106840978,0.0015922793132539114,3000.0
