ZL,error,N
0.0032156244422029277,0.0009480993002938168,8000.0
