ZL,error,N
0.005571248637695771,0.0009469112057889806,9996.0
