ZL,error,N
0.011585668389682127,0.0009693584608867467,8000.0
