ZL,error,N
0.0011450531686259483,0.0009897224086013758,7999.0
