ZL,error,N
0.011298187076608873,0.0008625039544350226,10000.0
