ZL,error,N
0.002040520738959289,0.0016060886995520585,2999.0
