ZL,error,N
0.0029457347693141317,0.00120986632250139,5000.0
