O^z,error,N,total_data
-0.11931440090445826,0.007105850632271694,1.0,20.0
