O^z,error,N,total_data
-0.29759561601682183,0.009049225665640858,1.0,12.0
