O^z,error,N,total_data
-0.0394992289421124,0.003255132997173328,1.0,32.0
