O^z,error,N,total_data
-0.20258965973655282,0.009121287549183473,1.0,16.0
