O^z,error,N,total_data
-0.05632996521936758,0.004252930628569679,1.0,28.0
