O^z,error,N,total_data
-0.06982094768813643,0.004683708752041294,1.0,24.0
