O^z,error,N,total_data
0.005447545474219934,0.0001543034803794042,1000.0,32000.0
