O^z,error,N,total_data
0.0009700871741768344,4.9430878287294766e-05,998.0,63872.0
