O^z,error,N,total_data
0.062243625829978166,0.002900640211045996,1000.0,1000.0
