O^z,error,N,total_data
6.66790205537245e-05,1.5502353383828417e-05,948.0,121344.0
