O^z,error,N,total_data
0.010048315057246767,0.00023716435592709576,1000.0,24000.0
