O^z,error,N,total_data
0.02090430706045939,0.000420762275111692,1000.0,16000.0
