O^z,error,N,total_data
-0.21037231628563743,0.000490612641917579,1000.0,32000.0
