O^z,error,N,total_data
-0.2206948823933106,0.0005092149379197245,1000.0,28000.0
