O^z,error,N,total_data
-0.25666037273632714,0.0005812755307437862,1000.0,19982.0
