O^z,error,N,total_data
-0.32290089884517476,0.0007288787308989067,1000.0,12000.0
