ZL,error,N
0.23288904434269858,0.00129416010391796,10000.0
