ZL,error,N
0.2341753505658147,0.007894325323213785,500.0
