ZL,error,N
0.22989371225539207,0.0011356975672599094,10000.0
