ZL,error,N
0.22657835008139637,0.0030656786214252477,1000.0
