ZL,error,N
0.22553337537675133,0.0009576947040748193,10000.0
