ZL,error,N
0.22981394966243715,0.001041978267877683,10000.0
