ZL,error,N
0.22869117178532133,0.003915831105248067,1000.0
