ZL,error,N
0.22424636108343476,0.0025426527904316987,1000.0
