ZL,error,N
0.21960027348523817,0.0006629968381497083,10000.0
