ZL,error,N
0.2225866358237266,0.0008218358259955382,10000.0
