ZL,error,N
0.22688575552362275,0.004209334097319639,1000.0
