ZL,error,N
0.22374722067122924,0.003344846518229347,1000.0
