ZL,error,N
0.23499468200155746,0.008737150306118761,500.0
