ZL,error,N
0.2285632197128491,0.0035377298338062258,1000.0
