ZL,error,N
0.22288040214633292,0.0020169276610677526,1000.0
