ZL,error,N
0.232562777088037,0.0012105831924630148,10000.0
