O^z,error,N,total_data
-0.2158464660867138,0.000421088522683841,1000.0,28000.0
