O^z,error,N,total_data
-0.2320221124732905,0.0004703277320218089,1000.0,24000.0
