O^z,error,N,total_data
-0.2549762095512797,0.000532322300482234,1000.0,20000.0
