O^z,error,N,total_data
-0.20218827343221552,0.00038745671273057367,1000.0,32000.0
