O^z,error,N,total_data
-0.41623886220981643,0.002868438699520608,1000.0,1000.0
