O^z,error,N,total_data
-0.2857501131437492,0.0006255439337946933,1000.0,16000.0
