O^z,error,N,total_data
-0.33299366114739914,0.0007727583796266154,1000.0,12000.0
