ZL,error,N
0.1524621802383046,0.0026972183417694733,1000.0
