ZL,error,N
0.049519622678824406,0.004795409541647047,1000.0
