ZL,error,N
0.07327758195638291,0.0045689324793054195,1000.0
