ZL,error,N
0.0066259553933009875,0.005610958571466706,1000.0
