ZL,error,N
0.02741520911479447,0.005335052038859974,1000.0
