ZL,error,N
0.09941968064906337,0.004024365554234906,1000.0
