ZL,error,N
0.1288042044269369,0.003441558245615944,1000.0
