O^z,error,N,total_data
-0.01908629510361594,0.00021767995603723525,2999.0,95968.0
