O^z,error,N,total_data
-0.06432784131893426,0.00029529983609957006,10000.0,160000.0
