O^z,error,N,total_data
-0.1648179046348793,0.0026216586904102006,5000.0,5000.0
