O^z,error,N,total_data
-0.032640470306602096,0.00017471563097774047,9999.0,239976.0
