O^z,error,N,total_data
-0.032577303107499365,0.00019560735594427824,7999.0,191976.0
