O^z,error,N,total_data
-0.16607147876820355,0.003384425853034089,3000.0,3000.0
