O^z,error,N,total_data
-0.01831628956485795,0.0001305358438212221,7998.0,255936.0
