O^z,error,N,total_data
-0.03282731324205568,0.00024516757076659406,4999.0,119976.0
