O^z,error,N,total_data
-0.06437196550631484,0.000330541791921633,8000.0,128000.0
