O^z,error,N,total_data
-0.06427418350183688,0.0005374017432366897,3000.0,48000.0
