O^z,error,N,total_data
-0.03276869230544869,0.0003127657511526379,2999.0,71976.0
