O^z,error,N,total_data
-0.16243599635442704,0.0020596535099374996,8000.0,8000.0
