O^z,error,N,total_data
-0.01875684313191739,0.00016612748632462515,4998.0,159936.0
