O^z,error,N,total_data
-0.06413682568263773,0.0004169173655882487,5000.0,80000.0
