O^z,error,N,total_data
-0.16283559109233878,0.0018416333751846347,10000.0,10000.0
