O^z,error,N,total_data
-0.018449540263604708,0.00011706126723233329,9996.0,319872.0
