O^z,error,N,total_data
-0.3131699303389271,0.0037912689311438855,1000.0,1000.0
