O^z,error,N,total_data
-0.17792038341822297,0.000836542184178352,1000.0,16000.0
