O^z,error,N,total_data
-0.22967428920869204,0.001040528915034085,1000.0,12000.0
