O^z,error,N,total_data
-0.12250575511110091,0.0006139005837571926,1000.0,24000.0
