O^z,error,N,total_data
-0.08717673264189874,0.0004628134322268607,1000.0,32000.0
