O^z,error,N,total_data
-0.10190868456808065,0.0005282603935514629,1000.0,28000.0
