O^z,error,N,total_data
-0.14497650355283898,0.0007161559580359123,1000.0,20000.0
