O^z,error,N,total_data
-0.25523344752918187,0.0006046126378392067,1000.0,20000.0
