O^z,error,N,total_data
-0.28164800027574804,0.0006966195287328794,1000.0,16000.0
