O^z,error,N,total_data
-0.21131438842155414,0.0004664735041319123,1000.0,32000.0
