O^z,error,N,total_data
-0.23514324316787824,0.0005433651226524202,1000.0,24000.0
