O^z,error,N,total_data
-0.22239931494088486,0.0004942194696922166,1000.0,28000.0
