O^z,error,N,total_data
-0.3225774114443862,0.000835304726609057,1000.0,12000.0
