O^z,error,N,total_data
-0.4010218489372546,0.00308154588234959,1000.0,1000.0
