O^z,error,N,total_data
-0.23569400864777132,0.0005811123241130068,1000.0,20000.0
