O^z,error,N,total_data
-0.31894133521804263,0.0008582436570553293,1000.0,12000.0
