O^z,error,N,total_data
-0.18057983655292792,0.0003963422951227447,1000.0,32000.0
