O^z,error,N,total_data
-0.19504179603530383,0.0004357372245676005,1000.0,28000.0
