x2-x1,corr,error
1.0,5.025610945772747,
2.0,3.188685942755186,
3.0,3.079795424200689,
4.0,2.5259931182635813,
5.0,2.5270896043546833,
6.0,2.166565180385007,
7.0,2.1771341288680457,
8.0,1.9282482977308022,
