O^z,error,N,total_data
-0.2860828518648675,0.0010307745676070956,1000.0,12000.0
