O^z,error,N,total_data
-0.18208926293686703,0.0006028210880547194,1000.0,24000.0
