O^z,error,N,total_data
-0.1648418796310134,0.0005201973872792627,1000.0,28000.0
