O^z,error,N,total_data
-0.15194610379783396,0.0004704686804854316,1000.0,32000.0
