O^z,error,N,total_data
-0.20592114167974124,0.0006933770804763142,1000.0,20000.0
