O^z,error,N,total_data
-0.3676498413041391,0.00394154620649524,1000.0,1000.0
