O^z,error,N,total_data
-0.23606968951089882,0.0008402450839795015,1000.0,16000.0
