ZL,error,N
0.021172941480284597,0.0027516504768142764,1000.0
