ZL,error,N
0.005442684398571158,0.002718198939650546,1000.0
