ZL,error,N
0.002042962963364429,0.002696428021045775,1000.0
