ZL,error,N
0.003484286668665647,0.0026775526889520258,1000.0
