ZL,error,N
-0.1761900702444824,0.002763449338338597,1000.0
