ZL,error,N
-0.16548522663063195,0.0034175453457750615,1000.0
