ZL,error,N
-0.11754665993953457,0.004560311132677432,1000.0
