ZL,error,N
-0.14479228972770375,0.0040003626290148085,1000.0
