ZL,error,N
-0.1694432767797394,0.0014951504813351998,1000.0
