ZL,error,N
-0.18541889356367694,0.0021138965306397926,1000.0
