ZL,error,N
-0.12095706346768788,0.0012862849146752743,1000.0
