ZL,error,N
0.004358469733523579,0.002391642440805429,1000.0
