ZL,error,N
0.04394095954206379,0.0028852820931585177,1000.0
