ZL,error,N
0.018585316589907665,0.002603691977019945,1000.0
