ZL,error,N
0.011639883259729445,0.002462686384710778,1000.0
