ZL,error,N
0.31211621292468483,0.0035347986952599586,1000.0
