ZL,error,N
0.30910805313405154,0.003187807608251117,1000.0
