ZL,error,N
0.32400760858018157,0.0037166379887324952,1000.0
