ZL,error,N
0.28369506862967747,0.002465355090440287,1000.0
