ZL,error,N
0.2742449177491208,0.001926247735416075,1000.0
