ZL,error,N
0.254349622256084,0.001440883314977353,1000.0
