ZL,error,N
0.2938248167969355,0.0028451630723752685,1000.0
