ZL,error,N
-0.30613428492663197,0.004114552803496167,1000.0
