ZL,error,N
-0.2650011778126567,0.00413216376167277,1000.0
