ZL,error,N
-0.21853464742519738,0.003741346301161635,1000.0
