ZL,error,N
-0.05138831322278674,0.003155161404281763,1000.0
