ZL,error,N
-0.16892940117034036,0.00380662842733669,1000.0
