ZL,error,N
0.016771718949888832,0.002600089175427368,1000.0
