ZL,error,N
-0.10971567045247062,0.003623143163333246,1000.0
