O^z,error,N,total_data
-0.19383323840731245,0.0005361159395885306,1000.0,24000.0
