O^z,error,N,total_data
-0.1760463659353693,0.0004671250647191343,1000.0,28000.0
