O^z,error,N,total_data
-0.21815354608383997,0.0006275236980720672,1000.0,20000.0
