O^z,error,N,total_data
-0.16150664346212237,0.00041278218960012807,1000.0,32000.0
