O^z,error,N,total_data
-0.38259529645267465,0.0037557492234370302,1000.0,1000.0
