O^z,error,N,total_data
-0.30088392268925995,0.0009460576789536173,1000.0,12000.0
