O^z,error,N,total_data
-0.24991172083113772,0.0007438255359975758,1000.0,16000.0
