O^z,error,N,total_data
-0.205533983982987,0.000679561345479959,1000.0,20000.0
