O^z,error,N,total_data
-0.28662868977889483,0.001023369873664193,1000.0,12000.0
