O^z,error,N,total_data
-0.16434812655106174,0.0005177508391725484,1000.0,28000.0
