O^z,error,N,total_data
-0.23803041237405936,0.0008206433847686001,1000.0,16000.0
