O^z,error,N,total_data
-0.15147141573708855,0.0004630638251627271,1000.0,32000.0
