O^z,error,N,total_data
-0.3693852597744057,0.003959876174651943,1000.0,1000.0
