O^z,error,N,total_data
-0.1820422260488533,0.0005863818174692171,1000.0,24000.0
