O^z,error,N,total_data
0.09084910590549793,0.003157954241875438,1000.0,1000.0
