O^z,error,N,total_data
0.04053199434457318,0.0005382888893992388,1000.0,16000.0
