O^z,error,N,total_data
0.011994793586610757,0.00020728461112654525,1000.0,32000.0
