O^z,error,N,total_data
0.020882341094905346,0.00031886868422031553,1000.0,24000.0
