O^z,error,N,total_data
-0.23305735047988127,0.0005313737234182242,1000.0,20000.0
