O^z,error,N,total_data
-0.18756423758808483,0.00040270700922789734,1000.0,28000.0
