O^z,error,N,total_data
-0.4049415204759846,0.0032310009322321295,1000.0,1000.0
