O^z,error,N,total_data
-0.17145582598919218,0.0003561519904415157,1000.0,32000.0
