O^z,error,N,total_data
-0.32063423197771024,0.000815925031366177,1000.0,12000.0
