O^z,error,N,total_data
-0.20694973484721446,0.0004556130296409662,1000.0,24000.0
