O^z,error,N,total_data
-0.2685675141020194,0.0006431790396637921,1000.0,16000.0
