O^z,error,N,total_data
-0.21461980841390582,0.00044763909243255147,1000.0,32000.0
