O^z,error,N,total_data
-0.28256983104115574,0.0006941297871139492,1000.0,16000.0
