O^z,error,N,total_data
-0.4056492380433884,0.0029870768415882097,1000.0,1000.0
