O^z,error,N,total_data
-0.22507733781343345,0.0004886911299069177,1000.0,28000.0
