O^z,error,N,total_data
-0.23799076675203726,0.0005353734504938657,1000.0,24000.0
