O^z,error,N,total_data
-0.2571457414565614,0.0005945916917164216,1000.0,20000.0
