O^z,error,N,total_data
-0.3260508728881491,0.0008114746748572161,1000.0,12000.0
