O^z,error,N,total_data
-0.01700025136052434,0.00020281453030165364,2998.0,95936.0
