O^z,error,N,total_data
-0.15455640672929202,0.0020513822826159953,8000.0,8000.0
