O^z,error,N,total_data
-0.0291907780157809,0.0002995178483069629,3000.0,72000.0
