O^z,error,N,total_data
-0.02914150048581166,0.00023532044643123973,5000.0,120000.0
