O^z,error,N,total_data
-0.060508163418907815,0.0002861044921644957,9999.0,159984.0
