O^z,error,N,total_data
-0.15869748719164808,0.003414519803637663,3000.0,3000.0
