O^z,error,N,total_data
-0.016599650655914334,0.00012539038786488926,7997.0,255904.0
