O^z,error,N,total_data
-0.15504273753070175,0.0018261717687901979,10000.0,10000.0
