O^z,error,N,total_data
-0.016807365763859296,0.00015801803820459083,4997.0,159904.0
