O^z,error,N,total_data
-0.016752610438640167,0.00011236518001539145,9995.0,319840.0
