O^z,error,N,total_data
-0.06027509268566126,0.0003204108321565334,7999.0,127984.0
