O^z,error,N,total_data
-0.15634865448529897,0.0025842595453254126,5000.0,5000.0
