O^z,error,N,total_data
-0.06023696347466864,0.0005219587213114276,3000.0,48000.0
