O^z,error,N,total_data
-0.06085055123277965,0.0004057216452714542,5000.0,80000.0
