O^z,error,N,total_data
-0.02912961456445944,0.00018655398294808588,7999.0,191976.0
