O^z,error,N,total_data
-0.029422766688961585,0.0001664172186036984,9999.0,239976.0
