O^z,error,N,total_data
-0.0486159676497525,0.00026598375143126906,1000.0,28000.0
