O^z,error,N,total_data
-0.2991174817686847,0.0020146581766703553,1000.0,1000.0
