O^z,error,N,total_data
-0.06669184300211058,0.000313028449429163,1000.0,24000.0
