O^z,error,N,total_data
-0.1979041454723408,0.000609662866385456,1000.0,12000.0
