O^z,error,N,total_data
-0.13722429471816142,0.0005181125418873765,1000.0,16000.0
