O^z,error,N,total_data
-0.0957971335458902,0.0004106451176396234,1000.0,20000.0
