O^z,error,N,total_data
-0.03767668016166915,0.0002450437975155796,1000.0,32000.0
