O^z,error,N,total_data
-0.1378152882953477,0.00037948924208857125,3000.0,72000.0
