O^z,error,N,total_data
-0.10807221618811721,0.0002899288900217554,3000.0,96000.0
