O^z,error,N,total_data
-0.24044938327699847,0.0007049843600005091,3000.0,36000.0
