O^z,error,N,total_data
-0.19201561055257935,0.0005527057484185133,3000.0,48000.0
