O^z,error,N,total_data
-0.12024846432138743,0.0003293293419232208,3000.0,84000.0
