O^z,error,N,total_data
-0.3249353313201109,0.002737693555318336,3000.0,3000.0
