O^z,error,N,total_data
-0.16001833074132393,0.00044668785975993585,3000.0,60000.0
