O^z,error,N,total_data
-0.1558416201906791,0.00013594708246104088,10000.0,320000.0
