O^z,error,N,total_data
-0.21231278176688262,0.000202907756834222,10000.0,200000.0
