O^z,error,N,total_data
-0.3750489209056481,0.0011907773039841949,10000.0,10000.0
