O^z,error,N,total_data
-0.245251003031052,0.0002463360438298052,10000.0,160000.0
