O^z,error,N,total_data
-0.1884663114622068,0.00017469469749113712,10000.0,240000.0
