O^z,error,N,total_data
-0.29424288014662076,0.00031275340781583105,10000.0,120000.0
