O^z,error,N,total_data
-0.17011532554820627,0.0001535222448509822,10000.0,280000.0
