ZL,error,N
0.012218744405095787,0.002355554204807359,1000.0
