ZL,error,N
0.0037196899721601805,0.0022584655748899007,1000.0
