ZL,error,N
0.03862700763398391,0.0028093883969895436,1000.0
