ZL,error,N
0.01814644079151949,0.002574249310469276,1000.0
