ZL,error,N
0.0035359706875546042,0.0014242241034271815,3000.0
