ZL,error,N
0.003786612309141975,0.0007685602032659582,9997.0
