ZL,error,N
0.009963236977707495,0.0011215571679156777,4999.0
