ZL,error,N
0.0028599105793891385,0.0008769914251885785,7997.0
