ZL,error,N
0.009921913023104694,0.0007889014472200149,9999.0
