ZL,error,N
0.0026234508702897047,0.0007809253511834991,9996.0
