ZL,error,N
0.004335873963471795,0.0008539751543342723,7998.0
