ZL,error,N
0.004463778228462577,0.001401349745358125,2999.0
