ZL,error,N
0.0031158344764518476,0.0011031017581428547,4998.0
