ZL,error,N
0.010059449198262864,0.00145738926144662,3000.0
