ZL,error,N
0.0038781993864373246,0.0010831044414121775,4998.0
