ZL,error,N
0.023888710827802338,0.0008695446994204163,10000.0
