ZL,error,N
0.023742654461301242,0.001623423375700648,3000.0
