ZL,error,N
0.025336131098855994,0.0012472109926649694,5000.0
