ZL,error,N
0.010133606293483572,0.0008835658442496697,7999.0
