ZL,error,N
0.024091018202839983,0.0009762218670023696,8000.0
