ZL,error,N
-0.12712618291047714,0.0009391594445048962,1000.0
