ZL,error,N
-0.03252848178219672,0.002804709055426017,1000.0
