ZL,error,N
0.05152758906536553,0.0036969331371463376,1000.0
