ZL,error,N
0.015610867627861265,0.0033334170947369665,1000.0
