ZL,error,N
-0.07692864844848399,0.00255562973658341,1000.0
