ZL,error,N
-0.11650452227344675,0.0020391448946996127,1000.0
