ZL,error,N
-0.13751753592157817,0.0013271778645484982,1000.0
