O^z,error,N,total_data
-0.05712293625473587,0.0004447389126266154,1000.0,28000.0
