O^z,error,N,total_data
-0.171483915195091,0.0011216677626425956,1000.0,12000.0
