O^z,error,N,total_data
-0.2555061582544348,0.004365142261667489,1000.0,1000.0
