O^z,error,N,total_data
-0.1237091690147992,0.0008488941165469375,1000.0,16000.0
