O^z,error,N,total_data
-0.07164350342318686,0.0005350729995966726,1000.0,24000.0
