O^z,error,N,total_data
-0.09379048797927082,0.0006718906428599531,1000.0,20000.0
