O^z,error,N,total_data
-0.047702453614027654,0.00038613066663858764,1000.0,32000.0
