O^z,error,N,total_data
0.0005384874095667794,0.00026919601259713766,1.0,24.0
