O^z,error,N,total_data
0.00038051321841825974,0.0003144806225060091,1.0,20.0
