O^z,error,N,total_data
0.0004575004679778804,0.0005957920986145141,1.0,32.0
