O^z,error,N,total_data
5.802556380437934e-05,0.00038397654141210873,1.0,16.0
