O^z,error,N,total_data
0.001131164416114565,0.0006460766065840341,1.0,28.0
