O^z,error,N,total_data
-0.00013099007001525013,7.771106744478247e-06,1.0,12.0
