O^z,error,N,total_data
-0.22621037236054178,0.0004048470035486806,1000.0,32000.0
