O^z,error,N,total_data
-0.2984732249439673,0.0006266893029246292,1000.0,16000.0
