O^z,error,N,total_data
-0.425544980043644,0.0028136525755313394,1000.0,1000.0
