O^z,error,N,total_data
-0.23695056216880897,0.00043296449329665806,1000.0,28000.0
