O^z,error,N,total_data
-0.34209463100847537,0.0007471442436407813,1000.0,12000.0
