O^z,error,N,total_data
-0.27073270539764016,0.0005351715426544537,1000.0,20000.0
