O^z,error,N,total_data
-0.25089448620135635,0.0004698344778257569,1000.0,24000.0
