ZL,error,N
0.013331183646267411,0.002399832286885287,1000.0
