ZL,error,N
0.04659240881302289,0.002893253430859347,1000.0
