ZL,error,N
0.010288100869167,0.002374799165880993,1000.0
