ZL,error,N
0.01946504985661211,0.002566638678614172,1000.0
