ZL,error,N
0.0013135460750381559,0.0008890345589408079,8000.0
