ZL,error,N
0.02646814523127759,0.0022312938150387974,2993.0
