ZL,error,N
0.0015129160112842628,0.0011201568929263782,5000.0
