ZL,error,N
0.01748964602543543,0.0010773717334896299,9987.0
