ZL,error,N
0.026805315470588547,0.0012024511245913787,9966.0
