ZL,error,N
0.005395169117188148,0.0017466418053560646,2999.0
