ZL,error,N
0.006387025392349275,0.0013499506268848224,4998.0
