ZL,error,N
0.01629067825415772,0.0019773226342104113,2999.0
