ZL,error,N
0.027664287466363614,0.001719656927962683,4983.0
