ZL,error,N
0.006884006714400806,0.0010574996328993017,7997.0
