ZL,error,N
0.0011678223330679255,0.0014436893589229187,3000.0
