ZL,error,N
0.017687653442816375,0.001514050298241914,4998.0
