ZL,error,N
0.0009505060680680185,0.000795691620286729,10000.0
