ZL,error,N
0.007125277633477543,0.0009436951140339457,9996.0
