ZL,error,N
0.026678119895477092,0.0013550584715637584,7970.0
