ZL,error,N
0.018186217447275544,0.0012000072414028108,7992.0
