ZL,error,N
0.005670318659720894,0.001231002808160109,2992.0
