ZL,error,N
0.014075549820574266,0.0013387867277935498,3000.0
