ZL,error,N
0.005328340574195342,0.0011733015203258823,2999.0
