ZL,error,N
0.002641128555805066,0.0012193853817020954,2991.0
