ZL,error,N
0.006192250078937861,0.0012075192900264098,2999.0
