ZL,error,N
0.003652936613393283,0.0023971388035709975,964.0
