ZL,error,N
0.0025328126825293973,0.0022986446067608467,979.0
