ZL,error,N
0.021779300126354893,0.0014295732882114132,3000.0
