ZL,error,N
0.010510183788435327,0.001267201812070182,3000.0
