ZL,error,N
0.0011138464835133003,0.0022486360618586185,996.0
