O^z,error,N,total_data
0.002051270663722008,0.0007807125154824258,1.0,32.0
