O^z,error,N,total_data
0.001006151943786343,0.0006682085469105523,1.0,16.0
