O^z,error,N,total_data
-5.527279619940622e-05,2.677268193746452e-05,1.0,64.0
