O^z,error,N,total_data
3.142126751786971e-06,8.26122221835525e-07,1.0,128.0
