ZL,error,N
-0.09640416454619027,0.0016638216474037773,1000.0
