ZL,error,N
-0.016751945306783388,0.004314716630605187,1000.0
