ZL,error,N
0.02685715950287933,0.004716820788948008,1000.0
