ZL,error,N
-0.09310810001974267,0.0026234698527333837,1000.0
