ZL,error,N
0.1194278030897176,0.005346335482805225,1000.0
