ZL,error,N
0.07640776288971461,0.005109801551986717,1000.0
