ZL,error,N
-0.05841596257076956,0.0036414119352754857,1000.0
