ZL,error,N
0.18357818218110286,0.0037861244326602293,1000.0
