ZL,error,N
0.19316895961533856,0.0028157573143048364,1000.0
