ZL,error,N
0.18403115497899883,0.004012807466425414,1000.0
