ZL,error,N
0.1888907670306142,0.0034146126286697,1000.0
