ZL,error,N
0.18558753146946202,0.003646154420462671,1000.0
