ZL,error,N
0.19665340931375944,0.0024382074777481192,1000.0
