ZL,error,N
0.18802818212513978,0.0031490546615116416,1000.0
