O^z,error,N,total_data
-0.2927164028047843,0.0005589848603305492,1000.0,16000.0
