O^z,error,N,total_data
-0.1907617659484222,0.0003422072581882228,1000.0,32000.0
