O^z,error,N,total_data
-0.3450417106578833,0.0006792566793715984,1000.0,12000.0
