O^z,error,N,total_data
-0.22740151476462955,0.0004152102813531862,1000.0,24000.0
