O^z,error,N,total_data
-0.20682214083382694,0.0003781926300391012,1000.0,28000.0
