O^z,error,N,total_data
-0.2570371659594598,0.0004859227775114217,1000.0,20000.0
