O^z,error,N,total_data
-0.44129394853086884,0.002357218189272823,1000.0,1000.0
