ZL,error,N
0.003933408160020163,0.0008625383390814905,9997.0
