ZL,error,N
0.0020963145185558976,0.0011806546841545747,5000.0
