ZL,error,N
0.016953556437664823,0.0008755925297006872,10000.0
