ZL,error,N
0.00650723085840043,0.00157332951294901,3000.0
