ZL,error,N
0.0015594600472671946,0.0008306392170212692,10000.0
