ZL,error,N
0.004517207489839624,0.0008177635153058912,10000.0
