ZL,error,N
0.001875694225398091,0.0009312135206405416,8000.0
