ZL,error,N
0.005099881034828359,0.0012317962704449697,5000.0
