ZL,error,N
0.01682719535046915,0.0016196412534868977,3000.0
