ZL,error,N
0.0029060014883772207,0.0015308943100104638,3000.0
