ZL,error,N
0.0039004623365609843,0.0009651038452623045,7998.0
