ZL,error,N
0.017494788989994934,0.0012421168954714905,5000.0
