ZL,error,N
0.004615062079623821,0.000908569905038309,8000.0
