ZL,error,N
0.005389010401042234,0.0011528084896930374,5000.0
