ZL,error,N
0.004445179862891678,0.0014842662115341133,3000.0
