ZL,error,N
0.01709921968577656,0.0009831729241769312,8000.0
