O^z,error,N,total_data
0.004250910620537638,0.0018971699821735885,1.0,24.0
