O^z,error,N,total_data
-0.00855591055495209,0.0015439028240534097,1.0,16.0
