O^z,error,N,total_data
-0.0015064797303175083,0.0017955446975827644,1.0,32.0
