O^z,error,N,total_data
-0.027567934378322893,0.0019822973832461246,1.0,12.0
