O^z,error,N,total_data
-0.008121055033375586,0.0016475483488901483,1.0,20.0
