O^z,error,N,total_data
-0.0020828518863669596,0.0020145685655935898,1.0,28.0
