O^z,error,N,total_data
-0.06185308139049711,0.0003148909835561718,3000.0,84000.0
