O^z,error,N,total_data
-0.051216103832430984,0.0002701872076601934,3000.0,96000.0
