O^z,error,N,total_data
-0.07627397723904346,0.0003733907599632954,3000.0,72000.0
