O^z,error,N,total_data
-0.12256363856992289,0.0005862308052330118,3000.0,48000.0
