O^z,error,N,total_data
-0.2514388519872398,0.003212958155733867,3000.0,3000.0
