O^z,error,N,total_data
-0.09518727922712433,0.0004639585429191334,3000.0,60000.0
