O^z,error,N,total_data
-0.16864197996605448,0.0007898151128035604,3000.0,36000.0
