ZL,error,N
-0.1263649243091595,0.00294161268122314,1000.0
