ZL,error,N
-0.12575086404292385,0.0037885971204586638,1000.0
