ZL,error,N
-0.09872953878394435,0.004742136338290097,1000.0
