ZL,error,N
-0.1184375663870818,0.004352529755920124,1000.0
