ZL,error,N
-0.10665694703405199,0.0025207648729988065,1000.0
