ZL,error,N
-0.06459032204627607,0.002596713697447534,1000.0
