ZL,error,N
-0.13093705729011865,0.003343478898907736,1000.0
