O^z,error,N,total_data
-0.17196716689437083,0.00015155714331735988,10000.0,280000.0
