O^z,error,N,total_data
-0.19033623428930024,0.00017312495229810553,10000.0,240000.0
