O^z,error,N,total_data
-0.15760859144845527,0.00013455218548598507,10000.0,320000.0
