O^z,error,N,total_data
-0.21397872941257493,0.00020144061057239513,10000.0,200000.0
