O^z,error,N,total_data
-0.37654329589276736,0.00116839745852915,10000.0,10000.0
