O^z,error,N,total_data
-0.2961341748976443,0.0003085143050967125,10000.0,120000.0
