O^z,error,N,total_data
-0.2467193243326964,0.00024406883833283418,10000.0,160000.0
