O^z,error,N,total_data
-0.45032721841969764,0.0020730388914823386,1000.0,1000.0
