O^z,error,N,total_data
-0.2803093370770031,0.00039615759118941823,1000.0,28000.0
