O^z,error,N,total_data
-0.3056390549871613,0.00047293935866959865,1000.0,20000.0
