O^z,error,N,total_data
-0.3709990003268783,0.0006177111589206436,1000.0,12000.0
