O^z,error,N,total_data
-0.2910079101018716,0.0004171100913012595,1000.0,24000.0
