O^z,error,N,total_data
-0.33030450353102236,0.0005387352432002939,1000.0,16000.0
