O^z,error,N,total_data
-0.2718443806956128,0.0003765637254860029,1000.0,32000.0
