ZL,error,N
0.19945626197779753,0.00214278871353811,1000.0
