ZL,error,N
0.13651750290612877,0.0019364214239367102,1000.0
