ZL,error,N
0.0612014246762792,0.0017162051566125959,1000.0
