ZL,error,N
-0.08569684607188952,0.0005773981300822795,1000.0
