ZL,error,N
0.2553087291894929,0.0023945390949104105,1000.0
