ZL,error,N
-0.016064715995025895,0.001197518354024029,1000.0
