ZL,error,N
0.30560067854116607,0.002392920344059383,1000.0
