O^z,error,N,total_data
-0.005450634195724968,0.00011289885191144684,1000.0,24000.0
