O^z,error,N,total_data
-0.011831326936840598,0.00022113496320405227,1000.0,20000.0
