O^z,error,N,total_data
-0.0029835485798680545,7.826340755580152e-05,1000.0,28000.0
