O^z,error,N,total_data
-0.0019195716376149913,6.680363786952757e-05,1000.0,32000.0
