O^z,error,N,total_data
-0.10670232882601281,0.003117899270699529,1000.0,1000.0
