O^z,error,N,total_data
-0.021956832921096542,0.00033586310072675153,1000.0,16000.0
