O^z,error,N,total_data
-0.046823981640295304,0.0006029051367229799,1000.0,12000.0
