ZL,error,N
0.18050673215862498,0.002682660048169922,1000.0
