ZL,error,N
0.1457803503056486,0.004270811892646023,1000.0
