ZL,error,N
0.15720529490571494,0.003787649610852678,1000.0
