ZL,error,N
0.16422335309051195,0.0035120918668870237,1000.0
