ZL,error,N
0.17073287142484117,0.0031342063408941814,1000.0
