ZL,error,N
0.14029068707314932,0.004482439223772889,1000.0
