ZL,error,N
0.1532693291858446,0.003871112610735259,1000.0
