ZL,error,N
0.12168977160313313,0.004413469441972975,1000.0
