ZL,error,N
0.10877814251947257,0.004667604116971143,1000.0
