ZL,error,N
0.13951354380139763,0.003861731308387399,1000.0
