ZL,error,N
0.08823827426849591,0.005230882482529868,1000.0
