ZL,error,N
0.1767465509945613,0.0025310184724663463,1000.0
