ZL,error,N
0.07639862307346497,0.005535403602416354,1000.0
