ZL,error,N
0.16105739160920707,0.00331142912492806,1000.0
