O^z,error,N,total_data
-0.17012252549478935,0.0001525816287581723,10000.0,280000.0
