O^z,error,N,total_data
-0.1559148708364801,0.00013571291494424742,10000.0,320000.0
