O^z,error,N,total_data
-0.2945029021340841,0.00030974052600140083,10000.0,120000.0
