O^z,error,N,total_data
-0.37443092340233647,0.0011935665622881534,10000.0,10000.0
