O^z,error,N,total_data
-0.21236373928228836,0.00020404054738419787,10000.0,200000.0
