O^z,error,N,total_data
-0.18827063828615,0.00017415784161274885,10000.0,240000.0
