O^z,error,N,total_data
-0.24514282738600038,0.0002466219488825017,10000.0,160000.0
