O^z,error,N,total_data
-0.09521129880424738,0.0007717036188662561,3000.0,36000.0
