O^z,error,N,total_data
-0.016779973844063167,0.00022102735963436683,2998.0,95936.0
