O^z,error,N,total_data
-0.04303781034284005,0.0004204004395756761,3000.0,60000.0
