O^z,error,N,total_data
-0.1615134028946199,0.003369258921682725,3000.0,3000.0
