O^z,error,N,total_data
-0.03161886864644536,0.00032876774192338036,2998.0,71952.0
