O^z,error,N,total_data
-0.061081999807297074,0.0005414248231599344,3000.0,48000.0
