O^z,error,N,total_data
-0.022970617146873432,0.0002651472134052482,2999.0,83972.0
