ZL,error,N
-0.15647348688924548,0.0038350936927084413,1000.0
