ZL,error,N
-0.14665103635604865,0.003415660593317307,1000.0
