ZL,error,N
-0.07363451420687812,0.0031653856128060864,1000.0
