ZL,error,N
-0.15715336299385893,0.0036338379693277435,1000.0
