ZL,error,N
-0.132865259430242,0.0032328789540817457,1000.0
