ZL,error,N
-0.1092558137300357,0.0033017240957043097,1000.0
