ZL,error,N
-0.023878575704355094,0.003099002854397826,1000.0
