ZL,error,N
-0.18363551537077427,0.004096718415926662,1000.0
