ZL,error,N
0.03799698117478832,0.0026433657755873586,1000.0
