ZL,error,N
-0.2738370916386618,0.004417828297811767,1000.0
