ZL,error,N
-0.13752820161513654,0.004063249324432466,1000.0
