ZL,error,N
-0.08227633326967516,0.0037266242745211155,1000.0
