ZL,error,N
-0.23018599499843234,0.004382676337037751,1000.0
