ZL,error,N
-0.02526488195607038,0.0033003722554271735,1000.0
