O^z,error,N,total_data
-0.2340827943158117,0.000627811395078596,1000.0,20000.0
