O^z,error,N,total_data
-0.184483147502169,0.0004379653167875698,1000.0,32000.0
