O^z,error,N,total_data
-0.2138005494212872,0.0005355423833464257,1000.0,24000.0
