O^z,error,N,total_data
-0.2658256075401988,0.0007258447579938772,1000.0,16000.0
