O^z,error,N,total_data
-0.31337769681176303,0.0008795092993844382,1000.0,12000.0
