O^z,error,N,total_data
-0.39385052504127216,0.0033454208749070014,1000.0,1000.0
