O^z,error,N,total_data
-0.19496244393519252,0.00048481387685151166,1000.0,28000.0
