O^z,error,N,total_data
-0.1822013222829484,0.0005120291010678081,1000.0,24000.0
