O^z,error,N,total_data
-0.15411132558799726,0.00040335129728664943,1000.0,32000.0
