O^z,error,N,total_data
-0.23105773250197573,0.0007377512161818377,1000.0,16000.0
