O^z,error,N,total_data
-0.362527413496681,0.004137406564660588,1000.0,1000.0
