O^z,error,N,total_data
-0.16359281019210903,0.00040451502010400585,1000.0,32000.0
