O^z,error,N,total_data
-0.2543662765639474,0.0007251088544286237,1000.0,16000.0
