O^z,error,N,total_data
-0.1785304677707977,0.00044901554445486215,1000.0,28000.0
