O^z,error,N,total_data
-0.19608810027499043,0.0005285743339139539,1000.0,24000.0
