O^z,error,N,total_data
-0.22076201585332492,0.0006075865518494331,1000.0,20000.0
