O^z,error,N,total_data
-0.3051561666844162,0.0009218293947882158,1000.0,12000.0
