O^z,error,N,total_data
-0.38852481602108724,0.0034787326817910195,1000.0,1000.0
