O^z,error,N,total_data
-0.07385132152991174,0.0003452879721976535,8000.0,128000.0
