O^z,error,N,total_data
-0.023289443619271984,0.00023619360713907737,2999.0,95968.0
