O^z,error,N,total_data
-0.1847076009252978,0.0033933066178380767,3000.0,3000.0
