O^z,error,N,total_data
-0.07432950498966079,0.00043704808961985114,5000.0,80000.0
