O^z,error,N,total_data
-0.18177478070847888,0.002635925535968108,5000.0,5000.0
