O^z,error,N,total_data
-0.039527179940249506,0.0002627376924032414,4999.0,119976.0
