O^z,error,N,total_data
-0.07412318557435876,0.0003104735023757989,10000.0,160000.0
