O^z,error,N,total_data
-0.07406883074593221,0.0005616900286059978,3000.0,48000.0
