O^z,error,N,total_data
-0.03938442537945795,0.00018663292892053018,9997.0,239928.0
