O^z,error,N,total_data
-0.03901300617517419,0.00020870722543217415,7998.0,191952.0
