O^z,error,N,total_data
-0.022925906319672795,0.0001441001393778461,7997.0,255904.0
