O^z,error,N,total_data
-0.17916283704707225,0.002092550213534653,8000.0,8000.0
