O^z,error,N,total_data
-0.17965739684243812,0.0018669657540290414,10000.0,10000.0
