O^z,error,N,total_data
-0.03925248826311185,0.00034097975996807126,2999.0,71976.0
