O^z,error,N,total_data
-0.02280673710480418,0.0001814874117499855,4997.0,159904.0
