O^z,error,N,total_data
-0.023108822668302553,0.00012928676968756745,9996.0,319872.0
