O^z,error,N,total_data
-0.03617766067493105,0.00030101941501723333,3000.0,72000.0
