O^z,error,N,total_data
-0.07087942666542078,0.0003969095858612297,5000.0,80000.0
