O^z,error,N,total_data
-0.17232063817094187,0.0017647321919337425,10000.0,10000.0
