O^z,error,N,total_data
-0.020806467869237313,0.00019769568434978115,3000.0,96000.0
