O^z,error,N,total_data
-0.020941414136682036,0.0001092036174153845,9999.0,319968.0
