O^z,error,N,total_data
-0.07053413154338979,0.0003144749035882694,8000.0,128000.0
