O^z,error,N,total_data
-0.020651725347800867,0.00015370751717779467,4999.0,159968.0
