O^z,error,N,total_data
-0.1721533324526734,0.0017671746140145066,10000.0,10000.0
