O^z,error,N,total_data
-0.03615223272714379,0.00023476124283700593,5000.0,120000.0
