O^z,error,N,total_data
-0.0703469038214341,0.00028242891799399396,10000.0,160000.0
