O^z,error,N,total_data
-0.03599683942111056,0.000185913249673463,8000.0,192000.0
