O^z,error,N,total_data
-0.020850502733986007,0.00012221105201356403,7999.0,255968.0
