O^z,error,N,total_data
-0.10537985390117388,0.000399845545738787,10000.0,120000.0
