O^z,error,N,total_data
-0.0360423140661023,0.00016546320341664542,10000.0,240000.0
