O^z,error,N,total_data
-0.1764153742613922,0.003202827447845807,3000.0,3000.0
