O^z,error,N,total_data
-0.1743326044551818,0.002457113166553983,5000.0,5000.0
