O^z,error,N,total_data
-0.17212160273970462,0.001967517341250077,8000.0,8000.0
