O^z,error,N,total_data
-0.07037152080902634,0.0005077048085677115,3000.0,48000.0
