O^z,error,N,total_data
-0.07031103060794612,0.0002821405398865582,10000.0,160000.0
