ZL,error,N
0.17332441606701474,0.004926499726954713,1000.0
