ZL,error,N
-0.10012669796468031,0.0014483792858310158,1000.0
