ZL,error,N
-0.033560177186792134,0.0036553830768302985,1000.0
