ZL,error,N
0.02090587157508539,0.0042599598199419475,1000.0
