ZL,error,N
-0.0811777210633401,0.0026864767925799202,1000.0
