ZL,error,N
0.0734983393227531,0.004541923566438411,1000.0
