ZL,error,N
0.12950005026104033,0.004826998136489665,1000.0
