ZL,error,N
0.004217088209243899,0.002563545699892939,1000.0
