ZL,error,N
0.009696886632872258,0.0027360966879260346,1000.0
