ZL,error,N
0.031244399943764555,0.00288295987260284,1000.0
