ZL,error,N
0.002876997670121898,0.002578565652669591,1000.0
