ZL,error,N
-0.1273434006198099,0.00925550537708762,1000.0
