ZL,error,N
-0.22816284071217444,0.007205950842851029,1000.0
