ZL,error,N
-0.18886842370638596,0.008648208880067107,1000.0
