ZL,error,N
-0.1579461113884245,0.009016700984542584,1000.0
