O^z,error,N,total_data
-0.12159683943457758,0.000553156660311484,1000.0,28000.0
