O^z,error,N,total_data
-0.24614219927789546,0.0010375840651922895,1000.0,12000.0
