O^z,error,N,total_data
-0.16595351046724016,0.0007251042681745525,1000.0,20000.0
