O^z,error,N,total_data
-0.1968405957618025,0.00085424815234622,1000.0,16000.0
