O^z,error,N,total_data
-0.10897802049205575,0.0005084836888660732,1000.0,32000.0
