O^z,error,N,total_data
-0.14136478560433605,0.0006296702070831456,1000.0,24000.0
