O^z,error,N,total_data
-0.3314795275416574,0.003762329678250252,1000.0,1000.0
