O^z,error,N,total_data
-0.2915542330294341,0.00038950446616147947,1000.0,32000.0
