O^z,error,N,total_data
-0.31830986019777086,0.00046292644742218123,1000.0,20000.0
