O^z,error,N,total_data
-0.29653863602139674,0.00041172057358574685,1000.0,28000.0
