O^z,error,N,total_data
-0.37285309706472236,0.0005803769234193814,1000.0,12000.0
