O^z,error,N,total_data
-0.3047798656085848,0.00042625081748757387,1000.0,24000.0
