O^z,error,N,total_data
-0.33681285604958977,0.0005019834467345676,1000.0,16000.0
