O^z,error,N,total_data
-0.4430813086827079,0.0018944191715522677,1000.0,1000.0
