O^z,error,N,total_data
-0.20449055612773887,0.0037881474751424913,1000.0,1000.0
