O^z,error,N,total_data
-0.032859592329918634,0.0003325424590582406,1000.0,24000.0
