O^z,error,N,total_data
-0.12072981172502796,0.0009253810817594396,1000.0,12000.0
