O^z,error,N,total_data
-0.04972482795450189,0.00046867000745213735,1000.0,20000.0
