O^z,error,N,total_data
-0.023430046575972415,0.00026029217834150456,1000.0,28000.0
