O^z,error,N,total_data
-0.07584833049938527,0.0006369424401150998,1000.0,16000.0
