O^z,error,N,total_data
-0.016203303796937935,0.00020537283323302319,1000.0,32000.0
