ZL,error,N
0.21831964531825604,0.0021509228644544624,1000.0
