ZL,error,N
0.2204200795519105,0.0010914508927142208,10000.0
