ZL,error,N
0.21880032459280732,0.003678803700317862,1000.0
