ZL,error,N
0.22181893180684542,0.001345355740990524,10000.0
