ZL,error,N
0.2156375911221628,0.0006846774615690788,10000.0
