ZL,error,N
0.22006634349835694,0.0011799564829186502,10000.0
