ZL,error,N
0.22156583970947,0.0012630997411527418,10000.0
