ZL,error,N
0.21843074981156246,0.003115643289907955,1000.0
