ZL,error,N
0.2171762577329819,0.0008521781128085023,10000.0
