ZL,error,N
0.21613292384801874,0.004372264215970555,1000.0
