ZL,error,N
0.2190353574000274,0.0009896678267840926,10000.0
