ZL,error,N
0.2156662382367351,0.004007131292483077,1000.0
