ZL,error,N
0.2191102627642879,0.0026890464775795497,1000.0
