ZL,error,N
0.21529102583917567,0.003603680302223903,1000.0
