ZL,error,N
0.2757573154841606,0.004567167117585111,1000.0
