ZL,error,N
0.21723457717636133,0.004482076760661573,1000.0
