ZL,error,N
-0.057115640453236825,0.002113899072090126,1000.0
