ZL,error,N
0.3214965200630891,0.004789105160980023,1000.0
