ZL,error,N
0.0062085411385936215,0.0033631785371459914,1000.0
