ZL,error,N
0.1529784301520869,0.004547265996455238,1000.0
