ZL,error,N
0.08330213473392366,0.004200562267333235,1000.0
