O^z,error,N,total_data
-0.16962236216238163,0.00033407497511069777,1000.0,32000.0
