O^z,error,N,total_data
-0.18683552836888043,0.0003816914562760184,1000.0,28000.0
