O^z,error,N,total_data
-0.2354872200333019,0.0005069806258853393,1000.0,20000.0
