O^z,error,N,total_data
-0.32472107240668996,0.0007920627524601924,1000.0,12000.0
