O^z,error,N,total_data
-0.08301522411378816,0.0010173768641475705,1000.0,16000.0
