O^z,error,N,total_data
-0.18894114214868857,0.005725803685798683,1000.0,1000.0
