O^z,error,N,total_data
-0.028282891963273597,0.00043405280506923695,1000.0,32000.0
