O^z,error,N,total_data
-0.045575050751074105,0.0006193999513182892,1000.0,24000.0
