ZL,error,N
-0.22581065373877512,0.002541916031407265,1000.0
