ZL,error,N
-0.07430130586140346,0.0018880317975450524,1000.0
