ZL,error,N
-0.15878484731143125,0.002288574679217974,1000.0
