ZL,error,N
-0.28216874350785515,0.002759185413674568,1000.0
