ZL,error,N
-0.3319068807134179,0.0029697073859483434,1000.0
