ZL,error,N
-0.4123183801623106,0.003283400504001358,1000.0
