ZL,error,N
-0.3752666706971079,0.00315184599644783,1000.0
