ZL,error,N
0.16202069431312924,0.003392198533109529,1000.0
