ZL,error,N
0.14158805138976097,0.004228105048568844,1000.0
