ZL,error,N
0.15434157928934308,0.00380133275222588,1000.0
