ZL,error,N
0.15647203548786245,0.0036110481778307943,1000.0
