ZL,error,N
0.1713124390067424,0.003038042751219017,1000.0
