ZL,error,N
0.17842116478003822,0.0026824424794790616,1000.0
