ZL,error,N
0.1489089949394096,0.004057376158241108,1000.0
