corr,error,N
2.4165632894109548,0.0183208144332614,1000.0
