corr,error,N
2.6602318500999065,0.018059854269137306,1000.0
