corr,error,N
2.5499275143314697,0.017523586236294464,1000.0
