corr,error,N
3.04666639544964,0.01764046394244546,1000.0
