O^z,error,N,total_data
-0.018331379255151204,0.00030067050963926737,2983.0,71592.0
