O^z,error,N,total_data
-0.040640672769610066,0.0005194418486225049,2996.0,47936.0
