O^z,error,N,total_data
-0.0014805934825930017,0.00016213652996255134,952.0,60928.0
