O^z,error,N,total_data
-0.1252749709883628,0.003371340193488373,2998.0,2998.0
