O^z,error,N,total_data
-0.009338031111611059,0.0002182265348269338,2964.0,94848.0
