O^z,error,N,total_data
-0.0032914985117506856,0.00022352654506890544,976.0,46848.0
