O^z,error,N,total_data
-0.0010379622220095472,0.00014239858146478855,915.0,73200.0
