O^z,error,N,total_data
-0.028128454573615135,0.00039601348507064117,2993.0,59860.0
