O^z,error,N,total_data
-0.06762711435444005,0.00074302408704432,2999.0,35988.0
