O^z,error,N,total_data
-0.012783460386055134,0.00024961362987079635,2981.0,83468.0
