ZL,error,N
0.011470427275446886,0.0010699408156722723,9995.0
