ZL,error,N
0.00442234726269873,0.001081230886576593,7999.0
