ZL,error,N
0.004538409493462118,0.0012129383472149196,5000.0
