ZL,error,N
0.004216755445956103,0.0008532796001351329,10000.0
