ZL,error,N
0.0008704606148390444,0.0010049697987366726,7999.0
