ZL,error,N
0.00013655104368047197,0.0016716532437870393,3000.0
