ZL,error,N
0.0038404217360216934,0.0009659471442148436,9999.0
