ZL,error,N
0.003556281254539098,0.0013740891963816798,5000.0
