ZL,error,N
0.011467952328193127,0.0015331523805954788,4997.0
