ZL,error,N
0.012598148912066818,0.0019923455144489205,2998.0
