ZL,error,N
0.0008904677953452888,0.0012878523260270505,5000.0
