ZL,error,N
0.0026203281181606942,0.001784456630091152,3000.0
