ZL,error,N
0.011471483207863247,0.001202885643996784,7997.0
