ZL,error,N
0.00457997413152956,0.0009588062986777807,8000.0
