ZL,error,N
0.0032531626248478644,0.0015800449353728097,3000.0
