ZL,error,N
0.0005183426219658675,0.0008967931702793371,9999.0
