ZL,error,N
0.12770913634226697,0.012774065637107666,1000.0
