ZL,error,N
-0.030696608620340207,0.012963308962525845,1000.0
