O^z,error,N,total_data
-0.17945476037932537,0.006035244238357856,1000.0,1000.0
