O^z,error,N,total_data
-0.02156893326860404,0.00038118515787918816,1000.0,32000.0
