O^z,error,N,total_data
-0.03579150339179824,0.0005500701120401685,1000.0,24000.0
