O^z,error,N,total_data
-0.07351474137460975,0.0009565284839516872,1000.0,16000.0
