O^z,error,N,total_data
-0.00047124811950224915,3.832367759646128e-05,1000.0,28000.0
