O^z,error,N,total_data
-0.0013335262452252453,9.94660994348037e-05,1000.0,20000.0
