O^z,error,N,total_data
-0.002820878687524584,0.00014001570145801047,1000.0,16000.0
