O^z,error,N,total_data
-0.0004120925288944247,2.4647485849978704e-05,1000.0,32000.0
