O^z,error,N,total_data
-0.044797203348333155,0.0008575454621963861,1000.0,1000.0
