O^z,error,N,total_data
-0.0008256956508305119,6.337282213986997e-05,1000.0,24000.0
