O^z,error,N,total_data
-0.010618805630014569,0.00021072509291972252,1000.0,12000.0
