O^z,error,N,total_data
-0.33577020515124917,0.0007860060238767929,1000.0,12000.0
