O^z,error,N,total_data
-0.2591462241865035,0.0005333155657673704,1000.0,20000.0
