O^z,error,N,total_data
-0.20882302833854946,0.0003895978971912725,1000.0,32000.0
