O^z,error,N,total_data
-0.23742186439745036,0.00046706525415053397,1000.0,24000.0
