O^z,error,N,total_data
-0.29032708995809003,0.0006167317249001739,1000.0,16000.0
