O^z,error,N,total_data
-0.42254715543442245,0.0029085710764720817,1000.0,1000.0
