O^z,error,N,total_data
-0.22215151154612992,0.0004199337558765064,1000.0,28000.0
