ZL,error,N
0.19692463268380192,0.003040276093418322,1000.0
