ZL,error,N
0.19340150932650127,0.003710365652946846,1000.0
