ZL,error,N
0.1980103230202059,0.003442656550960785,1000.0
