ZL,error,N
0.19730774079787983,0.0037622988726217937,1000.0
