ZL,error,N
0.19814773117676948,0.0032979670470809986,1000.0
