ZL,error,N
0.19656854850464645,0.0027171817760121074,1000.0
