ZL,error,N
0.1993626042923441,0.0023236260468218165,1000.0
