O^z,error,N,total_data
-0.1613939576507244,0.002619155176234905,5000.0,5000.0
