O^z,error,N,total_data
-0.06302185177457793,0.00029341270913514985,10000.0,160000.0
