O^z,error,N,total_data
-0.017744386135460383,0.00011500305748168744,9994.0,319808.0
