O^z,error,N,total_data
-0.06253182950955063,0.0005252376144846764,3000.0,48000.0
