O^z,error,N,total_data
-0.06284988587406179,0.00041189669031799046,5000.0,80000.0
