O^z,error,N,total_data
-0.1594495945047952,0.00207254481110879,8000.0,8000.0
