O^z,error,N,total_data
-0.006499213751559665,0.00027806340382409065,498.0,23904.0
