O^z,error,N,total_data
-0.0015072321109355978,0.000108802619098992,995.0,79600.0
