O^z,error,N,total_data
-0.03150666693080497,0.00024485298910538505,4999.0,119976.0
