O^z,error,N,total_data
-0.15981806826242845,0.0018487827697885539,10000.0,10000.0
