O^z,error,N,total_data
-0.16282413243068863,0.0034079888941430073,3000.0,3000.0
