O^z,error,N,total_data
-0.031331255061693424,0.00019451304219367046,7998.0,191952.0
