O^z,error,N,total_data
-0.06292445005972769,0.0003273938675262615,8000.0,128000.0
