O^z,error,N,total_data
-0.017611635227400918,0.00012742611816784623,7997.0,255904.0
