O^z,error,N,total_data
-0.018177933116775957,0.00016287766669261978,4998.0,159936.0
