O^z,error,N,total_data
-0.018763112818975674,0.0002114519342209911,2999.0,95968.0
