O^z,error,N,total_data
-0.031706047924569485,0.00031475631039765183,3000.0,72000.0
