O^z,error,N,total_data
-0.003099263535295619,0.00021969494655131434,499.0,31936.0
