O^z,error,N,total_data
-0.03141950609778145,0.00017367101659088944,9997.0,239928.0
