O^z,error,N,total_data
-0.1330640168392544,0.0003420589963443924,2000.0,72000.0
