O^z,error,N,total_data
-0.12317648459073909,0.0003097184255766362,2000.0,80000.0
