O^z,error,N,total_data
-0.10802126097037555,0.00038848488904897986,1000.0,48000.0
