O^z,error,N,total_data
-0.10929507560920969,0.00028030386412054533,2000.0,96000.0
