O^z,error,N,total_data
-0.13488367649698751,0.00047886992412930995,1000.0,36000.0
