O^z,error,N,total_data
-0.1160764781037825,0.0002953906453293312,2000.0,88000.0
