O^z,error,N,total_data
-0.11573205579127271,0.0004108560713993009,1000.0,44000.0
