O^z,error,N,total_data
-0.12243059713980568,0.00043667743262709334,1000.0,40000.0
