ZL,error,N
-0.0320619856403506,0.003493263298572119,1000.0
