ZL,error,N
0.014232029898283025,0.004851067685431267,1000.0
