ZL,error,N
0.0446801118455238,0.005295156559194994,1000.0
