ZL,error,N
-0.01940446281875502,0.004069330896784264,1000.0
