ZL,error,N
0.07556985994534263,0.006051636360270895,1000.0
