ZL,error,N
0.005311253538747551,0.0012268366017631322,2992.0
