ZL,error,N
0.00354820397703296,0.0006551778354461852,9994.0
