ZL,error,N
0.008000513715895694,0.0007698840556455309,7999.0
