ZL,error,N
0.0040770953576443935,0.0009227791097915438,4997.0
