ZL,error,N
0.02247686329650144,0.001437346031353791,3000.0
