ZL,error,N
0.0034844175974963598,0.0007298398775093061,7996.0
