ZL,error,N
0.004859429994824624,0.0009532580692216585,4987.0
