ZL,error,N
0.021764311922345413,0.0007811408200826339,10000.0
