ZL,error,N
0.021414573028918617,0.0008701324576302753,8000.0
