ZL,error,N
0.02252594433997194,0.001112719306363216,5000.0
