ZL,error,N
0.0045171784052564935,0.0007606204701236078,7982.0
