ZL,error,N
0.009325593080204,0.0009799748405393302,5000.0
