ZL,error,N
0.004095211722611761,0.0011973563348844376,3000.0
