ZL,error,N
0.010299941851736055,0.0012788066206353566,3000.0
