ZL,error,N
0.007800010521239796,0.0006916067079383308,9998.0
