ZL,error,N
0.004076560576159234,0.0006774219362710775,9977.0
