O^z,error,N,total_data
-0.0004441587814699938,1.5346907001482287e-05,1000.0,32000.0
