O^z,error,N,total_data
-0.08118127029726033,0.0020037588047314135,1000.0,1000.0
