O^z,error,N,total_data
-0.0020020803455015803,4.7233732194055664e-05,1000.0,24000.0
