O^z,error,N,total_data
-0.011907957134286103,0.00018279256464691574,1000.0,16000.0
