O^z,error,N,total_data
-0.004937952535674593,9.814445514936378e-05,1000.0,20000.0
