O^z,error,N,total_data
-0.030548995372909792,0.0003879511444276208,1000.0,12000.0
