O^z,error,N,total_data
-0.0008188863861609044,2.4713953221033938e-05,1000.0,28000.0
