O^z,error,N,total_data
-0.24227647534517194,0.0006674457855979332,1000.0,16000.0
