O^z,error,N,total_data
-0.3768045568162086,0.0038164080085363945,1000.0,1000.0
