O^z,error,N,total_data
-0.19275319286056328,0.0004770855183813546,1000.0,24000.0
