O^z,error,N,total_data
-0.16214994075848596,0.00037699873567901453,1000.0,32000.0
