O^z,error,N,total_data
-0.18401346763505227,0.0004258617907365535,1000.0,28000.0
