O^z,error,N,total_data
-0.1687734527248833,0.00037892439985546443,1000.0,32000.0
