O^z,error,N,total_data
-0.22667493334045014,0.0005765040212568625,1000.0,20000.0
