O^z,error,N,total_data
-0.2024764134355326,0.0004803452221356844,1000.0,24000.0
