O^z,error,N,total_data
-0.26152875532948605,0.0006954201230769758,1000.0,16000.0
