O^z,error,N,total_data
-0.31333070405048985,0.0008784476999333449,1000.0,12000.0
