O^z,error,N,total_data
-0.3981963737437866,0.003257930565569401,1000.0,1000.0
