O^z,error,N,total_data
-0.05524091431960951,0.0002983970672571602,9997.0,159952.0
