O^z,error,N,total_data
-0.01502734792662867,0.00011916337342347934,9980.0,319360.0
