O^z,error,N,total_data
-0.026811741836457056,0.0003220039487448876,2999.0,71976.0
