O^z,error,N,total_data
-0.026616494987614522,0.00017672424021554462,9993.0,239832.0
