O^z,error,N,total_data
-0.015115122830513463,0.00016715164590822747,4990.0,159680.0
