O^z,error,N,total_data
-0.014547678012161813,0.00021077986158255196,2994.0,95808.0
