O^z,error,N,total_data
-0.15399042315642636,0.0033936194466580405,3000.0,3000.0
