O^z,error,N,total_data
-0.14753655445609984,0.0018527752747064493,10000.0,10000.0
