O^z,error,N,total_data
-0.05529340038688011,0.00042314961982057393,4999.0,79984.0
