O^z,error,N,total_data
-0.02651691656981905,0.0002486879862308968,4996.0,119904.0
