O^z,error,N,total_data
-0.026593745262654265,0.00019766992942531916,7995.0,191880.0
