O^z,error,N,total_data
-0.15034531733354084,0.0026014495630436838,5000.0,5000.0
