O^z,error,N,total_data
-0.14718452345979857,0.0020675122738061874,8000.0,8000.0
