O^z,error,N,total_data
-0.015108365561301226,0.0001332948674311816,7982.0,255424.0
