O^z,error,N,total_data
-0.054973901332459954,0.00033322390901829386,7998.0,127968.0
