O^z,error,N,total_data
-0.05574209054052732,0.0005435936375650224,3000.0,48000.0
