O^z,error,N,total_data
-0.27319483365865904,0.0040750420353508,1.0,64.0
