O^z,error,N,total_data
-0.3005048196998909,0.006064254459868957,1.0,32.0
