O^z,error,N,total_data
-0.3592243461920889,0.012580902497548103,1.0,16.0
