O^z,error,N,total_data
-0.3190417607238795,0.007737386803279314,1.0,24.0
