O^z,error,N,total_data
-0.33408756781252447,0.011827112657782135,1.0,20.0
