O^z,error,N,total_data
-0.30890347117662864,0.00598936167279259,1.0,28.0
