O^z,error,N,total_data
-0.27749715143492776,0.004486616985569352,1.0,48.0
