O^z,error,N,total_data
-0.2629070614893992,0.002495418175051119,1.0,128.0
