O^z,error,N,total_data
-0.40222905401810216,0.014105141963171204,1.0,12.0
