ZL,error,N
0.17602227093374284,0.002987757312339759,1000.0
