ZL,error,N
0.16900640236897274,0.003262406582071101,1000.0
