ZL,error,N
0.15952423575112362,0.003987728867153063,1000.0
