ZL,error,N
0.16864662994146215,0.0035286186121023288,1000.0
