ZL,error,N
0.1596832415681251,0.004079361982666021,1000.0
