ZL,error,N
0.18372017747521768,0.0025559072432535107,1000.0
