ZL,error,N
0.1638044321526448,0.0037179250613640653,1000.0
