O^z,error,N,total_data
-0.032823457843868614,0.00032331545137714277,1000.0,32000.0
