O^z,error,N,total_data
-0.15199317202467696,0.0010866498652585509,1000.0,12000.0
