O^z,error,N,total_data
-0.10428312357490663,0.000797637125495013,1000.0,16000.0
