O^z,error,N,total_data
-0.043279756709529896,0.0003891342180468572,1000.0,28000.0
