O^z,error,N,total_data
-0.05526546462739881,0.0004847315602927876,1000.0,24000.0
