O^z,error,N,total_data
-0.23263219153121992,0.004373017783769674,1000.0,1000.0
