O^z,error,N,total_data
-0.0731828177314591,0.0006121986751418882,1000.0,20000.0
