O^z,error,N,total_data
-0.04618006505945848,0.0006104144217086593,1000.0,24000.0
