O^z,error,N,total_data
-0.1931331731535248,0.005892070116447691,1000.0,1000.0
