O^z,error,N,total_data
-0.028191266477233533,0.00041200329422849376,1000.0,32000.0
