O^z,error,N,total_data
-0.08781228448122404,0.000991344550288151,1000.0,16000.0
