O^z,error,N,total_data
-0.016088218454464783,0.00011020869308846544,9993.0,319776.0
