O^z,error,N,total_data
-0.05822104301699378,0.0005137297957126489,3000.0,48000.0
