O^z,error,N,total_data
-0.058709274805451045,0.0003993933578601334,5000.0,80000.0
