O^z,error,N,total_data
-0.15413326007329842,0.0025302847954992162,5000.0,5000.0
