O^z,error,N,total_data
-0.029121400222428387,0.00023351373400510003,4998.0,119952.0
