O^z,error,N,total_data
-0.05804009987578278,0.0003152242204989412,7999.0,127984.0
