O^z,error,N,total_data
-0.1533534444961336,0.001808459673632073,10000.0,10000.0
