O^z,error,N,total_data
-0.15279773617173262,0.002024469392159218,8000.0,8000.0
