O^z,error,N,total_data
-0.15648508712240142,0.00332332266021813,3000.0,3000.0
