O^z,error,N,total_data
-0.02892931908259883,0.00029259722150031745,2999.0,71976.0
