O^z,error,N,total_data
-0.015897241821942305,0.0001533800978999886,4997.0,159904.0
