O^z,error,N,total_data
-0.01582256570320433,0.0001999210497494474,2997.0,95904.0
