O^z,error,N,total_data
-0.016093505474061073,0.00012062730800415083,7994.0,255808.0
