O^z,error,N,total_data
-0.05799414867678921,0.0002812597561793832,9999.0,159984.0
