O^z,error,N,total_data
-0.028871166666415968,0.00018502284062942142,7997.0,191928.0
