O^z,error,N,total_data
-0.028890403800636455,0.00016443760363481932,9996.0,239904.0
