O^z,error,N,total_data
-0.1803704724101883,0.0032231193808706536,3000.0,3000.0
