O^z,error,N,total_data
-0.0387855885414111,0.00024107423163270355,5000.0,120000.0
