O^z,error,N,total_data
-0.1762724164776333,0.0019832848628242327,8000.0,8000.0
