O^z,error,N,total_data
-0.022372907927921598,0.0001117365003837653,10000.0,320000.0
