O^z,error,N,total_data
-0.022236712483785444,0.00012473730945631602,8000.0,256000.0
