O^z,error,N,total_data
-0.10995184290188664,0.0004053558861213622,10000.0,120000.0
