O^z,error,N,total_data
-0.03875526411429959,0.00019074731273056186,8000.0,192000.0
