O^z,error,N,total_data
-0.17854509173861222,0.002468382269618575,5000.0,5000.0
