O^z,error,N,total_data
-0.07363135072537458,0.0002883449075222379,10000.0,160000.0
