O^z,error,N,total_data
-0.03836042630693067,0.00030818263147422865,3000.0,72000.0
