O^z,error,N,total_data
-0.022027732102965665,0.00015674238897017692,5000.0,160000.0
