O^z,error,N,total_data
-0.07382977660390198,0.00032220182592321327,8000.0,128000.0
