O^z,error,N,total_data
-0.07406433509166298,0.00040654296731858816,5000.0,80000.0
