O^z,error,N,total_data
-0.1767390278347182,0.0017737197407218898,10000.0,10000.0
