O^z,error,N,total_data
-0.07370998684136945,0.00028849521514142144,10000.0,160000.0
