O^z,error,N,total_data
-0.022130668158123937,0.00020065162534604208,3000.0,96000.0
