O^z,error,N,total_data
-0.03883396685100069,0.00017023716967392745,10000.0,240000.0
