O^z,error,N,total_data
-0.07361259508113292,0.0005196919590339136,3000.0,48000.0
