ZL,error,N
-0.0006309858720688054,0.002495932791855479,999.0
