ZL,error,N
0.008771364465216057,0.0024704048550987963,1000.0
