ZL,error,N
0.03306596288784771,0.00279695090683517,1000.0
