ZL,error,N
0.004682443853996817,0.002310270687215284,1000.0
