ZL,error,N
0.06660603735124102,0.005429494783075445,998.0
