ZL,error,N
0.034410290130922304,0.004518615449464084,1000.0
