ZL,error,N
0.053208600592021246,0.004906607042026428,1000.0
