ZL,error,N
-0.0013869846155000018,0.0034422057262526802,1000.0
