ZL,error,N
0.014144324925639658,0.00367076864040822,1000.0
