ZL,error,N
-0.005319833462608833,0.005980057454240711,500.0
