ZL,error,N
0.01994371440339452,0.0048594860427813415,1000.0
