ZL,error,N
0.0009747247985960626,0.006321811259610084,500.0
