ZL,error,N
0.004426511385416793,0.0025998542018722693,1000.0
