ZL,error,N
0.008207855910785503,0.0036704540205292294,500.0
