ZL,error,N
0.004248347412515571,0.003373425433470839,500.0
