ZL,error,N
-0.07479052009455703,0.002362510104856498,1000.0
