ZL,error,N
-0.09099556838502605,0.0032462362528317018,1000.0
