ZL,error,N
-0.027331676195463183,0.004996830401769227,1000.0
