ZL,error,N
-0.053745372989257495,0.004378554024486236,1000.0
