ZL,error,N
-0.07594297425527624,0.003930247463680617,1000.0
