ZL,error,N
-0.09583113822254287,0.0025687417559311066,1000.0
