ZL,error,N
-0.005403084872879247,0.005351481635509233,1000.0
