O^z,error,N,total_data
-0.09508657189228335,0.0010200133265360614,1000.0,16000.0
