O^z,error,N,total_data
-0.03452280616749369,0.00043582125048466965,1000.0,32000.0
