O^z,error,N,total_data
-0.05286225446227866,0.0006244331396995414,1000.0,24000.0
