O^z,error,N,total_data
-0.20978882120408382,0.005778151431013322,1000.0,1000.0
