O^z,error,N,total_data
-5.453681075990215e-05,0.00014463218970015745,1.0,32.0
