O^z,error,N,total_data
-0.00027271934142141327,0.0003356428884418026,1.0,24.0
