O^z,error,N,total_data
-0.0002662074910758925,0.00015044477516046136,1.0,16.0
