O^z,error,N,total_data
-2.017200592524758e-06,1.0039353101548135e-06,1.0,12.0
