O^z,error,N,total_data
-0.00013771511609344947,0.0002728503695040723,1.0,28.0
