O^z,error,N,total_data
-0.00042544396942545935,0.0003292942804637735,1.0,20.0
