O^z,error,N,total_data
-0.3014229145174764,0.00094413014350721,1000.0,12000.0
