O^z,error,N,total_data
-0.3809796616694382,0.003724563604334231,1000.0,1000.0
