O^z,error,N,total_data
-0.19334468209997258,0.000538394365662505,1000.0,24000.0
