O^z,error,N,total_data
-0.21749970923364165,0.00062704421792414,1000.0,20000.0
