O^z,error,N,total_data
-0.1604505560519646,0.000420331103645305,1000.0,32000.0
