O^z,error,N,total_data
-0.2501390560200428,0.0007515316210504618,1000.0,16000.0
