O^z,error,N,total_data
-0.17524025410601826,0.0004729344426646833,1000.0,28000.0
