ZL,error,N
0.007144583476619635,0.0006862982316440731,9999.0
