ZL,error,N
0.02076479086904162,0.0014379750910746235,3000.0
