ZL,error,N
0.008829619089335095,0.0012685753142010234,3000.0
