ZL,error,N
0.003731925675919151,0.0006575110441917944,9992.0
