ZL,error,N
0.0036739411247137493,0.0006717398240335308,9980.0
