ZL,error,N
0.020515403073531006,0.0007771360638814032,10000.0
