ZL,error,N
0.0036688511775237716,0.0007312617067756527,7993.0
