ZL,error,N
0.008343344864594078,0.0009751257435021481,5000.0
