ZL,error,N
0.004031528268609808,0.0009260974190544903,4996.0
