ZL,error,N
0.0039962922804533795,0.000955879760066804,4993.0
