ZL,error,N
0.004492211344290207,0.0012374408163467012,2995.0
