ZL,error,N
0.004050340267961558,0.0007550302127019473,7982.0
