ZL,error,N
0.020376525817302277,0.0008667296064567678,8000.0
