ZL,error,N
0.004620846223868595,0.001196941362236589,2998.0
