ZL,error,N
0.007554798917678697,0.0007627597269352468,8000.0
