ZL,error,N
0.020952809250264118,0.001102663431371871,5000.0
