ZL,error,N
0.010345473976270576,0.00130028890279596,4994.0
