ZL,error,N
0.0037483395666852957,0.0014866037357364552,3000.0
