ZL,error,N
0.006450630097711195,0.0009398839252809054,7989.0
