ZL,error,N
0.0103130644370113,0.001034445734579732,7984.0
