ZL,error,N
0.009152841421254335,0.0007949063421624782,10000.0
