ZL,error,N
0.006110561284564467,0.0011945604142725148,4995.0
