ZL,error,N
0.004823528663062173,0.0015324215197865636,2999.0
