ZL,error,N
0.005826153862252066,0.0008092677465181327,9999.0
