ZL,error,N
0.009546777470618764,0.001667034306457718,2997.0
