ZL,error,N
0.005488389561357324,0.0009002650445665218,7999.0
