ZL,error,N
0.009812846606773819,0.0009282498897773751,9977.0
