ZL,error,N
0.009864594224958674,0.0011322138629575402,5000.0
