ZL,error,N
0.005648577782447377,0.000844916808784686,9986.0
