ZL,error,N
0.009335440404300377,0.0014700734624219238,3000.0
