ZL,error,N
0.0053197105532637986,0.0011552538730552446,5000.0
