ZL,error,N
0.009409521737260902,0.000891677355243641,8000.0
