ZL,error,N
0.006798779325285584,0.0023130793741610307,1000.0
