ZL,error,N
-0.1054517947560973,0.0008228379040423065,1000.0
