ZL,error,N
0.1394254142855824,0.0026671784577462065,1000.0
