ZL,error,N
0.24305916590891874,0.0030090814363334362,1000.0
