ZL,error,N
0.07679266870639595,0.002685459298503957,1000.0
