ZL,error,N
-0.05939190946843048,0.0015844946572444861,1000.0
