ZL,error,N
0.19563272090501177,0.0028802982807347413,1000.0
