O^z,error,N,total_data
-0.40999806003515815,0.0030281810407290855,1000.0,1000.0
