O^z,error,N,total_data
-0.3273988812015015,0.0008216040535325766,1000.0,12000.0
