O^z,error,N,total_data
-0.28346866876729515,0.0006753267127481947,1000.0,16000.0
