O^z,error,N,total_data
-0.2543154336605534,0.0005854098054846462,1000.0,20000.0
