O^z,error,N,total_data
-0.2200391923780432,0.0004619523271316441,1000.0,28000.0
