O^z,error,N,total_data
-0.23373011982922667,0.0005146749830041917,1000.0,24000.0
