O^z,error,N,total_data
-0.21029664217295224,0.0004219452872878976,1000.0,32000.0
