ZL,error,N
-0.020811234875151678,0.003929108238232257,1000.0
