ZL,error,N
0.028382352772705247,0.004709190513500081,1000.0
