ZL,error,N
0.06988456816851657,0.005088142325126107,1000.0
