ZL,error,N
-0.06368222122474086,0.0030128428083781487,1000.0
