ZL,error,N
-0.0802472440155133,0.0019867944095384687,1000.0
