ZL,error,N
0.11392067334682972,0.005398318491672942,1000.0
