ZL,error,N
0.15496722230870325,0.005706525307743188,1000.0
