ZL,error,N
0.01981994656181157,0.002528195001901372,1000.0
