ZL,error,N
0.004638041205008056,0.0021841556444603762,999.0
