ZL,error,N
0.010130887460219359,0.002382452060563945,1000.0
