ZL,error,N
0.038368873559349606,0.002823508066013671,1000.0
