O^z,error,N,total_data
-0.1712191934776767,0.005986426931007651,1000.0,1000.0
