O^z,error,N,total_data
-0.06929360127243044,0.0009233314800621118,1000.0,16000.0
