O^z,error,N,total_data
-0.019495408494575595,0.0003672701790254187,1000.0,32000.0
