O^z,error,N,total_data
-0.03338832483573449,0.0005458783081293772,1000.0,24000.0
