O^z,error,N,total_data
0.03631559714243956,0.0023257544287679094,999.0,999.0
