O^z,error,N,total_data
0.001738282911740182,0.00010020158761357261,994.0,31808.0
