O^z,error,N,total_data
0.0039808971450578795,0.00017616018704615742,999.0,23976.0
