O^z,error,N,total_data
0.010279374485937742,0.00032311795643817285,999.0,15984.0
