ZL,error,N
0.007691494019820301,0.003063871439716485,999.0
