ZL,error,N
0.007123027165735866,0.0038404952589442044,500.0
