ZL,error,N
0.0037842209669461412,0.003928769163170334,500.0
