O^z,error,N,total_data
0.01089974841242297,9.883138275557683e-05,1000.0,128000.0
