O^z,error,N,total_data
0.02971671550313899,0.00022697604246871012,1000.0,64000.0
