O^z,error,N,total_data
-0.3033136657253749,0.000942877488913184,1000.0,12000.0
