O^z,error,N,total_data
-0.2545211261635279,0.0007392386915590195,1000.0,16000.0
