O^z,error,N,total_data
-0.16504073102747113,0.0004123261056751994,1000.0,32000.0
