O^z,error,N,total_data
-0.22230500355637622,0.0006094680274137,1000.0,20000.0
