O^z,error,N,total_data
-0.17836613178633892,0.00045857944605564075,1000.0,28000.0
