O^z,error,N,total_data
-0.19655786734949168,0.0005292928876500265,1000.0,24000.0
