O^z,error,N,total_data
-0.38770515548247486,0.003618027842396068,1000.0,1000.0
