O^z,error,N,total_data
-0.4102005419792588,0.0030118330145688364,1000.0,1000.0
