O^z,error,N,total_data
-0.22477805806537124,0.0004658594334494916,1000.0,28000.0
