O^z,error,N,total_data
-0.25699933619235565,0.0005931849375495408,1000.0,20000.0
