O^z,error,N,total_data
-0.23748864743786777,0.0005188688408902408,1000.0,24000.0
