O^z,error,N,total_data
-0.32821949677615064,0.0008243693745762435,1000.0,12000.0
