O^z,error,N,total_data
-0.28546261971172987,0.000667911169490739,1000.0,16000.0
