O^z,error,N,total_data
-0.21290398585257472,0.00043801750485120475,1000.0,32000.0
