ZL,error,N
0.23732293452753891,0.0023841127187242813,1000.0
