ZL,error,N
0.018163368987619388,0.0013419441130836885,1000.0
