ZL,error,N
0.3922962999709067,0.0023481808521072403,1000.0
