ZL,error,N
0.4501678175067607,0.0022445689997548663,1000.0
