ZL,error,N
0.49750883759948844,0.002081014795594787,1000.0
