ZL,error,N
0.1339902042904952,0.002126447018587563,1000.0
