ZL,error,N
0.32187757184275134,0.00240972798634311,1000.0
