O^z,error,N,total_data
-0.04550375894032307,0.00016235635552581417,10000.0,280000.0
