O^z,error,N,total_data
-0.03692675531146463,0.00013740538979117227,10000.0,320000.0
