ZL,error,N
-0.27123421873284587,0.005618627240235947,1000.0
