ZL,error,N
-0.2679113766495558,0.0035271723149857604,2000.0
