ZL,error,N
-0.26933391872935725,0.003677147519925492,2000.0
