ZL,error,N
-0.26773936757978667,0.005044164187861335,1000.0
