ZL,error,N
-0.27324813889349436,0.003996759981806533,2000.0
