ZL,error,N
-0.2688470437497512,0.003151270920990809,2000.0
