ZL,error,N
-0.27234128982071837,0.00433318523234028,1000.0
