ZL,error,N
-0.27226252464770345,0.005049963087817541,1000.0
