ZL,error,N
-0.036071366369786646,0.004066929156532168,1000.0
