ZL,error,N
-0.14089766713632176,0.0044724683545752375,1000.0
