ZL,error,N
0.05739919983713125,0.003275564610231097,1000.0
