ZL,error,N
-0.07512998860549183,0.0042320521163085765,1000.0
