ZL,error,N
-0.10779666218981591,0.004218641946766798,1000.0
