ZL,error,N
-0.16508006595575161,0.004566871578724108,1000.0
