ZL,error,N
0.005671289459473307,0.003749328779806111,1000.0
