ZL,error,N
-0.010088825496303749,0.005921985160980802,1000.0
