ZL,error,N
0.14919782407894863,0.002380792440991266,1000.0
