ZL,error,N
0.08431145661790737,0.004009225822164446,1000.0
