ZL,error,N
0.05069213935867904,0.0047716434095982805,1000.0
