ZL,error,N
-0.029921836930760004,0.006631614073104534,1000.0
