ZL,error,N
0.02195225776820122,0.005153630541263306,1000.0
