ZL,error,N
0.11862953066238006,0.003260879417243029,1000.0
