ZL,error,N
-0.0008503312424671405,0.0014497812296813122,3000.0
