ZL,error,N
-0.0003570119207305228,0.0011283553175421308,5000.0
