ZL,error,N
0.009300632414565616,0.0009977387191135553,9998.0
