ZL,error,N
0.023392746051266816,0.0012858957884501136,7991.0
