ZL,error,N
0.008750821851296617,0.0018443346894066411,2999.0
