ZL,error,N
0.009069041642148125,0.0011145670684380264,7998.0
