ZL,error,N
0.037848544175669,0.0024145711223693823,2989.0
