ZL,error,N
0.03739493180959187,0.0013120677711804685,9959.0
