ZL,error,N
0.02166694867774135,0.0021052355476420545,2998.0
