ZL,error,N
0.023490590527023507,0.0016159483498068463,4996.0
