ZL,error,N
0.0381677979321355,0.0018786315989570788,4982.0
