ZL,error,N
-0.0015532724840797369,0.000799588291851709,10000.0
