ZL,error,N
0.02348957189457487,0.0011543857062935392,9987.0
