ZL,error,N
0.03694335505560635,0.0014736228660836897,7967.0
