ZL,error,N
-0.00108823894828705,0.0008944879571668326,8000.0
