ZL,error,N
0.009620887636927953,0.0014244752311105644,4999.0
