ZL,error,N
0.1957360316913774,0.002704152192195662,1000.0
