ZL,error,N
0.19741875419973773,0.002334958024865149,1000.0
