ZL,error,N
0.19609684959124388,0.0037334248421195242,1000.0
