ZL,error,N
0.19689004707391694,0.0032373879809290767,1000.0
