ZL,error,N
0.19819840731125468,0.003605603223754672,1000.0
