ZL,error,N
0.19788482797339982,0.003422223475038875,1000.0
