ZL,error,N
0.19387146810274594,0.0029882018674396702,1000.0
