O^z,error,N,total_data
-0.0018383393817277,4.172331792209492e-05,1000.0,28000.0
