O^z,error,N,total_data
-0.0009274492130985168,2.138481384742321e-05,1000.0,32000.0
