O^z,error,N,total_data
-0.10376570721960865,0.0023529199704308912,1000.0,1000.0
