O^z,error,N,total_data
-0.008102526185204746,0.0001221832454690011,1000.0,20000.0
