O^z,error,N,total_data
-0.018723155353276483,0.00025360628996754425,1000.0,16000.0
