O^z,error,N,total_data
-0.0431130535807652,0.0004741155786512262,1000.0,12000.0
