O^z,error,N,total_data
-0.0038449545209284686,7.081069842444406e-05,1000.0,24000.0
