O^z,error,N,total_data
-0.02380434998957952,0.00018617708964217255,7990.0,191760.0
