O^z,error,N,total_data
-0.0008268532636915807,0.00012291209719492548,968.0,77440.0
