O^z,error,N,total_data
-0.05086750923030248,0.00032051994942074706,7998.0,127968.0
