O^z,error,N,total_data
-0.14305521246201341,0.003312217954467312,3000.0,3000.0
