O^z,error,N,total_data
-0.023701582314408106,0.00023566235162204,4993.0,119832.0
