O^z,error,N,total_data
-0.13982660049852175,0.002064588160521955,8000.0,8000.0
