O^z,error,N,total_data
-0.051256851024210355,0.00040748587909455964,4998.0,79968.0
