O^z,error,N,total_data
-0.14071376979238698,0.0018435197516462414,10000.0,10000.0
