O^z,error,N,total_data
-0.05184280977051178,0.0005205072156898279,2999.0,47984.0
