O^z,error,N,total_data
-0.012518248212381022,0.0001159053375097794,9980.0,319360.0
