O^z,error,N,total_data
-0.0508092987016014,0.00028785619974904024,9998.0,159968.0
