O^z,error,N,total_data
-0.012324133685123983,0.00012821037543825188,7985.0,255520.0
