O^z,error,N,total_data
-0.0022947852389631693,0.00020237605784684717,494.0,31616.0
