O^z,error,N,total_data
-0.14157735458484297,0.0025757118058160086,5000.0,5000.0
