O^z,error,N,total_data
-0.012475175089739735,0.00016402804635554433,4991.0,159712.0
