O^z,error,N,total_data
-0.01254662813415808,0.00020942867343758567,2995.0,95840.0
