O^z,error,N,total_data
-0.023437024604416854,0.0003008531230211575,2995.0,71880.0
