O^z,error,N,total_data
-0.004039002848033399,0.0002952603138537413,498.0,23904.0
