O^z,error,N,total_data
-0.023788265063055036,0.0001661795998529596,9989.0,239736.0
