O^z,error,N,total_data
-0.0933331006896484,0.000576174091417944,1000.0,24000.0
