O^z,error,N,total_data
-0.11815919037081754,0.0006957329617200826,1000.0,20000.0
