O^z,error,N,total_data
-0.06495200666013932,0.00043085153227152124,1000.0,32000.0
