O^z,error,N,total_data
-0.07593805762331125,0.00048515878511080327,1000.0,28000.0
