O^z,error,N,total_data
-0.28076839576040946,0.004167189175405221,1000.0,1000.0
