O^z,error,N,total_data
-0.19761524009546538,0.0010941152544484281,1000.0,12000.0
