O^z,error,N,total_data
-0.1489542638152439,0.0008567493702496537,1000.0,16000.0
