ZL,error,N
0.0454974773004018,0.0074791169362073,997.0
