ZL,error,N
0.09006578108359231,0.008012961840511049,995.0
