ZL,error,N
0.10223815892191464,0.008761330694784849,980.0
