ZL,error,N
0.11425471879219262,0.008386632440779637,993.0
