O^z,error,N,total_data
-0.05122354179604329,0.000376377587682528,1000.0,32000.0
