O^z,error,N,total_data
-0.07881589691710583,0.0005225510557757596,1000.0,24000.0
