O^z,error,N,total_data
-0.062337369270261185,0.0004330246434995977,1000.0,28000.0
