O^z,error,N,total_data
-0.27025144537918705,0.003983348692829504,1000.0,1000.0
