O^z,error,N,total_data
-0.18450405341268775,0.001035079653585209,1000.0,12000.0
