O^z,error,N,total_data
-0.13444905443438004,0.0008003515089043452,1000.0,16000.0
