O^z,error,N,total_data
-0.10288715964846233,0.0006512978179479619,1000.0,20000.0
