ZL,error,N
0.17167255884146707,0.003445933883420724,1000.0
