ZL,error,N
0.2310651131430415,0.0035912247691231515,1000.0
