ZL,error,N
-0.03819683352871717,0.0022317349995914526,1000.0
