ZL,error,N
0.10749086378798199,0.003376825928327951,1000.0
