ZL,error,N
-0.09291481621835809,0.00116409362623935,1000.0
