ZL,error,N
0.03509871227324696,0.0030201698146237036,1000.0
