ZL,error,N
0.27945825080394804,0.0036152671796901167,1000.0
