ZL,error,N
-0.20439376178222468,0.005774365706384697,1000.0
