ZL,error,N
0.024262340173120248,0.00328786205283331,1000.0
