ZL,error,N
-0.17168898216356865,0.005308196326188342,1000.0
