ZL,error,N
-0.031425052960023674,0.0038785153372786333,1000.0
