ZL,error,N
-0.12510436421556004,0.0047946243072672454,1000.0
