ZL,error,N
0.07714563043728953,0.0024379517095440167,1000.0
