ZL,error,N
-0.08083106045799271,0.004470781001996997,1000.0
