ZL,error,N
0.0024517403590297144,0.0011994110826404627,2980.0
