ZL,error,N
0.002260043328028258,0.0012716017306214982,2966.0
