ZL,error,N
0.004389026425452654,0.0011817186578661825,2982.0
