ZL,error,N
0.012151044665602337,0.001298194256151293,2998.0
