ZL,error,N
0.007703310867395604,0.0011879925560726136,2996.0
