ZL,error,N
0.005525913735862941,0.0011813286574189428,2994.0
