ZL,error,N
0.002423783167789153,0.001291656066367787,2953.0
