O^z,error,N,total_data
-0.16125172176378963,0.00013094241527748682,10000.0,320000.0
