O^z,error,N,total_data
-0.2515980808524422,0.00023682540488146697,10000.0,160000.0
