O^z,error,N,total_data
-0.21829469523820344,0.00019648391257644392,10000.0,200000.0
