O^z,error,N,total_data
-0.3012661294751144,0.0002975022922345936,10000.0,120000.0
