O^z,error,N,total_data
-0.175967366926122,0.00014684211374615613,10000.0,280000.0
