O^z,error,N,total_data
-0.3818543487898097,0.0011308176261731826,10000.0,10000.0
