O^z,error,N,total_data
-0.1942323862950661,0.00016772626714479477,10000.0,240000.0
