O^z,error,N,total_data
-0.24707672931159722,0.00043203049653527597,1000.0,24000.0
