O^z,error,N,total_data
-0.34841950214034784,0.0007131832273537663,1000.0,12000.0
