O^z,error,N,total_data
-0.44135665573664995,0.0024259907538638982,1000.0,1000.0
