O^z,error,N,total_data
-0.21502665954362418,0.0003792081762089625,1000.0,32000.0
