O^z,error,N,total_data
-0.2713441582641214,0.0004883048003229341,1000.0,20000.0
