O^z,error,N,total_data
-0.23114540471856662,0.0003942509662306692,1000.0,28000.0
