O^z,error,N,total_data
-0.30355630188880867,0.0005791305018806198,1000.0,16000.0
