ZL,error,N
0.45968748894999284,0.001839412836009837,1000.0
