ZL,error,N
0.15038865649976393,0.0015356914656864309,1000.0
