ZL,error,N
0.029515562941210747,0.0009380243173248764,1000.0
