ZL,error,N
0.5047598073359247,0.0017771319096347405,1000.0
