ZL,error,N
0.2531281855821227,0.0017851861262274476,1000.0
