ZL,error,N
0.4037757459273822,0.0018475959946596628,1000.0
