ZL,error,N
0.33624409772691954,0.001863990514592488,1000.0
