ZL,error,N
-0.11644833731659954,0.0007909339649777833,8000.0
