ZL,error,N
-0.0891565335554549,0.0014635446229047373,5000.0
