ZL,error,N
-0.1157928658229036,0.0007080618956542551,10000.0
