ZL,error,N
-0.11185313041962629,0.00045560483002182435,8000.0
