ZL,error,N
-0.11663695311604319,0.0010022574652779211,5000.0
