ZL,error,N
-0.11167617847607667,0.000567971085790288,5000.0
