ZL,error,N
-0.11184659520281476,0.0004069967327659582,10000.0
