ZL,error,N
-0.08883101694490832,0.0010294086662691838,10000.0
