ZL,error,N
-0.08975262139250624,0.0011551074633446815,8000.0
