O^z,error,N,total_data
-0.0663385741316961,0.0003327373117689726,8000.0,128000.0
