O^z,error,N,total_data
-0.16580100699620423,0.0020808328853205134,8000.0,8000.0
