O^z,error,N,total_data
-0.003160954084214571,0.00018187718905390962,498.0,31872.0
