O^z,error,N,total_data
-0.019282347341104233,0.00011920000695548928,9997.0,319904.0
