O^z,error,N,total_data
-0.0020220554827928856,0.00010810548696525043,993.0,79440.0
