O^z,error,N,total_data
-0.006085378461299838,0.0003026766102789834,499.0,23952.0
