O^z,error,N,total_data
-0.03402314763112341,0.00019864832802783322,8000.0,192000.0
