ZL,error,N
0.037379785147394914,0.007635557759662995,1000.0
