ZL,error,N
0.12190692770362647,0.008864436211523797,1000.0
