ZL,error,N
0.13594301420306262,0.009203519267860926,1000.0
