ZL,error,N
0.09881389539673724,0.008636030912014,1000.0
