O^z,error,N,total_data
-0.032666544920788014,0.00035203416404876273,1000.0,24000.0
