O^z,error,N,total_data
-0.048424934846560394,0.00047291347316948915,1000.0,20000.0
