O^z,error,N,total_data
-0.0227917652826361,0.00025677263715518235,1000.0,28000.0
