O^z,error,N,total_data
-0.0741699298549802,0.000656091478397092,1000.0,16000.0
