O^z,error,N,total_data
-0.11837645925538608,0.0009468467063421735,1000.0,12000.0
