O^z,error,N,total_data
-0.015465390686142815,0.00020024339156950595,1000.0,32000.0
