O^z,error,N,total_data
-0.19968276982946084,0.003925231825873694,1000.0,1000.0
