ZL,error,N
0.05437204143118128,0.005549346652388038,1000.0
