ZL,error,N
-0.07159363413939088,0.0035173826139643515,1000.0
