ZL,error,N
-0.01385378219267013,0.004762821636866643,1000.0
