ZL,error,N
0.020696428835279314,0.0052742716307647005,1000.0
