ZL,error,N
-0.09231021519630135,0.002651828718469673,1000.0
