ZL,error,N
-0.04243798333862607,0.004264258640100987,1000.0
