ZL,error,N
-0.0805141090562222,0.002111935611950189,1000.0
