ZL,error,N
0.14173825782482924,0.003106951564844483,1000.0
