ZL,error,N
0.06152785557483683,0.0046273592921412905,1000.0
