ZL,error,N
0.10508241246540413,0.003889404507340628,1000.0
