ZL,error,N
0.08740752548817353,0.004291993272391467,1000.0
