ZL,error,N
0.07313749505668352,0.0044568627788019975,1000.0
