ZL,error,N
0.12210432461127922,0.0035407687063706544,1000.0
