ZL,error,N
0.09533063709325243,0.004061009296845717,1000.0
