ZL,error,N
0.03521267066851564,0.004213729833817932,1000.0
