ZL,error,N
-0.014752443868686758,0.002600175595324062,1000.0
