ZL,error,N
0.05408759634140734,0.004947346075468823,999.0
