ZL,error,N
0.0030830771625552913,0.00351487883824151,1000.0
