O^z,error,N,total_data
-0.12455338890886486,0.003545445716982888,1000.0,1000.0
