O^z,error,N,total_data
-0.009000144611899566,0.00017060413581556797,1000.0,24000.0
