O^z,error,N,total_data
-0.060271656986777,0.0007389263108893918,1000.0,12000.0
