O^z,error,N,total_data
-0.0034952151460378314,0.0001036925636543807,1000.0,32000.0
