O^z,error,N,total_data
-0.018243344816293548,0.0003026155287280579,1000.0,20000.0
