O^z,error,N,total_data
-0.0057050688686133225,0.00012119064538849102,1000.0,28000.0
