O^z,error,N,total_data
-0.032168737914668344,0.0004552715777587047,1000.0,16000.0
