O^z,error,N,total_data
-0.3943708822990632,0.008779593099723752,1.0,12.0
