O^z,error,N,total_data
-0.3363973242783286,0.005597578073889112,1.0,32.0
