O^z,error,N,total_data
-0.3502975985407168,0.00643580822978971,1.0,24.0
