O^z,error,N,total_data
-0.34313678427268296,0.0069081163105759,1.0,28.0
