O^z,error,N,total_data
-0.359443647448498,0.006271133046030546,1.0,20.0
