O^z,error,N,total_data
-0.37191284151930987,0.006539408612372026,1.0,16.0
