ZL,error,N
0.13297601625175048,0.0052184513180872005,1000.0
