ZL,error,N
0.16641228448588594,0.003732206388002865,1000.0
