ZL,error,N
0.11864521254722302,0.005770083094024408,1000.0
