ZL,error,N
0.18687928024785122,0.003028833641552986,1000.0
