ZL,error,N
0.19408932301011725,0.0022886064629273808,1000.0
