ZL,error,N
0.14537138985306197,0.004642031776596565,1000.0
