ZL,error,N
0.1530079001677384,0.004288852263838842,1000.0
