O^z,error,N,total_data
-0.03297745417314379,0.0003913356639610567,500.0,24000.0
