O^z,error,N,total_data
-0.019449667451470583,0.0002662736681958203,500.0,32000.0
