O^z,error,N,total_data
-0.013930991384131956,0.0001376139802010509,1000.0,80000.0
