index,x2-x1,corr
0,15,-0.5829758916541288
1,15,2.093106815554709
2,15,-1.2815320680133215
3,15,3.1340309831170354
4,15,-1.791222056682344
5,15,4.830108984110686
6,15,-1.200016902414314
7,15,-1.7917550978007433
8,15,-0.8976427514292038
9,15,4.525074735961941
