index,x2-x1,corr
0,31,-1.4367114902650322
1,31,1.2250152029216301
2,31,1.858732461633626
3,31,9.271185767581118
4,31,-1.164000919817344
5,31,1.3338608759623538
6,31,0.9989220366048339
7,31,-0.4278004928430718
8,31,-1.6014449701950941
9,31,14.40776423574404
