index,x2-x1,corr
0,47,-1.583622904708265
1,47,1.1071294464169184
2,47,1.1145772913347107
3,47,9.875068188847493
4,47,1.7926742254574852
5,47,1.3039730708093986
6,47,1.0347958443993621
7,47,8.94576420791895
8,47,0.01141146163874912
9,47,8.195664991833608
