index,x2-x1,corr
0,63,-1.122882904179407
1,63,0.7830419425853439
2,63,8.616683698491903
3,63,14.347459663287859
4,63,6.731626670739946
5,63,1.6046721646946407
6,63,-1.1110192024224765
9,63,1.8143408849325353
