O^z,error,N,total_data
-0.18155405913695782,0.00028113113560238295,1000.0,64000.0
