O^z,error,N,total_data
-0.2676975665821539,0.00031008457303334237,3000.0,60000.0
