O^z,error,N,total_data
-0.19531510740759284,0.0003275966820449169,1000.0,48000.0
