O^z,error,N,total_data
-0.2214691177166994,0.0002314152014662073,3000.0,96000.0
