O^z,error,N,total_data
-0.23353593514389667,0.0002500390135352322,3000.0,84000.0
