O^z,error,N,total_data
-0.2476318969458494,0.0002748950045970496,3000.0,72000.0
