O^z,error,N,total_data
-0.29622217922149063,0.00035893531628291783,3000.0,48000.0
