O^z,error,N,total_data
-0.4233237380667226,0.0015876532248564877,3000.0,3000.0
