O^z,error,N,total_data
-0.1750685748829791,0.00025631556841767975,1000.0,80000.0
