O^z,error,N,total_data
-0.3407119999062569,0.0004357452494433681,3000.0,36000.0
