ZL,error,N
0.14525598845938092,0.0030770118784279286,1000.0
