ZL,error,N
0.1283978287106937,0.0035258536970435845,1000.0
