ZL,error,N
0.08280164609208411,0.004410447462311521,1000.0
