ZL,error,N
0.07207475603750615,0.004562563661839592,1000.0
