ZL,error,N
0.11708800060938365,0.0037916633077750635,1000.0
