ZL,error,N
0.10307951829190912,0.00403036047747248,1000.0
