ZL,error,N
0.09589300560785333,0.00419353551004952,1000.0
