O^z,error,N,total_data
-0.15537407575641435,0.0004920052145166038,1000.0,28000.0
