O^z,error,N,total_data
-0.13970230841674053,0.0004668252732439951,1000.0,32000.0
