O^z,error,N,total_data
-0.23624100945363627,0.0006521794777200485,1000.0,16000.0
