O^z,error,N,total_data
-0.28485073474880673,0.0007227459273736026,1000.0,12000.0
