O^z,error,N,total_data
-0.20097386540196008,0.0005759629001221349,1000.0,20000.0
