O^z,error,N,total_data
-0.3638233993110461,0.0023596772558778334,1000.0,1000.0
