O^z,error,N,total_data
-0.17493563457107142,0.0005296958713160524,1000.0,24000.0
