O^z,error,N,total_data
-0.0951288657675235,0.0005678817193013914,1000.0,24000.0
