O^z,error,N,total_data
-0.1521161008938674,0.0008228005452016188,1000.0,16000.0
