O^z,error,N,total_data
-0.2871508887179133,0.00394115205437479,1000.0,1000.0
