O^z,error,N,total_data
-0.2019723490470621,0.0010477716255730609,1000.0,12000.0
