O^z,error,N,total_data
-0.07688851333658267,0.00047866056637025284,1000.0,28000.0
