O^z,error,N,total_data
-0.06495031212719635,0.0004222754043808707,1000.0,32000.0
