O^z,error,N,total_data
-0.1191221967849551,0.0006836770925583368,1000.0,20000.0
