O^z,error,N,total_data
-0.3395523599145848,0.0007203787818200208,1000.0,12000.0
