O^z,error,N,total_data
-0.2809699812087103,0.0005687914603523387,1000.0,16000.0
