O^z,error,N,total_data
-0.17366734038622242,0.00029587589986376404,1000.0,32000.0
