O^z,error,N,total_data
-0.21395008098138202,0.000384556594706299,1000.0,24000.0
