O^z,error,N,total_data
-0.44114706085000766,0.0024807658898818087,1000.0,1000.0
