O^z,error,N,total_data
-0.19135094346474008,0.00034921023874868404,1000.0,28000.0
