O^z,error,N,total_data
-0.24411395872267616,0.0004477115075048448,1000.0,20000.0
