ZL,error,N
0.033389765548582966,0.004194726414316899,993.0
