ZL,error,N
0.008982089055771235,0.0031598056279422315,1000.0
