ZL,error,N
0.04766509213673942,0.004583218289884186,985.0
