ZL,error,N
0.022861014178275435,0.003522102262613731,998.0
