ZL,error,N
0.04291135012867243,0.004985596120618927,972.0
