ZL,error,N
-0.06495338299969192,0.0029093708023635824,1000.0
