ZL,error,N
-0.1309441950665967,0.0033782976199920305,1000.0
