ZL,error,N
-0.1919576381252948,0.0037391900420164757,1000.0
