ZL,error,N
-0.29643477303406607,0.004140708512895082,1000.0
