ZL,error,N
-0.33378007212040745,0.004381324413698841,1000.0
