ZL,error,N
-0.2457809637293974,0.003992478972967358,1000.0
