ZL,error,N
0.008407532361626046,0.002308208994331355,1000.0
