O^z,error,N,total_data
-0.17353210134829267,0.00014971425744760033,10000.0,280000.0
