O^z,error,N,total_data
-0.15920991176649033,0.0001327974417837908,10000.0,320000.0
