O^z,error,N,total_data
-0.21605435310166082,0.0001995930176889523,10000.0,200000.0
