O^z,error,N,total_data
-0.19182983420618602,0.00017118019308167378,10000.0,240000.0
