O^z,error,N,total_data
-0.29822918526854497,0.00030471230280504477,10000.0,120000.0
