O^z,error,N,total_data
-0.3782149644498874,0.0011501233810763249,10000.0,10000.0
