O^z,error,N,total_data
-0.2488970205925098,0.0002409894389404363,10000.0,160000.0
