O^z,error,N,total_data
-0.3036738864017739,0.0009234250695418062,1000.0,12000.0
