O^z,error,N,total_data
-0.2533118736685505,0.000737272099211896,1000.0,16000.0
