O^z,error,N,total_data
-0.303048496600481,0.0002960937302830357,10000.0,120000.0
