O^z,error,N,total_data
-0.19377260633995744,0.0005212627342989371,1000.0,24000.0
