O^z,error,N,total_data
-0.38830730500990535,0.003614916763123123,1000.0,1000.0
