O^z,error,N,total_data
-0.1772145113215716,0.0001454520161211367,10000.0,280000.0
