O^z,error,N,total_data
-0.21987705692730772,0.00019431995505429225,10000.0,200000.0
