O^z,error,N,total_data
-0.38386792744597026,0.001120519101689005,10000.0,10000.0
