O^z,error,N,total_data
-0.21861052156138744,0.0006209712201649697,1000.0,20000.0
