O^z,error,N,total_data
-0.17762559828821445,0.00045918589045944357,1000.0,28000.0
