O^z,error,N,total_data
-0.19550991902138792,0.00016647046749857744,10000.0,240000.0
