O^z,error,N,total_data
-0.16256673451346323,0.00012858414984816122,10000.0,320000.0
