O^z,error,N,total_data
-0.25309504934652,0.0002350305812327373,10000.0,160000.0
