O^z,error,N,total_data
-0.16223741554694185,0.00040850190359347904,1000.0,32000.0
