O^z,error,N,total_data
-0.11228927786396631,0.00040558674918319605,1000.0,44000.0
