O^z,error,N,total_data
-0.10587147152428161,0.00038789385437265405,1000.0,48000.0
