O^z,error,N,total_data
-0.11966166058884983,0.00043782102888932737,1000.0,40000.0
