O^z,error,N,total_data
-0.13159239063471956,0.0004797379169631121,1000.0,36000.0
