O^z,error,N,total_data
-0.30312629233621935,0.0004185400112553674,1000.0,28000.0
