O^z,error,N,total_data
-0.46468781053946856,0.0017656051872153528,1000.0,1000.0
