O^z,error,N,total_data
-0.32941945018481683,0.0004401499259340919,1000.0,20000.0
