O^z,error,N,total_data
-0.3539498903794652,0.0004636614703132948,1000.0,16000.0
