O^z,error,N,total_data
-0.3145537960178376,0.000414448127728872,1000.0,24000.0
