O^z,error,N,total_data
-0.38978066329044236,0.0005636999307013847,1000.0,12000.0
