O^z,error,N,total_data
-0.2941503361270356,0.0004102715287201981,1000.0,32000.0
