ZL,error,N
0.1369145618600854,0.0038872402955866057,1000.0
