ZL,error,N
0.14763777206031412,0.003410035466248344,1000.0
