ZL,error,N
0.153435808073978,0.003339163919469462,1000.0
