ZL,error,N
0.13969548393592524,0.0037585334981206668,1000.0
