ZL,error,N
0.15761670871142736,0.0030464805243936082,1000.0
