ZL,error,N
0.1441071392942618,0.003513209547602199,1000.0
