ZL,error,N
0.16831693122386496,0.0027382991745501153,1000.0
