O^z,error,N,total_data
-0.2764764578243496,0.0005376623545490378,1000.0,20000.0
