O^z,error,N,total_data
-0.4260960627122466,0.002772902081774271,1000.0,1000.0
