O^z,error,N,total_data
-0.21053676697640902,0.0004853976411220487,500.0,24000.0
