O^z,error,N,total_data
-0.30210667142869285,0.0006196598276528739,1000.0,16000.0
