O^z,error,N,total_data
-0.19750269445523255,0.00041387122473903197,500.0,32000.0
