O^z,error,N,total_data
-0.343711577183575,0.0007447560378539271,1000.0,12000.0
