O^z,error,N,total_data
-0.25800334720801793,0.00047783768850120863,1000.0,24000.0
