O^z,error,N,total_data
-0.23574434665337998,0.00041027752651601716,1000.0,32000.0
