O^z,error,N,total_data
-0.24633036227012786,0.00043343068377334784,1000.0,28000.0
