O^z,error,N,total_data
-0.1978988572765246,0.00025737597125292515,1000.0,80000.0
