ZL,error,N
0.08970130165141715,0.009100417833523045,1000.0
