ZL,error,N
-0.03984685161556256,0.007956212702222836,1000.0
