ZL,error,N
0.048238398137696,0.00895408691268398,1000.0
