ZL,error,N
0.13310268742054848,0.00944032511985839,1000.0
