ZL,error,N
0.20126517751175432,0.0035013858673796005,1000.0
