ZL,error,N
0.20145561521857633,0.00357634446571156,1000.0
