ZL,error,N
0.20154804981678884,0.003295619738969047,1000.0
