ZL,error,N
0.1996963203477134,0.002291430789571413,1000.0
