ZL,error,N
0.19958948383245734,0.0032179332603281723,1000.0
