ZL,error,N
0.19861497230559702,0.0027447905219860434,1000.0
