ZL,error,N
0.19624998939826033,0.0029164738338764125,1000.0
