O^z,error,N,total_data
-0.30888423296730355,0.0006257158014022207,1000.0,12000.0
