O^z,error,N,total_data
-0.18893887197645934,0.00046658131864963124,1000.0,28000.0
