O^z,error,N,total_data
-0.2309281056605399,0.0005347839318537663,1000.0,20000.0
