O^z,error,N,total_data
-0.26381147743129874,0.0005772638166732597,1000.0,16000.0
