O^z,error,N,total_data
-0.3853916946128028,0.001893261768624586,1000.0,1000.0
