O^z,error,N,total_data
-0.17561883229965145,0.0004505245065451583,1000.0,32000.0
