O^z,error,N,total_data
-0.2090767783853045,0.0004876109472098733,1000.0,24000.0
