ZL,error,N
0.012763970160754007,0.0023531454411749335,3000.0
