ZL,error,N
-0.012526859044089914,0.0010076553098948254,10000.0
