ZL,error,N
-0.004649033306527597,0.002066079850388177,3000.0
