ZL,error,N
-0.006907055417692125,0.0016718443156079762,3000.0
