ZL,error,N
-0.003343120411746579,0.0016018715524179577,5000.0
