ZL,error,N
-0.007727846194505365,0.0009027764173086454,10000.0
