ZL,error,N
-0.013698453076797547,0.001852419346460634,3000.0
