ZL,error,N
0.01335563142799194,0.001270414265456303,10000.0
