ZL,error,N
-0.015689014468117574,0.0009297793831319629,10000.0
