ZL,error,N
-0.0024872565983225627,0.001268044021075698,8000.0
