ZL,error,N
-0.002459505963927718,0.0011329835641938778,10000.0
