ZL,error,N
-0.012064384093893064,0.0011246967635761098,8000.0
