ZL,error,N
-0.012617586772618889,0.0010075164496175582,10000.0
