ZL,error,N
-0.012984837343095947,0.0014334736847801065,5000.0
