ZL,error,N
-0.006399110537102288,0.0012909437867124453,5000.0
