ZL,error,N
0.014176623444329723,0.0018149717004273932,5000.0
