ZL,error,N
0.013983669014771953,0.0014215265846651314,8000.0
