ZL,error,N
-0.007526348386235584,0.0010124617815122996,8000.0
