O^z,error,N,total_data
-0.18574781401860863,0.0004288146756636067,1000.0,28000.0
