O^z,error,N,total_data
-0.31438086416622363,0.0008585696693986743,1000.0,12000.0
