O^z,error,N,total_data
-0.22987180369533658,0.000569168566188009,1000.0,20000.0
