O^z,error,N,total_data
-0.1707406072424126,0.0003844115891111489,1000.0,32000.0
