ZL,error,N
-0.23020502257282321,0.003100836956166049,1000.0
