ZL,error,N
-0.3339931190177572,0.003956553981788142,1000.0
