ZL,error,N
-0.010697106596581362,0.001649131940532893,1000.0
