ZL,error,N
-0.28204143999982695,0.003798179375488707,1000.0
