ZL,error,N
-0.09164673421618871,0.002201326313724773,1000.0
