ZL,error,N
-0.1633517768736006,0.0026629824590737837,1000.0
