ZL,error,N
-0.3756849417221882,0.0040132295488258755,1000.0
