O^z,error,N,total_data
-0.4520380421511217,0.002206559172330722,1000.0,1000.0
