O^z,error,N,total_data
-0.3173545086541028,0.0005348050755690196,1000.0,16000.0
