O^z,error,N,total_data
-0.26327900059191306,0.00044482382748934203,1000.0,24000.0
