O^z,error,N,total_data
-0.36310615917356087,0.0006390003818868093,1000.0,12000.0
