O^z,error,N,total_data
-0.23344014113733735,0.00039755747531446193,1000.0,32000.0
