O^z,error,N,total_data
-0.2479556890621705,0.0004125798916778513,1000.0,28000.0
