O^z,error,N,total_data
-0.2869468369662128,0.0004802196244188951,1000.0,20000.0
