O^z,error,N,total_data
-0.030271695972769283,0.0003106498603877357,500.0,32000.0
