O^z,error,N,total_data
-0.021201624749164767,0.00024754193202106226,500.0,40000.0
