ZL,error,N
-0.3087383397801672,0.0031205320388260458,1000.0
