ZL,error,N
-0.2860714367408376,0.002640527084176005,1000.0
