ZL,error,N
-0.25703544016042734,0.0023668473610256534,1000.0
