ZL,error,N
-0.0931822737573886,0.0018736431147768327,1000.0
