ZL,error,N
-0.32588592748014544,0.0034395847168651778,1000.0
