ZL,error,N
-0.16486131391101735,0.002001151543022885,1000.0
