ZL,error,N
-0.22024575012661166,0.0020854532567395317,1000.0
