O^z,error,N,total_data
0.0031634574486161145,6.85158000659975e-05,1000.0,64000.0
