O^z,error,N,total_data
0.0005101142324520861,2.202765163796234e-05,995.0,127360.0
