ZL,error,N
-0.8245500938564048,0.004613981120660762,1000.0
