ZL,error,N
-0.8863689377884629,0.004606118864609557,1000.0
