O^z,error,N,total_data
-0.07182815097645535,0.00043482808941613894,5000.0,80000.0
