O^z,error,N,total_data
-0.022682276375221553,0.000177562520573197,4999.0,159968.0
