O^z,error,N,total_data
-0.07183793157570026,0.00034486888974292833,8000.0,128000.0
