O^z,error,N,total_data
-0.038185725699053166,0.00026160592214020603,5000.0,120000.0
