O^z,error,N,total_data
-0.038191904376145426,0.00020691725306861498,8000.0,192000.0
