O^z,error,N,total_data
-0.07193582121933588,0.0003091616369166573,10000.0,160000.0
