O^z,error,N,total_data
-0.022488389356687732,0.00014135064403520876,7997.0,255904.0
