O^z,error,N,total_data
-0.0233311922529129,0.00022869651414940027,3000.0,96000.0
