O^z,error,N,total_data
-0.03802892312460296,0.0003358148944800539,3000.0,72000.0
