O^z,error,N,total_data
-0.02275106165765236,0.00012709001590206773,9996.0,319872.0
