O^z,error,N,total_data
-0.03860311899352956,0.0001852791016828641,10000.0,240000.0
