O^z,error,N,total_data
-0.07329501488363979,0.0005612722745131798,3000.0,48000.0
