O^z,error,N,total_data
-0.1758470037773207,0.002086916729243306,8000.0,8000.0
