O^z,error,N,total_data
-0.17653259374074642,0.0018653660798178106,10000.0,10000.0
