O^z,error,N,total_data
-0.1773458867661147,0.002614094650252513,5000.0,5000.0
