O^z,error,N,total_data
-0.17892077670211332,0.003391445111329452,3000.0,3000.0
