O^z,error,N,total_data
-0.14930476329117812,0.002610378790197597,5000.0,5000.0
