O^z,error,N,total_data
-0.14734105969750974,0.0018568116708001339,10000.0,10000.0
