O^z,error,N,total_data
-0.026266428252097827,0.00024695615196152247,4993.0,119832.0
