O^z,error,N,total_data
-0.1468034898873983,0.0020811627836440838,8000.0,8000.0
