O^z,error,N,total_data
-0.014612683881298537,0.0001365634865804898,7982.0,255424.0
