O^z,error,N,total_data
-0.05443131068323769,0.00041617019671387923,5000.0,80000.0
