O^z,error,N,total_data
-0.014710237353624764,0.00017666447768866913,4986.0,159552.0
