O^z,error,N,total_data
-0.014547317129836184,0.0001223582359016763,9976.0,319232.0
