O^z,error,N,total_data
-0.05531359511213569,0.0005340433120725635,3000.0,48000.0
