O^z,error,N,total_data
-0.05423646126839753,0.0003280961612484823,7997.0,127952.0
