O^z,error,N,total_data
-0.05426960104553236,0.00029348225260620014,9994.0,159904.0
