O^z,error,N,total_data
-0.15146906811253963,0.0034068942100131876,3000.0,3000.0
