O^z,error,N,total_data
-0.01507521486842808,0.0002284386000520262,2989.0,95648.0
