O^z,error,N,total_data
-0.02578392248014685,0.00019459289676019973,7991.0,191784.0
