O^z,error,N,total_data
-0.02600621710325265,0.0001746088909044851,9989.0,239736.0
