O^z,error,N,total_data
-0.026342831948890852,0.0003164310775743349,2997.0,71928.0
