ZL,error,N
0.19018948083475826,0.0009120181058509359,10000.0
