ZL,error,N
0.20132025566877046,0.002019422938857401,1000.0
