ZL,error,N
0.14161410672097632,0.0019351469325349729,10000.0
