ZL,error,N
0.17839762597363915,0.0011738087127407442,10000.0
