ZL,error,N
0.19903296083190883,0.0006425004168249554,10000.0
