ZL,error,N
0.13529089659744942,0.006088503868348676,1000.0
