ZL,error,N
0.1694453988416324,0.0014398426660532696,10000.0
