ZL,error,N
0.19424781461200688,0.0028811171217753635,1000.0
