ZL,error,N
0.12762783807097552,0.006807265107552631,1000.0
