ZL,error,N
0.13188573374303011,0.0021788242793657855,10000.0
