ZL,error,N
0.153908152770174,0.0016757564085168244,10000.0
