ZL,error,N
0.1599298828547003,0.004580593690955128,1000.0
