ZL,error,N
0.15286200891715854,0.005175266238728012,1000.0
