ZL,error,N
0.17556211181617343,0.0037641557657113016,1000.0
