O^z,error,N,total_data
-0.035027374355672825,0.00025222433134952936,1000.0,32000.0
