O^z,error,N,total_data
-0.06351129847817945,0.00035069927632271823,1000.0,24000.0
