O^z,error,N,total_data
-0.08866845028854468,0.00045640037101153685,1000.0,20000.0
