O^z,error,N,total_data
-0.046354023852276736,0.0002952822060974531,1000.0,28000.0
