O^z,error,N,total_data
-0.1828179773875559,0.0006977007251775686,1000.0,12000.0
