O^z,error,N,total_data
-0.28095134785931747,0.0024817100206416206,1000.0,1000.0
