O^z,error,N,total_data
-0.1288855723792056,0.0005811275320892279,1000.0,16000.0
