O^z,error,N,total_data
-0.07505994336566509,0.0006707181610533928,1000.0,12000.0
