O^z,error,N,total_data
-0.039601577100637775,0.0004143410797478191,1000.0,16000.0
