O^z,error,N,total_data
-0.012012969023352901,0.00016510411548748097,1000.0,24000.0
