O^z,error,N,total_data
-0.004388515148249441,7.96328499943995e-05,1000.0,32000.0
