O^z,error,N,total_data
-0.15154149247409693,0.003152550789410104,1000.0,1000.0
