O^z,error,N,total_data
-0.007337487672616675,0.00011719046980067108,1000.0,28000.0
