O^z,error,N,total_data
-0.022136597966701716,0.0002628888017734956,1000.0,20000.0
