ZL,error,N
0.11837425632881414,0.0053710502619086055,1000.0
