ZL,error,N
0.12746263560519816,0.004939664748263115,1000.0
