ZL,error,N
0.14033607050514837,0.00455092059070166,1000.0
