ZL,error,N
0.17810731716551098,0.0031639171849902905,1000.0
