ZL,error,N
0.15362159538175393,0.004346878097605829,1000.0
