ZL,error,N
0.16021531533283312,0.0037919803612854706,1000.0
