ZL,error,N
0.1897834511861416,0.0024778970670051676,1000.0
