ZL,error,N
0.005341363400611114,0.0006957931899316931,9995.0
