ZL,error,N
0.014718086104727423,0.0008454437560330753,8000.0
