ZL,error,N
0.03304085908542649,0.0009462593811330702,8000.0
