ZL,error,N
0.00808096826953683,0.0008039371193757415,7999.0
