ZL,error,N
0.17828962663278083,0.0031923882357145885,1000.0
