ZL,error,N
0.13371837277567758,0.0047787749055769446,1000.0
