ZL,error,N
0.14241570622637448,0.004586654654088905,1000.0
