ZL,error,N
0.15517285968834232,0.004063863027173135,1000.0
