ZL,error,N
0.0025623673508720565,0.002655528444875899,1000.0
