ZL,error,N
0.0034890158855592083,0.0027065282164490125,1000.0
