ZL,error,N
0.009743670776295899,0.002671210999768924,1000.0
