ZL,error,N
0.031519066562496194,0.0029006622342504043,1000.0
