O^z,error,N,total_data
-0.2917086540692041,0.000385059940577981,1000.0,32000.0
