O^z,error,N,total_data
-0.297475402295391,0.00041025374137386775,1000.0,28000.0
