O^z,error,N,total_data
-0.37459193263086626,0.0005919594680852358,1000.0,12000.0
