O^z,error,N,total_data
-0.33830877580304164,0.0005058069613854447,1000.0,16000.0
