O^z,error,N,total_data
-0.31997209860673786,0.0004630705744726173,1000.0,20000.0
