O^z,error,N,total_data
-0.30647606464534327,0.0004229155066415695,1000.0,24000.0
