O^z,error,N,total_data
-0.4477438115475012,0.0019289459177383808,1000.0,1000.0
