ZL,error,N
-0.08485407698875208,0.004007824841067668,1000.0
