ZL,error,N
-0.07025095997282961,0.004624041444606968,1000.0
