ZL,error,N
-0.04713300894790662,0.005021136225744959,1000.0
