ZL,error,N
-0.10269376490824368,0.0031347517383033315,1000.0
