ZL,error,N
-0.09713855922810136,0.002552439419229754,1000.0
