ZL,error,N
-0.06407852359141436,0.002595105475854245,1000.0
