ZL,error,N
-0.09862343297211494,0.0036046806272918086,1000.0
