ZL,error,N
0.010711320701230008,0.004354645341208682,500.0
