ZL,error,N
-0.0018573521988635151,0.0026929128554501218,1000.0
