ZL,error,N
0.021517625999513224,0.002838544372940804,1000.0
