ZL,error,N
0.0028759645106532076,0.004294707008631394,500.0
