ZL,error,N
0.001831221322297703,0.0027699427964741944,1000.0
