ZL,error,N
0.003100958176547468,0.002741930488611462,1000.0
