ZL,error,N
0.015078160113397365,0.003403175333659776,998.0
