O^z,error,N,total_data
-0.27805160695998504,0.00020329099067791886,10000.0,160000.0
