O^z,error,N,total_data
-0.20208573867136473,0.00013113205246277317,10000.0,280000.0
