O^z,error,N,total_data
-0.24439487102146423,0.00016980350364827437,10000.0,200000.0
