O^z,error,N,total_data
-0.3275288023804011,0.00025134323191865486,10000.0,120000.0
