O^z,error,N,total_data
-0.18762602501668496,0.00011842428943051187,10000.0,320000.0
