O^z,error,N,total_data
-0.4119725896661314,0.0009541419439961147,10000.0,10000.0
