O^z,error,N,total_data
-0.22072695770082743,0.00014651876921815155,10000.0,240000.0
