O^z,error,N,total_data
-0.05960756704319357,0.0002834144791851574,3000.0,96000.0
