O^z,error,N,total_data
-0.17945636846074778,0.0008008460642629339,3000.0,36000.0
