O^z,error,N,total_data
-0.1321895752932325,0.0005984310194228247,3000.0,48000.0
