O^z,error,N,total_data
-0.08527954159905414,0.00038620718792607787,3000.0,72000.0
