O^z,error,N,total_data
-0.26284741668274014,0.0031932077743123378,3000.0,3000.0
