O^z,error,N,total_data
-0.10485001884645284,0.00047628904996731237,3000.0,60000.0
