O^z,error,N,total_data
-0.06995751772549898,0.00032914165599218784,3000.0,84000.0
