ZL,error,N
0.024957925021990547,0.0032978929651046296,1000.0
