ZL,error,N
-0.13233189292716085,0.0038424348679917237,1000.0
