ZL,error,N
-0.02953569272830634,0.00369336197336476,1000.0
