ZL,error,N
-0.10710552102868558,0.003915583910542478,1000.0
