ZL,error,N
-0.07215511297846469,0.003887457728701048,1000.0
