ZL,error,N
-0.17926826827568823,0.0040197623306137435,1000.0
