ZL,error,N
-0.16221720836636053,0.0037864401028092215,1000.0
