O^z,error,N,total_data
-0.2559480674566449,0.0007491847011539316,1000.0,16000.0
