O^z,error,N,total_data
-0.18555111326196078,0.0004827904254794609,1000.0,28000.0
