O^z,error,N,total_data
-0.22496298799407466,0.0006343283472775933,1000.0,20000.0
