O^z,error,N,total_data
-0.20038274245048535,0.0005471683765029203,1000.0,24000.0
