O^z,error,N,total_data
-0.1705582614741015,0.00043727133265242653,1000.0,32000.0
