O^z,error,N,total_data
-0.3864672876965196,0.0035377863651446864,1000.0,1000.0
