O^z,error,N,total_data
-0.30753453258845176,0.0009182005685313183,1000.0,12000.0
