O^z,error,N,total_data
0.0027528493888021167,0.00013807944673520993,991.0,23784.0
