O^z,error,N,total_data
0.027675106558125794,0.0021385201326035593,997.0,997.0
