O^z,error,N,total_data
0.0012526840824206695,9.152031823487174e-05,982.0,31424.0
