O^z,error,N,total_data
0.0073285558920893985,0.0002743644742291386,997.0,15952.0
