O^z,error,N,total_data
-0.22289505110838337,0.0010787938087066687,1000.0,12000.0
