O^z,error,N,total_data
-0.14130135524450638,0.0007200610125871935,1000.0,20000.0
