O^z,error,N,total_data
-0.11572936110230116,0.0006154983033414681,1000.0,24000.0
