O^z,error,N,total_data
-0.08361601989258317,0.00047304083267410874,1000.0,32000.0
