O^z,error,N,total_data
-0.17375944825932763,0.0008769333504673286,1000.0,16000.0
