O^z,error,N,total_data
-0.09911829711890163,0.000534478009366514,1000.0,28000.0
