O^z,error,N,total_data
-0.30864577868431586,0.003972418994371622,1000.0,1000.0
