O^z,error,N,total_data
-0.44984189526305546,0.0006615681569600173,10000.0,10000.0
