O^z,error,N,total_data
-0.2275402702328462,0.0001340762938668625,10000.0,280000.0
