O^z,error,N,total_data
-0.31016444688089684,0.00017380305629959857,10000.0,160000.0
