O^z,error,N,total_data
-0.2735669006335927,0.0001559397840994626,10000.0,200000.0
