O^z,error,N,total_data
-0.21080039052832925,0.00012823642805138313,10000.0,320000.0
