O^z,error,N,total_data
-0.2476116818285461,0.00014329404022354154,10000.0,240000.0
