O^z,error,N,total_data
-0.3615736345115943,0.0001992130566788657,10000.0,120000.0
