O^z,error,N,total_data
-0.3311177276986625,0.0064732869238420705,1.0,28.0
