O^z,error,N,total_data
-0.37165242341452803,0.011125858935474367,1.0,16.0
