O^z,error,N,total_data
-0.32188595565557226,0.005030263114996536,1.0,32.0
