O^z,error,N,total_data
-0.4102773625239447,0.012869662097681795,1.0,12.0
