O^z,error,N,total_data
-0.34118921519152595,0.0062150064518045715,1.0,24.0
