O^z,error,N,total_data
-0.35435033770438945,0.00770142487741278,1.0,20.0
