O^z,error,N,total_data
-0.19665905473522557,0.0005347610325865516,1000.0,28000.0
