O^z,error,N,total_data
-0.2094329866526814,0.000598816532738811,1000.0,24000.0
