O^z,error,N,total_data
-0.30435977737694214,0.0009211386519216843,1000.0,12000.0
