O^z,error,N,total_data
-0.23165124655166766,0.0006652416449537467,1000.0,20000.0
