O^z,error,N,total_data
-0.26165076480425914,0.000761398867143297,1000.0,16000.0
