O^z,error,N,total_data
-0.3888303571669098,0.0033358400156594924,1000.0,1000.0
