O^z,error,N,total_data
-0.18294913242018265,0.0004911293628055458,1000.0,32000.0
