ZL,error,N
-0.0001265987789767994,0.0027252668786251198,1000.0
