ZL,error,N
0.02341516020677172,0.0028898677413094023,1000.0
