ZL,error,N
0.0047559362981735515,0.0026455876248744296,1000.0
