ZL,error,N
0.01073890494186013,0.002724181663863381,1000.0
