ZL,error,N
0.23417417715331332,0.0023782058706208467,1000.0
