ZL,error,N
0.237723461532716,0.0008927884287305168,10000.0
