ZL,error,N
0.25493378919489107,0.0011898956966280815,10000.0
