ZL,error,N
0.24326360511182382,0.000982586431951692,10000.0
