ZL,error,N
0.23937005672175526,0.0031835904759079294,1000.0
