ZL,error,N
0.24882419639441364,0.0038909128967134316,1000.0
