ZL,error,N
0.22727981092458446,0.001958342330369845,1000.0
