ZL,error,N
0.22565472886048116,0.0006275194347951167,10000.0
