ZL,error,N
0.23226919037347943,0.0007644036268757735,10000.0
