ZL,error,N
0.23869242790158435,0.0028348590425519124,1000.0
