ZL,error,N
0.2519878585429692,0.0011218361703425096,10000.0
