ZL,error,N
0.24808484736891978,0.003563871053613795,1000.0
