ZL,error,N
0.24632693819030843,0.0010498957468537686,10000.0
