ZL,error,N
0.24576445404311234,0.003400402175467151,1000.0
