ZL,error,N
0.004248439940309521,0.00357979080472083,1000.0
