ZL,error,N
-0.012158648659081558,0.0032029803100077857,1000.0
