ZL,error,N
0.02534374340248828,0.004231877335809579,1000.0
