ZL,error,N
-0.010557020864859995,0.0027284459331229725,1000.0
