ZL,error,N
0.26819850419623403,0.0011555076301493353,1000.0
