ZL,error,N
0.3478342483752035,0.002251184472440454,1000.0
