ZL,error,N
0.35468484781105997,0.002379442414918216,1000.0
