ZL,error,N
0.29059199476416203,0.0018630091565337073,1000.0
