ZL,error,N
0.3265094684597931,0.0022967465334972764,1000.0
