ZL,error,N
0.31442207337046746,0.0019505707502424433,1000.0
