ZL,error,N
0.36803195222974083,0.0024188647228371284,1000.0
