O^z,error,N,total_data
-0.04978214777135318,0.00042362896176821634,1000.0,24000.0
