O^z,error,N,total_data
-0.09894679938472511,0.0007378069925572091,1000.0,16000.0
