O^z,error,N,total_data
-0.02735369079486686,0.00027302451640814906,1000.0,32000.0
