O^z,error,N,total_data
-0.23057847167342116,0.003983067738440756,1000.0,1000.0
