O^z,error,N,total_data
-0.03716625317369921,0.00033831207024219076,1000.0,28000.0
