O^z,error,N,total_data
-0.146556863629668,0.0010030446689731048,1000.0,12000.0
