O^z,error,N,total_data
-0.0694230266582761,0.0005631110460872106,1000.0,20000.0
