ZL,error,N
0.11315177265952589,0.008895329065206405,986.0
