ZL,error,N
0.0461712180537437,0.007529844011974682,997.0
