ZL,error,N
0.10109478900729928,0.008486470365007383,992.0
