ZL,error,N
0.09301575229429276,0.00804592134987754,995.0
