ZL,error,N
-0.1563400325736144,0.0034666274325780826,1000.0
