ZL,error,N
-0.007687050834538879,0.0030943771076360357,1000.0
