ZL,error,N
-0.06955405156824303,0.003294514328463656,1000.0
