ZL,error,N
-0.1879636711228374,0.003357481876117904,1000.0
