ZL,error,N
-0.21356901324782968,0.0034645255123842414,1000.0
