ZL,error,N
-0.23283128888238774,0.0035789027290485088,1000.0
