ZL,error,N
-0.11738285917174372,0.0034115926866609353,1000.0
