ZL,error,N
0.1891524993353137,0.00349783649423387,1000.0
