ZL,error,N
0.18954216154718773,0.002833125770004551,1000.0
