ZL,error,N
0.1905704241928417,0.0024311104098409825,1000.0
