ZL,error,N
0.187141962945222,0.002982544984166621,1000.0
