ZL,error,N
0.19113193190658595,0.0031752675345123114,1000.0
