ZL,error,N
0.18633606259140198,0.00343404520829474,1000.0
