ZL,error,N
0.184886559493,0.0034751589524806294,1000.0
