O^z,error,N,total_data
-0.3791011162751828,0.0033235351188321918,1000.0,1000.0
