O^z,error,N,total_data
-0.19967814254368157,0.0006097941167552723,1000.0,24000.0
