O^z,error,N,total_data
-0.18578049852392967,0.0005472766627953539,1000.0,28000.0
