O^z,error,N,total_data
-0.25166627342666287,0.0007786626315994347,1000.0,16000.0
