O^z,error,N,total_data
-0.22297667908113503,0.0006795022919027665,1000.0,20000.0
