O^z,error,N,total_data
-0.29518837659407954,0.0009452487750042101,1000.0,12000.0
