O^z,error,N,total_data
-0.172022815947158,0.0005091065804666005,1000.0,32000.0
