O^z,error,N,total_data
-0.19881092905441133,0.00043900439638002716,1000.0,28000.0
