O^z,error,N,total_data
-0.1844804005119699,0.0003984660404755902,1000.0,32000.0
