O^z,error,N,total_data
-0.23890946765736723,0.0005677957579861459,1000.0,20000.0
