O^z,error,N,total_data
-0.32071671063058377,0.0008594155880183604,1000.0,12000.0
