O^z,error,N,total_data
0.12014387597449495,0.0034021219249378513,1000.0,1000.0
