O^z,error,N,total_data
0.06099586030796342,0.0006388655412604322,1000.0,16000.0
