O^z,error,N,total_data
0.03679211761548591,0.00042356430474317804,1000.0,24000.0
