O^z,error,N,total_data
0.00683341661745937,0.00010674820969523199,1000.0,64000.0
