O^z,error,N,total_data
0.023448083618910546,0.00028558490519151253,1000.0,32000.0
