O^z,error,N,total_data
0.0015587113977037234,3.468969309353021e-05,1000.0,128000.0
