ZL,error,N
-0.08383164372876327,0.004996612703291168,1000.0
