ZL,error,N
-0.13116633940727523,0.003418349719760471,1000.0
