ZL,error,N
-0.12014600650550085,0.003897143503237619,1000.0
