ZL,error,N
-0.1320902749945009,0.0027847849881947667,1000.0
