ZL,error,N
-0.1174197049012435,0.002404191108433918,1000.0
