ZL,error,N
-0.07754574562054074,0.0023492619906551894,1000.0
