ZL,error,N
-0.10530941188153146,0.004531331052449859,1000.0
