corr,error,N
2.2829772039583047,0.030806081751175742,1000.0
