corr,error,N
2.1076471692891503,0.029718114481651778,1000.0
