corr,error,N
1.9343998424235271,0.029183980096643213,1000.0
