corr,error,N
2.7382943160050552,0.03251972480643887,1000.0
