O^z,error,N,total_data
-0.18702875892232193,0.00017606624708633455,10000.0,240000.0
