O^z,error,N,total_data
-0.3733283455808673,0.0011935986878782447,10000.0,10000.0
