O^z,error,N,total_data
-0.29329535975193793,0.0003126062338221645,10000.0,120000.0
