O^z,error,N,total_data
-0.15481009970721354,0.00013701823776260548,10000.0,320000.0
