O^z,error,N,total_data
-0.16885676644772343,0.00015370794958596834,10000.0,280000.0
