O^z,error,N,total_data
-0.24401497620338375,0.0002481933888895865,10000.0,160000.0
