O^z,error,N,total_data
-0.21106053555337226,0.00020514890979845052,10000.0,200000.0
