O^z,error,N,total_data
-0.19363156357324643,0.0007185959436141883,1000.0,20000.0
