O^z,error,N,total_data
-0.22209241604886723,0.000835007361277239,1000.0,16000.0
