O^z,error,N,total_data
-0.3512055131807448,0.0036706316760027353,1000.0,1000.0
