O^z,error,N,total_data
-0.26953853852607645,0.0010056235413269958,1000.0,12000.0
