O^z,error,N,total_data
-0.15185235080429876,0.0005760196996137504,1000.0,28000.0
