O^z,error,N,total_data
-0.13383605659920284,0.0005222095364679607,1000.0,32000.0
