O^z,error,N,total_data
-0.16780795865546758,0.0006392462906972774,1000.0,24000.0
