ZL,error,N
0.016808838897415728,0.0007883710190652163,10000.0
