ZL,error,N
0.00386417656634775,0.0008094592565316274,7995.0
