ZL,error,N
0.004354890943839591,0.0010307007882615715,4996.0
