ZL,error,N
0.00460865986744667,0.0007431094647985534,9980.0
