ZL,error,N
0.00469589863678203,0.0008299816124114124,7986.0
