ZL,error,N
0.005568252355100848,0.0014032694619292812,2998.0
