ZL,error,N
0.007144782474683357,0.001308679927159449,2999.0
