ZL,error,N
0.007477320408368039,0.0010227120551512662,4999.0
