ZL,error,N
0.003481894889752352,0.0007263039456651525,9992.0
