ZL,error,N
0.007138369180175155,0.00072437166898202,9995.0
