ZL,error,N
0.005299866646540677,0.0010652711514165213,4992.0
