ZL,error,N
0.005109764242584431,0.0013299058960764734,2999.0
