ZL,error,N
0.0073669181289533,0.000801831761389197,7998.0
