ZL,error,N
0.01670907303364818,0.0011169552316893808,5000.0
