ZL,error,N
0.016803445206769015,0.0008775394107926579,8000.0
