ZL,error,N
0.01630157483906819,0.0014414200840498076,3000.0
