O^z,error,N,total_data
-0.006636090633385001,0.00020440237268072413,500.0,32000.0
