O^z,error,N,total_data
-0.00946417365461486,0.00030544705425895863,500.0,24000.0
