O^z,error,N,total_data
-0.0034704301912604173,0.00011606165749391164,996.0,79680.0
