ZL,error,N
0.21182444694806235,0.003319428539405656,1000.0
