ZL,error,N
0.21554559723573558,0.0036787549718815043,1000.0
