ZL,error,N
0.21374241882156753,0.0026303772089915174,1000.0
