ZL,error,N
0.21505126848378042,0.0039051019304873103,1000.0
