ZL,error,N
-0.022467619846263595,0.005076108459690285,500.0
