ZL,error,N
-0.010042867096304763,0.0037078602267178835,1000.0
