ZL,error,N
-0.024553365189152597,0.004828413289785412,500.0
