O^z,error,N,total_data
-0.11063855958034678,0.000746526769189001,1000.0,16000.0
