O^z,error,N,total_data
-0.24702703442497131,0.003961771502619059,1000.0,1000.0
