O^z,error,N,total_data
-0.05677231195592853,0.0004363295353731208,1000.0,24000.0
