O^z,error,N,total_data
-0.07921233966876753,0.0005743065188270381,1000.0,20000.0
