O^z,error,N,total_data
-0.15987902244650343,0.0010000720180908366,1000.0,12000.0
