O^z,error,N,total_data
-0.034389028522025605,0.00030453169595625457,1000.0,32000.0
