O^z,error,N,total_data
-0.04332007619760014,0.0003594781883210674,1000.0,28000.0
