ZL,error,N
-0.047421904205282576,0.003896029965578562,1000.0
