ZL,error,N
-0.22871755353795026,0.006210696634307548,1000.0
