ZL,error,N
-0.09741954586795869,0.004735338336514415,1000.0
