ZL,error,N
-0.14441098615421996,0.005238874009592575,1000.0
