ZL,error,N
0.0668842332894767,0.002176018201948334,1000.0
