ZL,error,N
0.011256862926202258,0.0031545610049010025,1000.0
