ZL,error,N
-0.19332529816711375,0.005729710918419778,1000.0
