ZL,error,N
0.02832850345706822,0.007520941418517538,999.0
