ZL,error,N
0.08033241827431603,0.008161969877914052,999.0
