ZL,error,N
0.10239763857284874,0.008222931796426112,998.0
