ZL,error,N
0.11293362682542316,0.008401806350752463,996.0
