O^z,error,N,total_data
-0.3189788296398459,0.00047647510078956714,3000.0,36000.0
