O^z,error,N,total_data
-0.18559728466155298,0.0002282608467103847,3000.0,84000.0
