O^z,error,N,total_data
-0.16949510237222806,0.00020403006092407634,3000.0,96000.0
