O^z,error,N,total_data
-0.23116618593772995,0.00030963776071100924,3000.0,60000.0
