O^z,error,N,total_data
-0.26620946544026436,0.0003713470676032779,3000.0,48000.0
