O^z,error,N,total_data
-0.10084932666212408,0.0001858769615682545,1000.0,64000.0
