O^z,error,N,total_data
-0.0845961178616573,0.0001493458019193923,1000.0,80000.0
