O^z,error,N,total_data
-0.4021481332356371,0.0017762233865542992,3000.0,3000.0
