O^z,error,N,total_data
-0.20505950662579675,0.0002673587669993626,3000.0,72000.0
