O^z,error,N,total_data
-0.12595087094525823,0.00024257002896532068,1000.0,48000.0
