ZL,error,N
0.08461609826583788,0.00842354112921245,999.0
