ZL,error,N
0.0027258683105093537,0.0075077126095864696,1000.0
