ZL,error,N
0.08606894186596105,0.008939074091922695,984.0
