ZL,error,N
0.08180980877603215,0.0079343648139932,1000.0
