ZL,error,N
0.06343222567284715,0.00789487110852481,1000.0
