ZL,error,N
0.07472206499220868,0.009703166644151516,831.0
