O^z,error,N,total_data
-0.09096643638124027,0.0004186012644303399,1000.0,40000.0
