O^z,error,N,total_data
-0.10213152933547837,0.0004603392261624964,1000.0,36000.0
