O^z,error,N,total_data
-0.07806100501816622,0.0003568409056383661,1000.0,48000.0
