O^z,error,N,total_data
-0.08320981069269325,0.0003829124408253151,1000.0,44000.0
