O^z,error,N,total_data
0.0031053948140121563,0.00012861565612885318,998.0,31936.0
