O^z,error,N,total_data
0.014141749395721864,0.00036671024200860463,1000.0,16000.0
