O^z,error,N,total_data
0.0059723488495063365,0.00019519159702098698,998.0,23952.0
