O^z,error,N,total_data
0.04520752114819619,0.0025680249289747807,1000.0,1000.0
