ZL,error,N
0.09478087156097413,0.003082277167050297,1000.0
