ZL,error,N
0.010953532942074377,0.004240796964083351,1000.0
