ZL,error,N
-0.3567799061914321,0.005463742895183459,1000.0
