ZL,error,N
-0.028371888515028545,0.004367101784204094,1000.0
