ZL,error,N
-0.11926111013740505,0.0051860822883894936,1000.0
