ZL,error,N
-0.05711930691002149,0.004731454370331951,1000.0
