ZL,error,N
-0.09486043733172662,0.004844159785311628,1000.0
