ZL,error,N
0.05166086753562138,0.0036813660707167347,1000.0
