ZL,error,N
-0.21421636189149804,0.008171078970363852,500.0
