ZL,error,N
-0.2730326167253497,0.008223991862522132,500.0
