O^z,error,N,total_data
-0.03300806672634466,0.0004310093800016613,1000.0,32000.0
