O^z,error,N,total_data
-0.0993091756761965,0.0010373943255380165,1000.0,16000.0
