O^z,error,N,total_data
-0.055396718732820455,0.00062927111307563,1000.0,24000.0
