O^z,error,N,total_data
-0.21228644039530925,0.005959894146083365,1000.0,1000.0
