O^z,error,N,total_data
-0.26165851613836855,0.00037867736108976606,1000.0,32000.0
