O^z,error,N,total_data
-0.3015146501914337,0.00048366367754750536,1000.0,20000.0
