O^z,error,N,total_data
-0.32562194838054864,0.000538926837894565,1000.0,16000.0
