O^z,error,N,total_data
-0.28325676020862917,0.00042064284986301844,1000.0,24000.0
