O^z,error,N,total_data
-0.2706462942597334,0.0004035739113367037,1000.0,28000.0
