O^z,error,N,total_data
-0.3672357348124759,0.0006399680648660504,1000.0,12000.0
