O^z,error,N,total_data
-0.4499260584714158,0.002169060125678284,1000.0,1000.0
