O^z,error,N,total_data
0.0418465021041167,0.0005484160030053319,1000.0,16000.0
