O^z,error,N,total_data
0.09526305013822502,0.003252620083116452,1000.0,1000.0
