O^z,error,N,total_data
0.013093366649742274,0.00021822562420649905,1000.0,32000.0
