O^z,error,N,total_data
0.022053999429423033,0.0003266219876561515,1000.0,24000.0
