ZL,error,N
-0.02865453060377392,0.0038218181533218013,1000.0
