ZL,error,N
0.11848607550643254,0.005095500006206008,1000.0
