ZL,error,N
-0.07355266516198956,0.0028438218409598966,1000.0
