ZL,error,N
0.019379123208073674,0.004555691613276474,1000.0
