ZL,error,N
0.07030515516888514,0.0048119367878991836,1000.0
