ZL,error,N
0.16601431091195168,0.005274768948902412,1000.0
