ZL,error,N
-0.09017033195691959,0.0017181599585924117,1000.0
