ZL,error,N
0.12118899042694105,0.003933580024410715,1000.0
