ZL,error,N
0.10669233038402347,0.004317460393006446,1000.0
