ZL,error,N
0.13857959548313556,0.003528798439912577,1000.0
