ZL,error,N
0.07336511962236879,0.005029977592733303,1000.0
