ZL,error,N
0.1577548166627374,0.0029603169804926295,1000.0
