ZL,error,N
0.08358647756692561,0.004757500763950051,1000.0
