ZL,error,N
0.09616099351826593,0.004546472611497196,1000.0
