O^z,error,N,total_data
-0.10653880426192767,0.0006921582864605824,1000.0,16000.0
