O^z,error,N,total_data
-0.030860871699766316,0.00027641668976686806,1000.0,32000.0
