O^z,error,N,total_data
-0.24640428056072583,0.003648997286208623,1000.0,1000.0
