O^z,error,N,total_data
-0.15769635349180294,0.0009274757863143968,1000.0,12000.0
