O^z,error,N,total_data
-0.05501918681823368,0.00042395106686582114,1000.0,24000.0
