O^z,error,N,total_data
-0.03869490924762354,0.0003124602655001072,1000.0,28000.0
