O^z,error,N,total_data
-0.07671094324820621,0.000541373009676167,1000.0,20000.0
