O^z,error,N,total_data
-0.06745427578654259,8.537831279994173e-05,10000.0,280000.0
