O^z,error,N,total_data
-0.327965749457251,0.0015214247660283995,1000.0,1000.0
