O^z,error,N,total_data
-0.2258135089607948,0.0005496297868760161,1000.0,12000.0
