O^z,error,N,total_data
-0.32898949476370776,0.000479561191557145,10000.0,10000.0
