O^z,error,N,total_data
-0.04952506754109741,0.0002234854228898376,1000.0,32000.0
