O^z,error,N,total_data
-0.0895127961016388,9.889487019405309e-05,10000.0,240000.0
