O^z,error,N,total_data
-0.11881913299661566,0.00038800389529954445,1000.0,20000.0
