O^z,error,N,total_data
-0.1609947056123029,0.0004919674815670988,1000.0,16000.0
