O^z,error,N,total_data
-0.08890284129665905,0.00030662967236791,1000.0,24000.0
