O^z,error,N,total_data
-0.16113756658505643,0.00015509647475491555,10000.0,160000.0
