O^z,error,N,total_data
-0.06705253518517672,0.0002683980049322004,1000.0,28000.0
