O^z,error,N,total_data
-0.05078748603907782,7.470460117797168e-05,10000.0,320000.0
