O^z,error,N,total_data
-0.2261578511074048,0.00017242864316866437,10000.0,120000.0
