O^z,error,N,total_data
-0.11950744631925361,0.00012099213623201213,10000.0,200000.0
