O^z,error,N,total_data
-0.18090855482221538,0.0005800420348385726,1000.0,24000.0
