O^z,error,N,total_data
-0.16275214036984265,0.0005077476868494595,1000.0,28000.0
