O^z,error,N,total_data
-0.20357395530718683,0.000678004058332107,1000.0,20000.0
