O^z,error,N,total_data
-0.2850008294746184,0.0010428169111524716,1000.0,12000.0
