O^z,error,N,total_data
-0.149943032642387,0.0004598923591555364,1000.0,32000.0
