O^z,error,N,total_data
-0.23612290154724974,0.0008143166438008637,1000.0,16000.0
