O^z,error,N,total_data
-0.3665776885583718,0.0040682112795276905,1000.0,1000.0
