O^z,error,N,total_data
-0.21018346003224447,0.011709770004587656,1.0,28.0
