O^z,error,N,total_data
-0.3059018612724973,0.01566012328830887,1.0,16.0
