O^z,error,N,total_data
-0.2354246185905774,0.010274121891162601,1.0,24.0
