O^z,error,N,total_data
-0.26702584273393865,0.013311727772048643,1.0,20.0
