O^z,error,N,total_data
-0.18584890785432945,0.010834440625929257,1.0,32.0
