O^z,error,N,total_data
-0.37012545919864626,0.021313321025830063,1.0,12.0
