ZL,error,N
0.007962590679362733,0.0013692103846303985,8000.0
