ZL,error,N
-0.004228184824336546,0.0009171004921052902,10000.0
