ZL,error,N
-0.014044104832820656,0.0014024966881775072,5000.0
