ZL,error,N
-0.009308472021064745,0.0010319371163650204,10000.0
