ZL,error,N
-0.003762881858329211,0.0010269638502107825,8000.0
