ZL,error,N
0.008801045536984346,0.001755766782125596,5000.0
