ZL,error,N
-0.005623772508953707,0.001087895680577276,10000.0
