ZL,error,N
0.008364165389142914,0.002279195026424927,3000.0
