ZL,error,N
-0.012854361211644877,0.0011009896294496603,8000.0
