ZL,error,N
-0.013769103353104264,0.0009318882591347853,10000.0
