ZL,error,N
-0.004646103807796115,0.0015461719028735932,5000.0
