ZL,error,N
-0.004044005115087637,0.0016867456650472446,3000.0
