ZL,error,N
-0.015546715808666624,0.0018137980121495604,3000.0
