ZL,error,N
-0.005296209843557057,0.0020074129936787795,3000.0
