ZL,error,N
-0.004853626975257562,0.001217758197676277,8000.0
