ZL,error,N
0.007922419484976994,0.001218335555064104,10000.0
