ZL,error,N
-0.013147824570965267,0.0009869887650410488,10000.0
