ZL,error,N
-0.013273109395812563,0.0009864417565948857,10000.0
