ZL,error,N
-0.0027822869171281604,0.0013076387542532864,5000.0
