O^z,error,N,total_data
-0.18474122460191236,0.0006312022021035627,1000.0,24000.0
