O^z,error,N,total_data
-0.23684655974822538,0.0008146561464681993,1000.0,16000.0
