O^z,error,N,total_data
-0.2815975738304957,0.0009733103325785044,1000.0,12000.0
