O^z,error,N,total_data
-0.15215601033583298,0.0005185267683283454,1000.0,32000.0
