O^z,error,N,total_data
-0.206317072465635,0.0007135223072123911,1000.0,20000.0
