O^z,error,N,total_data
-0.1663201632949096,0.0005642458925082789,1000.0,28000.0
