O^z,error,N,total_data
-0.3655112545226022,0.0034863036298296377,1000.0,1000.0
