ZL,error,N
-0.23176500700546504,0.003650349232749888,1000.0
