ZL,error,N
-0.2308592861018878,0.004293047010160023,1000.0
