ZL,error,N
-0.15742397371372577,0.0018793970806267194,1000.0
