ZL,error,N
-0.21538091720735644,0.0025402644912527164,1000.0
