O^z,error,N,total_data
-0.04223025060002292,0.00020633940244923373,5000.0,160000.0
