O^z,error,N,total_data
-0.041653327253712825,0.00026526034297664157,3000.0,96000.0
