O^z,error,N,total_data
-0.2271881440497152,0.0025226083397697444,5000.0,5000.0
