O^z,error,N,total_data
-0.10675964034376755,0.000460486123229469,5000.0,80000.0
