O^z,error,N,total_data
-0.10665498461567341,0.0003252523471067774,10000.0,160000.0
