O^z,error,N,total_data
-0.06286276173663341,0.00029015608110984754,5000.0,120000.0
