O^z,error,N,total_data
-0.04166074381866289,0.00014596448408983327,10000.0,320000.0
