O^z,error,N,total_data
-0.06302782604437351,0.00020474109857607163,10000.0,240000.0
