O^z,error,N,total_data
-0.10629722131831998,0.00036388102025551144,8000.0,128000.0
