O^z,error,N,total_data
-0.22400472061341897,0.002012268557001241,8000.0,8000.0
