O^z,error,N,total_data
-0.041690734870714105,0.00016276937625329737,8000.0,256000.0
