O^z,error,N,total_data
-0.06279947129204327,0.00037063519404460397,3000.0,72000.0
