O^z,error,N,total_data
-0.06275488868967986,0.0002292978023762397,8000.0,192000.0
