O^z,error,N,total_data
-0.10728994161085771,0.0005935808287430115,3000.0,48000.0
