O^z,error,N,total_data
-0.23209109928239768,0.0032770463216826376,3000.0,3000.0
