O^z,error,N,total_data
-0.22433854186537378,0.0018050484479027996,10000.0,10000.0
