O^z,error,N,total_data
-0.30830116954891096,0.00672413001037048,1.0,28.0
