O^z,error,N,total_data
-0.36896932911352914,0.01158293067291213,1.0,12.0
