O^z,error,N,total_data
-0.30485701692472233,0.004894737965391532,1.0,32.0
