O^z,error,N,total_data
-0.30585797019608263,0.008879521913273854,1.0,24.0
