O^z,error,N,total_data
-0.34068115079356504,0.008892721732648616,1.0,16.0
