O^z,error,N,total_data
-0.31336269515818904,0.005358016220516191,1.0,20.0
