ZL,error,N
0.2643436931414977,0.0013644817553416669,1000.0
