ZL,error,N
0.3288486261018959,0.0019274713757487503,1000.0
