ZL,error,N
0.28845264248133157,0.0017221861092361747,1000.0
