ZL,error,N
0.3602423553224783,0.0021669983909055066,1000.0
