ZL,error,N
0.30895121951016496,0.0017901132888135142,1000.0
