ZL,error,N
0.3446764018976516,0.002113343885991683,1000.0
