ZL,error,N
0.3712590193113738,0.0021551080749206337,1000.0
