ZL,error,N
0.18882478782297757,0.002492611734055683,1000.0
