ZL,error,N
0.1802315546761283,0.003144604044764053,1000.0
