ZL,error,N
0.17895107974944488,0.0034566949333998133,1000.0
