ZL,error,N
0.18368547131281596,0.002837245374767305,1000.0
