ZL,error,N
0.1822298177295316,0.0032415990971727715,1000.0
