ZL,error,N
0.17370140987698335,0.003844472550140572,1000.0
