ZL,error,N
0.1796271101549552,0.0035483724009339364,1000.0
