O^z,error,N,total_data
-0.21583967757111533,0.0001999297497437143,10000.0,200000.0
