O^z,error,N,total_data
-0.3784931590962921,0.0011460046535024658,10000.0,10000.0
