O^z,error,N,total_data
-0.19200301814554366,0.0001713892763662611,10000.0,240000.0
