O^z,error,N,total_data
-0.2488549645604562,0.00024152723456034923,10000.0,160000.0
