O^z,error,N,total_data
-0.2979443763197164,0.0003046834675076135,10000.0,120000.0
