O^z,error,N,total_data
-0.1735300187141592,0.00014963529371246227,10000.0,280000.0
