O^z,error,N,total_data
-0.15912082111503234,0.00013282319990076428,10000.0,320000.0
