O^z,error,N,total_data
-0.007774599427723392,0.00010801267964784763,7967.0,254944.0
