O^z,error,N,total_data
-0.11591531011503814,0.003197461267781202,3000.0,3000.0
