O^z,error,N,total_data
-0.007820389938834974,0.000178016299266181,2989.0,95648.0
