O^z,error,N,total_data
-0.015842878873180817,0.0002582286510506155,2998.0,71952.0
