O^z,error,N,total_data
-0.03755587351404629,0.00025563308922970523,9998.0,159968.0
