O^z,error,N,total_data
-0.03718998510402519,0.00036063468027362566,4999.0,79984.0
