O^z,error,N,total_data
-0.11417029595506446,0.0024460273047620428,5000.0,5000.0
