O^z,error,N,total_data
-0.11290692075255708,0.0017358130350548727,10000.0,10000.0
