O^z,error,N,total_data
-0.016389060530766664,0.0001618530816062485,7991.0,191784.0
