O^z,error,N,total_data
-0.03751560694265886,0.00028620511565888865,7998.0,127968.0
