O^z,error,N,total_data
-0.01603237815768391,0.00020316299540928753,4996.0,119904.0
