O^z,error,N,total_data
-0.11269850910689866,0.0019485900816454764,8000.0,8000.0
