O^z,error,N,total_data
-0.0077137785083881095,9.734689802934835e-05,9959.0,318688.0
