O^z,error,N,total_data
-0.007937283493788144,0.0001367420458029202,4982.0,159424.0
