O^z,error,N,total_data
-0.03676637833324552,0.00045820990603487473,2999.0,47984.0
