O^z,error,N,total_data
-0.016447600559247516,0.00014415488494006737,9987.0,239688.0
