ZL,error,N
-0.09096125312997222,0.0038819640090974237,1000.0
