ZL,error,N
-0.06644608679626066,0.004320435954810461,1000.0
