ZL,error,N
-0.10615156772754533,0.0024504131108035575,1000.0
