ZL,error,N
-0.1025327265850465,0.0031233286571017353,1000.0
