ZL,error,N
-0.08048472784976692,0.0022533406462587413,1000.0
