ZL,error,N
-0.011490139690597657,0.005409981123485735,1000.0
