ZL,error,N
-0.03909667199328815,0.004977322557887962,1000.0
