ZL,error,N
-0.021823146630446537,0.004831868744768614,1000.0
