ZL,error,N
0.04870076404695899,0.004123861686040314,1000.0
