ZL,error,N
-0.057625837779893385,0.005256883147499466,1000.0
