ZL,error,N
0.010276620464323092,0.0045819300018991125,1000.0
