ZL,error,N
0.08771508374192008,0.0034433691770089547,1000.0
