ZL,error,N
-0.08359737036423136,0.00580780812071021,1000.0
