ZL,error,N
0.12357598285194835,0.0026335388531732898,1000.0
