ZL,error,N
-0.18523722493334344,0.003433335361442943,1000.0
