ZL,error,N
-0.004689245820664149,0.0032056460903800176,1000.0
