ZL,error,N
-0.13654516680158307,0.0035082959423117224,1000.0
