ZL,error,N
-0.16238610229123251,0.003420881558479342,1000.0
