ZL,error,N
-0.10653214214367465,0.0034400026137991323,1000.0
