ZL,error,N
-0.19630734031677438,0.003657469622324512,1000.0
