ZL,error,N
-0.06422516541323206,0.0033075067551025556,1000.0
