ZL,error,N
0.02482607720927756,0.005010198760490924,1000.0
