ZL,error,N
0.13287300854831458,0.003199555373340915,1000.0
