ZL,error,N
0.05554186650920156,0.004609421486918009,1000.0
