ZL,error,N
0.036973698012495324,0.004857835843216711,1000.0
