ZL,error,N
0.0853701054379004,0.004201718314389452,1000.0
