ZL,error,N
0.06947653812144669,0.004371840275614469,1000.0
