ZL,error,N
0.10453386439643243,0.003686308928808216,1000.0
