ZL,error,N
-0.7752228285652256,0.0077844463694165264,1000.0
