ZL,error,N
-0.6876993833495474,0.00892153478352166,1000.0
