ZL,error,N
0.12270857387868499,0.004284830752747914,1000.0
