ZL,error,N
0.15297601660395757,0.0033968127943189703,1000.0
