ZL,error,N
0.08891046653137459,0.005135454221951818,1000.0
