ZL,error,N
0.09981398769248226,0.004827842759869354,1000.0
