O^z,error,N,total_data
-0.21582869545760555,0.0037820385041202123,1000.0,1000.0
