O^z,error,N,total_data
-0.03788253151653982,0.0003499477778441087,1000.0,24000.0
