O^z,error,N,total_data
-0.027828934797484117,0.00028065515541294764,1000.0,28000.0
