O^z,error,N,total_data
-0.08497392156899608,0.0006660054219602352,1000.0,16000.0
