O^z,error,N,total_data
-0.057612901445239714,0.0004978358215491635,1000.0,20000.0
