O^z,error,N,total_data
-0.020279438873897212,0.00022787302443918355,1000.0,32000.0
