O^z,error,N,total_data
-0.13129538666406146,0.0009410125270790564,1000.0,12000.0
