ZL,error,N
0.00810104542182794,0.0023489998024610863,1000.0
