ZL,error,N
0.0002026828767526909,0.002403675166462286,1000.0
