ZL,error,N
0.03265039189120426,0.002743733835304166,1000.0
