ZL,error,N
0.011320839570774753,0.002569337982503343,1000.0
