ZL,error,N
0.0436254710282596,0.004185017949760873,1000.0
