ZL,error,N
-0.05608022236113448,0.005129054172272006,1000.0
