ZL,error,N
0.08163552775151411,0.0035391257920909564,1000.0
