ZL,error,N
-0.08362135684087234,0.005507322597862175,1000.0
