ZL,error,N
-0.02024754406205508,0.004801418952362993,1000.0
