ZL,error,N
0.007184832598343212,0.00450653662101307,1000.0
