ZL,error,N
0.11646140337392229,0.0028468893597849727,1000.0
