ZL,error,N
0.0273330269633387,0.005587078664824514,430.0
