ZL,error,N
0.022274182790863673,0.004192541687519303,842.0
