ZL,error,N
0.030626458863817273,0.005528314597527914,468.0
