O^z,error,N,total_data
-0.3396196772739046,0.0007348882805856627,1000.0,12000.0
