O^z,error,N,total_data
-0.194808622588325,0.00034329754035648975,1000.0,32000.0
