O^z,error,N,total_data
-0.2904735842098922,0.0005738138498903847,1000.0,16000.0
