O^z,error,N,total_data
-0.21108895755192458,0.00038056217772604816,1000.0,28000.0
