O^z,error,N,total_data
-0.22954048108021732,0.0004246512093809327,1000.0,24000.0
