O^z,error,N,total_data
-0.43327444997545533,0.00250212629260159,1000.0,1000.0
