O^z,error,N,total_data
-0.2576798820727006,0.0004801093256124154,1000.0,20000.0
