ZL,error,N
0.002660374522922053,0.003770143801685027,435.0
