ZL,error,N
0.0022430352772545813,0.0042709961282732575,399.0
