O^z,error,N,total_data
-0.02896427726678451,0.00028141474995399014,1000.0,32000.0
