O^z,error,N,total_data
-0.23561110164844587,0.003966351256399541,1000.0,1000.0
