O^z,error,N,total_data
-0.037521709967849794,0.00033362782377047986,1000.0,28000.0
