O^z,error,N,total_data
-0.10037977930819897,0.0007285674655881068,1000.0,16000.0
