O^z,error,N,total_data
-0.050526519538424734,0.0004191451686061995,1000.0,24000.0
