O^z,error,N,total_data
-0.1499948248658139,0.0009963183515026455,1000.0,12000.0
