O^z,error,N,total_data
-0.07104581401810393,0.0005504312726412637,1000.0,20000.0
