ZL,error,N
-0.09125176536971558,0.0017238986737750095,1000.0
