ZL,error,N
-0.08125377540328756,0.002758146274433585,1000.0
