ZL,error,N
-0.04358489608365456,0.003797680707385975,1000.0
