ZL,error,N
0.002252654230242766,0.004483465456371919,1000.0
