ZL,error,N
0.09691860147345896,0.005232878410453326,1000.0
