ZL,error,N
0.05205183570644669,0.004768548410701691,1000.0
