ZL,error,N
0.13899777095839436,0.005416422778925658,1000.0
