ZL,error,N
0.3709761030770639,0.0037284589219589155,1000.0
