ZL,error,N
0.16183250837491173,0.0037863082502597907,1000.0
