ZL,error,N
0.24048444855299395,0.004000301354537978,1000.0
