ZL,error,N
0.4185316772194603,0.0034797159743898648,1000.0
