ZL,error,N
0.30999821111595366,0.0037039062365254744,1000.0
