ZL,error,N
-0.026341906230181757,0.0022902887122273887,1000.0
