ZL,error,N
0.06613392861232054,0.0033091824546439487,1000.0
