O^z,error,N,total_data
-0.2971029481200586,0.006503980187073476,1.0,28.0
