O^z,error,N,total_data
-0.3589062734026966,0.011250957399101548,1.0,12.0
