O^z,error,N,total_data
-0.2891067036333153,0.005477362673886293,1.0,32.0
