O^z,error,N,total_data
-0.3076866406866474,0.007558044215223624,1.0,24.0
