O^z,error,N,total_data
-0.3274689972389152,0.008405653688667802,1.0,16.0
