O^z,error,N,total_data
-0.316945449603922,0.00406325105725963,1.0,20.0
