O^z,error,N,total_data
0.05773609798008786,0.0027784284140205794,1000.0,1000.0
