O^z,error,N,total_data
0.018565696582976948,0.00039920767079640594,1000.0,16000.0
