O^z,error,N,total_data
0.004805371151038084,0.00014548821317287607,1000.0,32000.0
