O^z,error,N,total_data
0.008723325997195526,0.00022453695204701913,1000.0,24000.0
