O^z,error,N,total_data
-0.03716588158719031,0.00019280205013053495,1000.0,20000.0
