O^z,error,N,total_data
-0.06951494380448453,8.759113071147334e-05,10000.0,160000.0
