O^z,error,N,total_data
-0.012940784352943316,0.0001021595359711209,1000.0,28000.0
