O^z,error,N,total_data
-0.12841420749460628,0.0003772627138182011,1000.0,12000.0
