O^z,error,N,total_data
-0.23894436044481784,0.0013119911611572377,1000.0,1000.0
