O^z,error,N,total_data
-0.1276110838416978,0.00011885316479481078,10000.0,120000.0
