O^z,error,N,total_data
-0.007602281928068757,2.6038746632598806e-05,10000.0,320000.0
