O^z,error,N,total_data
-0.2382796066105972,0.0004179627059027261,10000.0,10000.0
