O^z,error,N,total_data
-0.03839531319246098,6.178796550614367e-05,10000.0,200000.0
