O^z,error,N,total_data
-0.06967237087092089,0.0002766410360405848,1000.0,16000.0
