O^z,error,N,total_data
-0.021835460908018692,4.3859166434584256e-05,10000.0,240000.0
