O^z,error,N,total_data
-0.021765293317368994,0.0001361907759382167,1000.0,24000.0
