O^z,error,N,total_data
-0.007927997085038526,7.866573253036458e-05,1000.0,32000.0
