O^z,error,N,total_data
-0.012851150458583383,3.3362748337281746e-05,10000.0,280000.0
