index,x2-x1,corr
0,47,-1.5468115089221515
1,47,0.01085840031945882
2,47,-0.3379882413928437
4,47,0.6564391139972224
5,47,0.4130022593955279
6,47,0.3600667577316052
7,47,6.034785333269743
8,47,-1.5541670117661786
9,47,11.6248286961549
