index,x2-x1,corr
0,63,-1.1471375969499813
1,63,-0.09161957236601556
2,63,5.141719288462923
3,63,8.427622950824356
4,63,3.4184202337248712
6,63,-1.2139539876977299
7,63,1.5886694414907132
8,63,-1.7164628734908878
9,63,10.075339558454026
