index,x2-x1,corr
0,31,-1.3947449354166637
1,31,0.24574081511003468
2,31,0.9712218567114883
3,31,5.826540971858565
4,31,-1.021450112108743
5,31,0.4477338523495016
6,31,0.3512875548182667
7,31,-0.8162519829764447
8,31,-1.6392018233251489
9,31,9.09470331705622
