index,x2-x1,corr
0,15,-0.8196965676534743
1,15,0.8981053408676357
2,15,-1.2746062196855608
3,15,1.434834557318413
4,15,-1.7850358424741333
5,15,2.5548949836585733
6,15,-1.1315928435670861
7,15,-1.791709252509672
8,15,-1.0756970821633716
9,15,2.808046091269227
