O^z,error,N,total_data
-0.17136719626339456,0.00048531113128197584,1000.0,28000.0
