O^z,error,N,total_data
-0.21478783054540296,0.0006436553698521307,1000.0,20000.0
