O^z,error,N,total_data
-0.18940302066173495,0.0005465618404345175,1000.0,24000.0
