O^z,error,N,total_data
-0.24642623711949668,0.000771628430235207,1000.0,16000.0
