O^z,error,N,total_data
-0.15690167070768313,0.00043354154495708577,1000.0,32000.0
