O^z,error,N,total_data
-0.3772445701729238,0.0037673538636166953,1000.0,1000.0
