O^z,error,N,total_data
-0.2967767840779069,0.0009681335326919425,1000.0,12000.0
