O^z,error,N,total_data
-0.20409413372758642,0.0002864047260360389,1000.0,80000.0
