O^z,error,N,total_data
-0.21563646213669863,0.0005083889747503516,500.0,24000.0
