O^z,error,N,total_data
-0.20626467580113148,0.00044417260533930944,500.0,32000.0
