O^z,error,N,total_data
-0.33565087151057793,0.0049932093244125075,1000.0,1000.0
