O^z,error,N,total_data
-0.15823195680519178,0.0005905253701173366,1000.0,24000.0
