O^z,error,N,total_data
-0.2060710331080412,0.0008464672206219875,1000.0,16000.0
