O^z,error,N,total_data
-0.13140667865918626,0.000449939703540333,1000.0,32000.0
