O^z,error,N,total_data
-0.1477446828232937,0.00044699586091744606,1000.0,32000.0
