O^z,error,N,total_data
-0.28522935133289723,0.0010407368817533834,1000.0,12000.0
