O^z,error,N,total_data
-0.23468512247251283,0.0008220796144793579,1000.0,16000.0
