O^z,error,N,total_data
-0.16125304732130513,0.0005124539625529996,1000.0,28000.0
