O^z,error,N,total_data
-0.3708019093398061,0.003980427759988122,1000.0,1000.0
