O^z,error,N,total_data
-0.20180657178189382,0.0006826717915831027,1000.0,20000.0
