O^z,error,N,total_data
-0.17863160823687255,0.0005771656917506087,1000.0,24000.0
