O^z,error,N,total_data
-0.04572070370087744,0.0005604209032367555,1000.0,12000.0
