O^z,error,N,total_data
-0.10617972048897341,0.0028894304855511433,1000.0,1000.0
