O^z,error,N,total_data
-0.010558735571885903,0.00018951537346097324,1000.0,20000.0
