O^z,error,N,total_data
-0.02046563533049266,0.000301995973833909,1000.0,16000.0
