O^z,error,N,total_data
-0.004867569551104661,9.7441725800377e-05,1000.0,24000.0
