O^z,error,N,total_data
-0.002482852248033443,6.349120135901944e-05,1000.0,28000.0
