O^z,error,N,total_data
-0.0013872209008362747,4.4829973938851965e-05,1000.0,32000.0
