O^z,error,N,total_data
-0.3151220563137314,0.004718556602317161,1.0,32.0
