O^z,error,N,total_data
-0.3231402393130906,0.005030921821956755,1.0,28.0
