O^z,error,N,total_data
-0.3531435973587122,0.0050588809737348115,1.0,20.0
