O^z,error,N,total_data
-0.3980676093253146,0.011077574185975556,1.0,12.0
