O^z,error,N,total_data
-0.3783339554394128,0.007486482675587523,1.0,16.0
