O^z,error,N,total_data
-0.33557128122344243,0.005342613300606811,1.0,24.0
