ZL,error,N
0.07072424350179815,0.009074272024788962,1000.0
