ZL,error,N
0.12799837475518938,0.009558019777954488,1000.0
