ZL,error,N
-0.06108578567051812,0.00882180014450839,1000.0
