ZL,error,N
-0.13565135563960476,0.00774019968793673,1000.0
