ZL,error,N
-0.01921612574344653,0.008987193550193876,1000.0
