ZL,error,N
0.012269030167076643,0.00928177486650295,1000.0
