ZL,error,N
0.03476040731728896,0.0009725917303399702,10000.0
