ZL,error,N
0.01389001086205868,0.0010103648642771602,8000.0
