ZL,error,N
0.0037676908475581202,0.0016118491696583326,3000.0
