ZL,error,N
0.03556321339806133,0.0013927435164843046,5000.0
