ZL,error,N
0.00235175836359442,0.0012325287190281947,5000.0
