ZL,error,N
0.00033521225197916707,0.0009891726781307247,8000.0
