ZL,error,N
0.03482629660009903,0.0010927342750137266,8000.0
