ZL,error,N
0.002478550482717278,0.0009775456705244361,8000.0
