ZL,error,N
0.002172615020092638,0.0012553192374808422,5000.0
