ZL,error,N
0.014369099576050499,0.0016580034184803369,3000.0
