ZL,error,N
0.034152163228591,0.0018139976700081604,3000.0
