ZL,error,N
0.014250187395458672,0.0012817655457808546,5000.0
