ZL,error,N
0.0020637289750562973,0.0008763150856677958,10000.0
