ZL,error,N
-0.0005262416718272947,0.0008833945053844481,10000.0
