ZL,error,N
0.013381964375262496,0.0009021296520111843,10000.0
