ZL,error,N
0.00213474058542034,0.001586037598245149,3000.0
