ZL,error,N
0.0003937728555917146,0.0008775258840931835,10000.0
