ZL,error,N
-0.007950037055003495,0.0013575234824280465,5000.0
