ZL,error,N
-0.0079801787406453,0.001066418958055416,8000.0
