ZL,error,N
0.006385705723075899,0.0013544367784734351,5000.0
