ZL,error,N
-0.007737598727194837,0.0014144533459663163,5000.0
