ZL,error,N
-0.009035968098390823,0.0009904178554354473,10000.0
