ZL,error,N
-0.008181620801998859,0.0011108954512156208,8000.0
