ZL,error,N
-0.0059783614513994315,0.000931332364284136,10000.0
