ZL,error,N
-0.00292524715074337,0.0010763957981344105,10000.0
