ZL,error,N
0.003940976550780047,0.001753990549382569,3000.0
