ZL,error,N
-0.008999402002375199,0.000990058769964943,10000.0
