ZL,error,N
-0.008115136475414316,0.0009518143303620807,10000.0
