ZL,error,N
-0.0026257797102267285,0.001973742254268772,3000.0
