ZL,error,N
-0.008178837761262436,0.0009522952974510724,10000.0
