ZL,error,N
-0.008663520273010157,0.0017474070165676707,3000.0
