ZL,error,N
-0.0026233085726454085,0.001535471302195772,5000.0
