ZL,error,N
-0.007561203176275438,0.001817063174955274,3000.0
