ZL,error,N
0.006133663700916635,0.0009430164928588984,10000.0
