ZL,error,N
0.006253607772210366,0.0010590796872392348,8000.0
