ZL,error,N
-0.004982309384350328,0.001044057166028641,10000.0
