ZL,error,N
-0.0024489217715682643,0.0012141817292859686,8000.0
