ZL,error,N
-0.010518137193865526,0.0009559172585786061,10000.0
