O^z,error,N,total_data
-0.33609309981603985,0.000748797253818207,1000.0,12000.0
