O^z,error,N,total_data
-0.2554218289410825,0.0005053889597127952,1000.0,20000.0
