O^z,error,N,total_data
-0.1980465237771484,0.00036089708896366526,1000.0,32000.0
