O^z,error,N,total_data
-0.21239961589336523,0.0003902263101624646,1000.0,28000.0
