ZL,error,N
0.0034565694230797124,0.0011903368231427278,2996.0
