ZL,error,N
0.008949759971574383,0.0012031015939335866,2999.0
