ZL,error,N
0.013482047844210804,0.0013295618108199957,2998.0
