ZL,error,N
0.0020561749419539745,0.0012199047760206834,2981.0
