ZL,error,N
0.011865475396949376,0.002827257138768598,915.0
