ZL,error,N
0.002906461665075144,0.0012214377659919028,2983.0
