ZL,error,N
0.003679837416496101,0.002441255527076717,976.0
