ZL,error,N
-0.0012924842854769227,0.002460515345430672,952.0
