ZL,error,N
0.004764697318203487,0.001202775507985506,2993.0
