ZL,error,N
0.0042142873258640525,0.0012647359958055414,2964.0
