O^z,error,N,total_data
-0.24359550069349453,0.0004294583691589138,1000.0,24000.0
