O^z,error,N,total_data
-0.30417395803023395,0.0005539552476092811,1000.0,16000.0
