O^z,error,N,total_data
-0.22661989232283936,0.0003976541537447307,1000.0,28000.0
