O^z,error,N,total_data
-0.4415113506468017,0.00226243256622917,1000.0,1000.0
