O^z,error,N,total_data
-0.27122616403089045,0.00048462529155690246,1000.0,20000.0
