O^z,error,N,total_data
-0.354291026272745,0.0006524559647974692,1000.0,12000.0
