O^z,error,N,total_data
-0.20929698236508767,0.000375638456166699,1000.0,32000.0
