O^z,error,N,total_data
-0.1029642584969425,0.00048760935530880556,1000.0,20000.0
