O^z,error,N,total_data
-0.043744498093015796,0.00028446920032971156,1000.0,32000.0
