O^z,error,N,total_data
-0.14403678615507692,0.0006075055308990281,1000.0,16000.0
