O^z,error,N,total_data
-0.07557260936754748,0.00038244287473205576,1000.0,24000.0
