O^z,error,N,total_data
-0.19911807340187468,0.0007068462272582506,1000.0,12000.0
