O^z,error,N,total_data
-0.05762746412529242,0.0003296499310382714,1000.0,28000.0
