O^z,error,N,total_data
-0.29556000279205347,0.002464310964654008,1000.0,1000.0
