O^z,error,N,total_data
-7.442686946576456e-05,0.00011559040842492921,924.0,73920.0
