O^z,error,N,total_data
-0.00041870147712796816,0.00020398534028209824,473.0,30272.0
