O^z,error,N,total_data
-0.0023980818538047927,0.00027804756549247936,480.0,23040.0
