O^z,error,N,total_data
-0.22838858437998177,0.0005714720878203275,1000.0,20000.0
