O^z,error,N,total_data
-0.3142143185483013,0.0008634182527024626,1000.0,12000.0
