O^z,error,N,total_data
-0.17022568529990043,0.0003856032214817332,1000.0,32000.0
