O^z,error,N,total_data
-0.18442388349439082,0.00042713905925187217,1000.0,28000.0
