corr,error,N
2.844683695901175,0.027568824399443387,1000.0
