corr,error,N
2.1165785033074243,0.025928656048488773,1000.0
