corr,error,N
2.288846629855285,0.02558793273880358,1000.0
