corr,error,N
2.4549851823465594,0.027002888665917817,1000.0
