ZL,error,N
0.18187864262941336,0.0032184720901762853,1000.0
