ZL,error,N
0.1804441377089865,0.003957286032164418,1000.0
