ZL,error,N
0.1832246280237558,0.0035141405523294576,1000.0
