ZL,error,N
0.19465108235241554,0.0024809590671355485,1000.0
