ZL,error,N
0.18894075421234308,0.0028369232686550564,1000.0
