ZL,error,N
0.18094699480090684,0.0035908697624512887,1000.0
