ZL,error,N
0.17671608019176185,0.0038955727807398082,1000.0
