O^z,error,N,total_data
-0.04078206922479444,0.00018981429052659094,9997.0,239928.0
