O^z,error,N,total_data
-0.023872636503202278,0.00018361325713439177,5000.0,160000.0
