O^z,error,N,total_data
-0.07736999445255932,0.0003157368129568011,9998.0,159968.0
