O^z,error,N,total_data
-0.024085448955443386,0.0001449069457442242,7998.0,255936.0
