O^z,error,N,total_data
-0.18285337946436397,0.0018730866507971186,10000.0,10000.0
