O^z,error,N,total_data
-0.02434858365396516,0.0001307081753689727,9998.0,319936.0
