O^z,error,N,total_data
-0.04147354888038304,0.0003519069248580562,2999.0,71976.0
