O^z,error,N,total_data
-0.023877227377565324,0.00023637972247349492,3000.0,96000.0
