O^z,error,N,total_data
-0.07764644435785384,0.0004492742415921051,5000.0,80000.0
