O^z,error,N,total_data
-0.07882776835196666,0.0005806632480991473,3000.0,48000.0
