O^z,error,N,total_data
-0.185064767052366,0.0026355545210207786,5000.0,5000.0
