O^z,error,N,total_data
-0.18811782689207343,0.0034689432113996638,3000.0,3000.0
