O^z,error,N,total_data
-0.18241394012762244,0.0020897237281754864,8000.0,8000.0
