O^z,error,N,total_data
-0.07726371648627213,0.0003531010179639033,7999.0,127984.0
