O^z,error,N,total_data
-0.041037605003293086,0.00027029855275806163,4999.0,119976.0
