O^z,error,N,total_data
-0.040563026750946085,0.00021243579250848938,7998.0,191952.0
