ZL,error,N
0.20657730784674433,0.0025401412573367527,1000.0
