ZL,error,N
0.20830305518812023,0.0032801732845031645,1000.0
