ZL,error,N
0.2121376757850227,0.0036036769122186306,1000.0
