ZL,error,N
0.2066209194340847,0.0027951399801209474,1000.0
