ZL,error,N
0.20377493934116148,0.002218713113776704,1000.0
