ZL,error,N
0.211636240326278,0.0032650113698530266,1000.0
