ZL,error,N
0.20889560330487722,0.003004107910824919,1000.0
