O^z,error,N,total_data
0.03431262999840569,0.0022758192784915476,999.0,999.0
