O^z,error,N,total_data
0.010381294849546682,0.0003260627134932068,999.0,15984.0
