O^z,error,N,total_data
0.0016524423441660308,9.275584418797681e-05,994.0,31808.0
