O^z,error,N,total_data
0.0038543104523947615,0.00016873947005886748,997.0,23928.0
