ZL,error,N
-0.017006590363567088,0.0006563652390774865,10000.0
