ZL,error,N
-0.09909407204578237,0.0015183616764771577,1000.0
