ZL,error,N
-0.12789567089812734,0.000352391200483761,10000.0
