ZL,error,N
0.06691909921346752,0.0009031805352088418,10000.0
