ZL,error,N
-0.057190535446459904,0.001717441534022308,1000.0
