ZL,error,N
0.06994336006053443,0.0027158968277321005,1000.0
