ZL,error,N
-0.12109219804292813,0.0008737667794627997,1000.0
