ZL,error,N
0.02540409519255867,0.0007791749913304802,10000.0
