ZL,error,N
0.0275514260399233,0.0024392882941626534,1000.0
