ZL,error,N
-0.05939075634135293,0.0005616309330356622,10000.0
