ZL,error,N
-0.12125195338575229,0.0002794521727982715,10000.0
