ZL,error,N
-0.12626043465990505,0.001102986135898567,1000.0
