ZL,error,N
-0.014997992468829923,0.0020166754168209552,1000.0
