ZL,error,N
-0.09838134277315957,0.00047080798340018285,10000.0
