ZL,error,N
0.08392406706435261,0.0045625129119365405,1000.0
