ZL,error,N
0.07255675052348617,0.004851846664792928,1000.0
