ZL,error,N
0.1036169685021832,0.004154796474995112,1000.0
