ZL,error,N
0.13069965665432282,0.0035154311087152047,1000.0
