ZL,error,N
0.11709765880972282,0.003919487535921297,1000.0
