ZL,error,N
0.09349122654534027,0.004334676334974232,1000.0
