ZL,error,N
0.1530102739862479,0.0029959904991187732,1000.0
