O^z,error,N,total_data
-0.11703165005110562,0.000761566304410334,1000.0,12000.0
