O^z,error,N,total_data
-0.07090474317475316,0.0005347738675293385,1000.0,16000.0
