O^z,error,N,total_data
-0.018620672669943137,0.0002079293017886792,1000.0,28000.0
