O^z,error,N,total_data
-0.027959529413891775,0.00026938252502482784,1000.0,24000.0
