O^z,error,N,total_data
-0.20552878795392823,0.0031791933818493628,1000.0,1000.0
