O^z,error,N,total_data
-0.04442417559426897,0.00038344493221171037,1000.0,20000.0
