O^z,error,N,total_data
-0.012295694859069959,0.00015134195061383183,1000.0,32000.0
