ZL,error,N
0.20179340941125082,0.002221913456099772,1000.0
