ZL,error,N
0.14429118900139765,0.005700654147621614,1000.0
