ZL,error,N
0.19468084253258486,0.002950105829404034,1000.0
