ZL,error,N
0.16666360067362232,0.00460568793584426,1000.0
