ZL,error,N
0.1688318106116484,0.004228338068114999,1000.0
