ZL,error,N
0.18088153437481344,0.0036016134744667333,1000.0
