ZL,error,N
0.14839627584114704,0.005200982813682422,1000.0
