O^z,error,N,total_data
-0.2193078807596806,0.0007875890610484022,1000.0,16000.0
