O^z,error,N,total_data
-0.34860032443446914,0.004553999285570345,1000.0,1000.0
