O^z,error,N,total_data
-0.17142537738169908,0.0005546557228582673,1000.0,24000.0
