O^z,error,N,total_data
-0.14437861823953424,0.00043478624416952845,1000.0,32000.0
