O^z,error,N,total_data
-0.3762220384521678,0.0011821591301861966,10000.0,10000.0
