O^z,error,N,total_data
-0.18983097191919907,0.0005446526944159699,1000.0,24000.0
