O^z,error,N,total_data
-0.21287946550786607,0.00020296496487994716,10000.0,200000.0
