O^z,error,N,total_data
-0.24611908742653077,0.0002451067787932324,10000.0,160000.0
