O^z,error,N,total_data
-0.1710030247708624,0.00015310540299209928,10000.0,280000.0
