O^z,error,N,total_data
-0.15664522262158723,0.00013509216876656473,10000.0,320000.0
