O^z,error,N,total_data
-0.15735924183671027,0.00042574826496579864,1000.0,32000.0
