O^z,error,N,total_data
-0.379091711390481,0.0038870520938889055,1000.0,1000.0
