O^z,error,N,total_data
-0.17122665799565376,0.0004846561497545254,1000.0,28000.0
