O^z,error,N,total_data
-0.24725987436145272,0.0007734140401026639,1000.0,16000.0
