O^z,error,N,total_data
-0.29500743708502414,0.00031091509704554314,10000.0,120000.0
