O^z,error,N,total_data
-0.2937401599511201,0.0009977696540120426,1000.0,12000.0
