O^z,error,N,total_data
-0.21291694670341096,0.0006369167746901657,1000.0,20000.0
