O^z,error,N,total_data
-0.18944612376756279,0.00017354498297426853,10000.0,240000.0
