ZL,error,N
-0.020382164476052202,0.0030787621553076674,1000.0
