ZL,error,N
-0.17393916573960977,0.0032876949412168734,1000.0
