ZL,error,N
-0.14796215704398388,0.0033647481723465137,1000.0
