ZL,error,N
-0.07687794042159522,0.003162283527671942,1000.0
