ZL,error,N
-0.12059570847717029,0.003277705762321169,1000.0
