ZL,error,N
-0.18797396982350786,0.003377194829625033,1000.0
