ZL,error,N
-0.19533174893700064,0.003666548538218681,1000.0
