O^z,error,N,total_data
-0.21420437801501127,0.0006528561229393996,1000.0,20000.0
