O^z,error,N,total_data
-0.1892394741780958,0.0005480587908037941,1000.0,24000.0
