O^z,error,N,total_data
-0.24614742891093477,0.000768423791724959,1000.0,16000.0
