O^z,error,N,total_data
-0.1720950129923726,0.0004860899004008085,1000.0,28000.0
