O^z,error,N,total_data
-0.15607078172929634,0.000434447820101847,1000.0,32000.0
