O^z,error,N,total_data
-0.3768005104706541,0.003887436815472314,1000.0,1000.0
