O^z,error,N,total_data
-0.295897259765969,0.00098771881124035,1000.0,12000.0
