ZL,error,N
0.01931996584051349,0.0008751625139416404,8000.0
