ZL,error,N
0.0026460448111237374,0.0012263727105291903,2996.0
