ZL,error,N
0.00521226599940289,0.003666357959812725,481.0
