ZL,error,N
0.019824632811329138,0.001452012435004947,3000.0
