ZL,error,N
0.008006331415912787,0.0012958564106058008,2999.0
