ZL,error,N
0.0029743353117346544,0.0006847483570713874,9979.0
