ZL,error,N
0.019691108368675728,0.0011187341235215145,5000.0
