ZL,error,N
0.006963849339788394,0.0006959984142180354,9996.0
