ZL,error,N
0.019814378635071968,0.0007837053355544133,10000.0
