ZL,error,N
0.00743930515156537,0.000987003620139649,4999.0
