ZL,error,N
0.0030761383649090452,0.0009569142835693382,4990.0
