ZL,error,N
0.003467025062301669,0.0007380694666370983,7995.0
