ZL,error,N
0.009383266720772658,0.003666416833010834,497.0
