ZL,error,N
0.0034890684691515615,0.0006609559177812639,9994.0
