ZL,error,N
0.006995712007258683,0.0007770710952426516,7998.0
