ZL,error,N
0.005002189442692139,0.00122366765145985,2998.0
