ZL,error,N
0.0031966559739524487,0.0007620538850083575,7987.0
