ZL,error,N
0.00446176239035904,0.0009460197921233527,4996.0
