O^z,error,N,total_data
-0.2026082960326355,0.0005304450537230078,1000.0,24000.0
