O^z,error,N,total_data
-0.3903877447918274,0.0034091212706457356,1000.0,1000.0
