O^z,error,N,total_data
-0.16910527169272727,0.00042168682689615734,1000.0,32000.0
