O^z,error,N,total_data
-0.307765604709129,0.0009157338304282698,1000.0,12000.0
