O^z,error,N,total_data
-0.2577976025732067,0.0007346218062691877,1000.0,16000.0
