O^z,error,N,total_data
-0.18313874049809448,0.000468898490629856,1000.0,28000.0
