O^z,error,N,total_data
-0.22581756780193823,0.0006043933218064153,1000.0,20000.0
