ZL,error,N
0.12161711936036551,0.009695615793189786,1000.0
