ZL,error,N
0.0830250566601955,0.009287866595896354,1000.0
