ZL,error,N
-0.04783223184277301,0.00801827516177892,1000.0
