ZL,error,N
0.03854690160351251,0.009038233927386508,1000.0
