ZL,error,N
0.0018070301431376465,0.002023479852572088,1000.0
