ZL,error,N
0.1112789839846162,0.0029694964599578577,1000.0
