ZL,error,N
0.2954463337746906,0.00339170907779361,1000.0
