ZL,error,N
0.36567671588605755,0.003132214749788208,1000.0
