ZL,error,N
0.4731000274205639,0.0028780177219135234,1000.0
