ZL,error,N
0.4267166344862994,0.003009776311613752,1000.0
