ZL,error,N
0.21160266370883793,0.003323951851237077,1000.0
