O^z,error,N,total_data
-5.590083079537863e-05,4.132240733723887e-06,1000.0,32000.0
