O^z,error,N,total_data
-0.0004846297975392005,1.8171464513687127e-05,1000.0,24000.0
