O^z,error,N,total_data
-0.014161070265955625,0.0002482553155295527,1000.0,12000.0
