O^z,error,N,total_data
-0.0015955741149308333,5.016317621844038e-05,1000.0,20000.0
