O^z,error,N,total_data
-0.04660654795112205,0.0015948491530051148,1000.0,1000.0
