O^z,error,N,total_data
-0.00015782732957064368,1.0838034052334264e-05,1000.0,28000.0
