O^z,error,N,total_data
-0.004455863206216381,0.00012527185670040993,1000.0,16000.0
