ZL,error,N
-0.1256008940548212,0.00103254303843347,1000.0
