ZL,error,N
-0.12531523615808562,0.00249186396026527,1000.0
