ZL,error,N
-0.14048027087694853,0.0015516981385695371,1000.0
