ZL,error,N
-0.0015920283950385517,0.004108680522684013,1000.0
