ZL,error,N
0.03938253004980124,0.004350897256864325,1000.0
