ZL,error,N
-0.08651644647804949,0.003166056295657707,1000.0
