ZL,error,N
-0.04704918998172856,0.003546750044219394,1000.0
