ZL,error,N
-0.042256456028915576,0.0031784118518915767,1000.0
