ZL,error,N
0.23060641962579564,0.005236146595954248,1000.0
