ZL,error,N
-0.07806415738619923,0.0018780799201280314,1000.0
