ZL,error,N
0.18721382820059262,0.004944295027361925,1000.0
