ZL,error,N
0.07210019411899954,0.004714996431481323,1000.0
