ZL,error,N
0.018875122040532016,0.0040730026902011714,1000.0
