ZL,error,N
0.13476341095543065,0.004846034791099248,1000.0
