ZL,error,N
0.01594702031477,0.004980044022217248,500.0
