ZL,error,N
0.023311680601048525,0.0039101103550533,996.0
