ZL,error,N
0.016713350406589035,0.005269828126340218,500.0
