ZL,error,N
-0.41008312545443465,0.004489771166754444,1000.0
