ZL,error,N
-0.2706722845803931,0.003497988388195911,1000.0
