ZL,error,N
-0.06705919288350623,0.0033352572044833117,1000.0
