ZL,error,N
-0.20692540405230223,0.0032108912590853135,1000.0
