ZL,error,N
-0.24075258099317556,0.0033577309324309863,1000.0
