ZL,error,N
-0.3179001045522834,0.0036520846052191243,1000.0
