ZL,error,N
-0.29792127701568133,0.0035589228878818743,1000.0
