ZL,error,N
-0.16377953275188886,0.003632683483296728,1000.0
