ZL,error,N
-0.12016584445574878,0.003461468847788272,1000.0
