ZL,error,N
-0.3398484507588268,0.00362092660088926,1000.0
