ZL,error,N
-0.355616463919687,0.004000994476397472,1000.0
