ZL,error,N
-0.5556982153703314,0.005559609347837232,1000.0
