ZL,error,N
-0.004254671412783748,0.0029202486582970777,1000.0
