ZL,error,N
0.17945725997656956,0.0010751730657271948,10000.0
