ZL,error,N
0.1803569075345588,0.0011088075061549952,10000.0
