ZL,error,N
0.1802150849586192,0.000999179284236717,10000.0
