ZL,error,N
0.17988651968344008,0.0010387271042712573,10000.0
