ZL,error,N
0.18403427247729304,0.0007912659317913293,10000.0
