ZL,error,N
0.181684518654655,0.0008976826286533364,10000.0
