ZL,error,N
0.179970595696872,0.0009462312085729226,10000.0
