O^z,error,N,total_data
-0.20080742209028798,0.00022803241697018435,3000.0,72000.0
