O^z,error,N,total_data
-0.16183748465336384,0.00017202563550295028,3000.0,96000.0
