O^z,error,N,total_data
-0.4093499702687467,0.0016311968607232213,3000.0,3000.0
