O^z,error,N,total_data
-0.3243351463032012,0.0004545550199947629,3000.0,36000.0
