O^z,error,N,total_data
-0.17885710179474998,0.0001990666059296646,3000.0,84000.0
