O^z,error,N,total_data
-0.2296749799027447,0.0002748091947081816,3000.0,60000.0
