O^z,error,N,total_data
-0.2682686053063508,0.00034221935377785195,3000.0,48000.0
