ZL,error,N
0.17059379854138218,0.004108197200866529,1000.0
