ZL,error,N
0.192060539726669,0.0025345055345384563,1000.0
