ZL,error,N
0.17982651813712208,0.003340080312261784,1000.0
