ZL,error,N
0.1677509437706469,0.004127938611886385,1000.0
