ZL,error,N
0.17427213299729682,0.0034934990263432233,1000.0
