ZL,error,N
0.17143041382356478,0.003719615054884195,1000.0
