ZL,error,N
0.18576779619178613,0.0029097844712491975,1000.0
