ZL,error,N
0.17774474431695417,0.0015493596951422822,1000.0
