ZL,error,N
0.49138300332668616,0.0016259943778104164,1000.0
