ZL,error,N
0.5365772372057567,0.0015145972559643657,1000.0
