ZL,error,N
0.28443115244271006,0.001718274053646816,1000.0
