ZL,error,N
0.368738659541676,0.0017328458572428494,1000.0
