ZL,error,N
0.051030868877877916,0.0010561466158744554,1000.0
