ZL,error,N
0.43540852522906986,0.0017004716357608566,1000.0
