O^z,error,N,total_data
0.1106843092071499,0.003356816253069066,1000.0,1000.0
