O^z,error,N,total_data
0.030314037485058704,0.00038268699585360447,1000.0,24000.0
