O^z,error,N,total_data
0.018604708450684668,0.00025672574679636245,1000.0,32000.0
