O^z,error,N,total_data
0.0530916063354947,0.0006036871417621833,1000.0,16000.0
