ZL,error,N
0.05983834265356872,0.0007421664250515672,10000.0
