ZL,error,N
0.10478490572012567,0.0025279691507092347,1000.0
