ZL,error,N
-0.030535509034444568,0.0017154792486143281,1000.0
