ZL,error,N
-0.11730444337893618,0.0003309159750082906,10000.0
