ZL,error,N
-0.03230731794651205,0.0005496584636048972,10000.0
