ZL,error,N
-0.11950804885386354,0.0007903077519976762,1000.0
