ZL,error,N
0.1039249176113588,0.0008285650726085649,10000.0
