ZL,error,N
-0.11626725924626337,0.0010532548068224227,1000.0
