ZL,error,N
-0.08015966315351129,0.0015197233157695754,1000.0
