ZL,error,N
0.0143395037182564,0.0006339018359806514,10000.0
