ZL,error,N
0.05920785852791413,0.0023233485689655373,1000.0
