ZL,error,N
0.015418675692296456,0.0019758742291251146,1000.0
