ZL,error,N
-0.11981304900479092,0.00025513886638157143,10000.0
