ZL,error,N
-0.07951185358901178,0.00045822832419729204,10000.0
