O^z,error,N,total_data
-0.3822950182532163,0.0037047773123641834,1000.0,1000.0
