O^z,error,N,total_data
-0.1952026408361616,0.0005638116265275191,1000.0,24000.0
