O^z,error,N,total_data
-0.29955323663530187,0.0009513755211270575,1000.0,12000.0
