O^z,error,N,total_data
-0.2185262592491529,0.0006486725199108216,1000.0,20000.0
