O^z,error,N,total_data
-0.17839964924823187,0.000493403994698531,1000.0,28000.0
