O^z,error,N,total_data
-0.24983594659901057,0.0007732970078591601,1000.0,16000.0
