O^z,error,N,total_data
-0.16425102807630657,0.00044459750801547336,1000.0,32000.0
