ZL,error,N
0.002983039048516773,0.0022077705849507094,1000.0
