ZL,error,N
0.035043315240850144,0.0028296195032059147,1000.0
