ZL,error,N
0.01157894740409761,0.002436494598329511,1000.0
