ZL,error,N
0.005508601546259759,0.0023173263591292335,1000.0
