ZL,error,N
0.10455845484602157,0.0036285106354770388,1000.0
