ZL,error,N
0.043130966738844485,0.004631238436973549,1000.0
