ZL,error,N
0.07199909606877146,0.004173319666626217,1000.0
