ZL,error,N
0.061015694204648814,0.004424411004354036,1000.0
