ZL,error,N
0.09073942602868294,0.004021871030805373,1000.0
