ZL,error,N
0.052348666356881506,0.004553935496584505,1000.0
