ZL,error,N
0.12878912643514123,0.003216063978474671,1000.0
