O^z,error,N,total_data
-0.036610801874332834,0.000564756423594514,1000.0,24000.0
