O^z,error,N,total_data
-0.1759739067995777,0.005950392298855288,1000.0,1000.0
