O^z,error,N,total_data
-0.021075194980715216,0.00038655107387141225,1000.0,32000.0
