O^z,error,N,total_data
-0.07229945908178516,0.0009485254157158409,1000.0,16000.0
