O^z,error,N,total_data
-0.14933960891552892,0.00030470303481723154,2000.0,88000.0
