O^z,error,N,total_data
-0.16745911082061848,0.0003400354147671523,2000.0,72000.0
