O^z,error,N,total_data
-0.1441556549592202,0.0004125808800467223,1000.0,48000.0
