O^z,error,N,total_data
-0.14490984796136766,0.00029507634831789343,2000.0,96000.0
