O^z,error,N,total_data
-0.15687938139535884,0.0003204873236985313,2000.0,80000.0
