O^z,error,N,total_data
-0.16862046014317106,0.00047402389732410045,1000.0,36000.0
