O^z,error,N,total_data
-0.1498254621052649,0.0004231683247832566,1000.0,44000.0
