O^z,error,N,total_data
-0.15630644122495266,0.0004523035685071074,1000.0,40000.0
