ZL,error,N
-0.13213377812466956,0.0029004845809357583,1000.0
