ZL,error,N
-0.1700097514362444,0.0037529109305767198,1000.0
