ZL,error,N
-0.046823411293072235,0.0028149500460679156,1000.0
