ZL,error,N
-0.1678711847726417,0.0040471382936036636,1000.0
