ZL,error,N
-0.09954321078986637,0.0028004588856382234,1000.0
