ZL,error,N
-0.15085963244215297,0.00313408100846415,1000.0
