ZL,error,N
-0.1642790146668135,0.0033749559166615073,1000.0
