O^z,error,N,total_data
-0.270713971138055,0.000204027037044676,10000.0,160000.0
