O^z,error,N,total_data
-0.4058303420951279,0.0009672258805387573,10000.0,10000.0
