O^z,error,N,total_data
-0.23579313132903573,0.00016882899916563412,10000.0,200000.0
