O^z,error,N,total_data
-0.21054604148347492,0.00014488714158145214,10000.0,240000.0
