O^z,error,N,total_data
-0.1909578875554869,0.00012820749337964752,10000.0,280000.0
