O^z,error,N,total_data
-0.17483767259912217,0.00011351948525040774,10000.0,320000.0
