O^z,error,N,total_data
-0.3215996909395527,0.0002545102989327151,10000.0,120000.0
