ZL,error,N
-0.3156014793278186,0.00245580285903372,3000.0
