ZL,error,N
-0.27225471926045614,0.0019595147116928347,3000.0
