ZL,error,N
-0.3012030872293808,0.002380053873571592,3000.0
