ZL,error,N
-0.16352226568430506,0.0015331648373605104,3000.0
