ZL,error,N
-0.3229691703945578,0.0026999837554266487,3000.0
