ZL,error,N
-0.29086762671319905,0.002124339752779025,3000.0
