ZL,error,N
-0.23247836667470329,0.0016394119800634838,3000.0
