ZL,error,N
-0.20093130073799084,0.0015808291942994864,3000.0
