ZL,error,N
-0.25725027067280054,0.0017662966742999484,3000.0
