ZL,error,N
-0.35661191098794115,0.008928096413129206,1000.0
