ZL,error,N
-0.004878817616328487,0.0027628048914470475,1000.0
