ZL,error,N
0.012465727916778609,0.003760147510039448,1000.0
