ZL,error,N
0.0005731366499676478,0.003494555328224615,1000.0
