ZL,error,N
-0.009780029692253256,0.0030982152596692653,1000.0
