O^z,error,N,total_data
0.04193675686388733,0.0003792145660868183,1000.0,32000.0
