O^z,error,N,total_data
0.05662520811507731,0.0005102161328220556,1000.0,24000.0
