O^z,error,N,total_data
0.1458046684807275,0.0033893933264286143,1000.0,1000.0
