O^z,error,N,total_data
0.08585136482022501,0.0007273850074693538,1000.0,16000.0
