ZL,error,N
-0.07173541950352699,0.0009933964009024552,1000.0
