ZL,error,N
0.2961238808515522,0.002900151988038851,1000.0
