ZL,error,N
0.16845251712611226,0.002853881501591625,1000.0
