ZL,error,N
0.3427763327732697,0.002869054578939538,1000.0
