ZL,error,N
0.23671233229107944,0.002784770101105322,1000.0
