ZL,error,N
0.09155735380374004,0.0024629441031619034,1000.0
