ZL,error,N
0.005293245681144149,0.0018847527584414739,1000.0
