ZL,error,N
0.006669768882365445,0.000812286158391395,7999.0
