ZL,error,N
0.031657480560801116,0.0009525926597922571,8000.0
