ZL,error,N
0.013893648161313504,0.0007610395962314216,9999.0
