ZL,error,N
0.005549254737937595,0.0007785720661232026,7998.0
