ZL,error,N
0.0016027450918288172,0.0036968555741473392,496.0
