ZL,error,N
0.006353174961759709,0.0009908357987292531,4998.0
