ZL,error,N
0.00443439039605798,0.0033939450350816453,498.0
