ZL,error,N
0.013522802473399494,0.0013866398099586907,3000.0
