ZL,error,N
0.031810970896566815,0.0015706832917486903,3000.0
