ZL,error,N
0.005276966308117973,0.0006979668820715215,9998.0
