ZL,error,N
0.014506473856873123,0.001074484951568886,5000.0
