ZL,error,N
0.0317392946917306,0.0008561660360254801,10000.0
