ZL,error,N
0.0070781602006081985,0.0013033119947213187,2999.0
