ZL,error,N
0.0067819876473866345,0.0010199529802793273,5000.0
