ZL,error,N
0.006108091518317755,0.0013281467312829098,3000.0
