ZL,error,N
0.03211011348188893,0.0012203852046098907,5000.0
