ZL,error,N
0.013774585902346315,0.0008500768697403566,8000.0
