ZL,error,N
0.006653831744140907,0.0007255037105559106,9998.0
