ZL,error,N
0.00455114826840459,0.0010917218805707206,7999.0
