ZL,error,N
0.013061718152570206,0.0010942247012762838,9995.0
