ZL,error,N
0.00045258407722831165,0.0010154803599234713,7999.0
