ZL,error,N
0.003869680306805058,0.0009580904342961295,8000.0
