ZL,error,N
0.09230209381218181,0.007963097527511695,998.0
