ZL,error,N
0.004298704421585089,0.007401616723022546,1000.0
