ZL,error,N
0.10379196843693901,0.00819979154246323,1000.0
