ZL,error,N
0.05943161430027467,0.007824457475788277,1000.0
