ZL,error,N
0.05754500859024302,0.007708164357490564,999.0
