ZL,error,N
0.12557554257745623,0.008881070426570286,999.0
