ZL,error,N
0.1066960197451771,0.008532687986115615,999.0
