ZL,error,N
0.14307773642472907,0.009556403743944624,996.0
