O^z,error,N,total_data
-0.10383687019183829,0.0006078184037367525,1000.0,20000.0
