O^z,error,N,total_data
-0.27795382589100576,0.003638797081187897,1000.0,1000.0
