O^z,error,N,total_data
-0.049358969526857796,0.00035116525400461223,1000.0,32000.0
