O^z,error,N,total_data
-0.1386571884447762,0.0007669695918481529,1000.0,16000.0
