O^z,error,N,total_data
-0.08106543388923117,0.0005051667131241482,1000.0,24000.0
