O^z,error,N,total_data
-0.1896885308451034,0.0009666568269154416,1000.0,12000.0
