O^z,error,N,total_data
-0.060981412410279594,0.00040495027658029177,1000.0,28000.0
