ZL,error,N
-0.0038329541283980157,0.005420154727717919,1000.0
