ZL,error,N
-0.034314805246310885,0.004989268118019279,1000.0
