ZL,error,N
-0.06565409265772142,0.004425103087219871,1000.0
