ZL,error,N
-0.10924578872329734,0.0030679626132692982,1000.0
