ZL,error,N
-0.08939292422448473,0.0019523816012654018,1000.0
