ZL,error,N
-0.09055014180309572,0.003907482995096708,1000.0
