ZL,error,N
-0.11381342839496957,0.0022845083847454284,1000.0
