O^z,error,N,total_data
-0.0057472174119370615,0.00011574967182969902,1000.0,32000.0
