O^z,error,N,total_data
-0.14699573836701751,0.0035990673344779484,1000.0,1000.0
