O^z,error,N,total_data
-0.04091257366032945,0.0004845513226204728,1000.0,16000.0
