O^z,error,N,total_data
-0.07562560816446424,0.0007767276932561333,1000.0,12000.0
