O^z,error,N,total_data
-0.013986892992558626,0.0002199002915399929,1000.0,24000.0
