O^z,error,N,total_data
-0.008661485936623142,0.00014589912194056442,1000.0,28000.0
