O^z,error,N,total_data
-0.02427254151364586,0.00033910350336851543,1000.0,20000.0
