ZL,error,N
0.009549413446853016,0.002289605895426503,1000.0
