ZL,error,N
0.006888222095167409,0.0023458659308961557,1000.0
