ZL,error,N
0.03823218554263335,0.002845844625948066,1000.0
