ZL,error,N
0.017222501252942165,0.002545603928906101,1000.0
