O^z,error,N,total_data
-0.0007639272950202485,2.7519074516700954e-05,1000.0,20000.0
