O^z,error,N,total_data
-9.035148543372565e-05,8.200952229930582e-06,1000.0,28000.0
