O^z,error,N,total_data
-0.0391302195593459,0.0008822910285976906,1000.0,1000.0
