O^z,error,N,total_data
-0.00981926249554542,0.00015112944659708238,1000.0,12000.0
