O^z,error,N,total_data
-5.859515295694946e-05,6.047313583983621e-06,1000.0,32000.0
