O^z,error,N,total_data
-0.00022367361064541374,1.4328281248989671e-05,1000.0,24000.0
