O^z,error,N,total_data
-0.0024476306447165524,5.893694601429973e-05,1000.0,16000.0
