ZL,error,N
-0.005466406602706942,0.002941932257864976,1000.0
