ZL,error,N
0.22817252903175175,0.0036862715560266293,1000.0
