ZL,error,N
-0.06794635350611228,0.002050283973193369,1000.0
