ZL,error,N
-0.106250440564076,0.00102648501509098,1000.0
