ZL,error,N
0.12206448146829615,0.0034629535796622374,1000.0
