ZL,error,N
0.0603100972341265,0.0033141613104218128,1000.0
