ZL,error,N
0.17631529702514442,0.003806169262136963,1000.0
