ZL,error,N
0.25888690515652163,0.0040695708710467016,1000.0
