ZL,error,N
-0.07759211211622934,0.001641970535514415,1000.0
