ZL,error,N
-0.018861388635947638,0.002892044206340175,1000.0
