ZL,error,N
0.057739641178344535,0.003744389693488613,1000.0
