ZL,error,N
0.13147042875180415,0.004043793903595152,1000.0
