ZL,error,N
0.30677915270511147,0.0039799465973050785,1000.0
