ZL,error,N
0.1967284570186823,0.004013884848960749,1000.0
