O^z,error,N,total_data
-0.40981704403772085,0.0009538938240506367,10000.0,10000.0
