O^z,error,N,total_data
-0.18284169500479136,0.00011680806358619121,10000.0,320000.0
