O^z,error,N,total_data
-0.2413321958094939,0.0001686908802851862,10000.0,200000.0
