O^z,error,N,total_data
-0.21690179063050855,0.00014624227187866277,10000.0,240000.0
