O^z,error,N,total_data
-0.19812392730499173,0.00012930288402256146,10000.0,280000.0
