O^z,error,N,total_data
-0.32543120795998803,0.00025398202013054614,10000.0,120000.0
