O^z,error,N,total_data
-0.2753796385566505,0.00020190558497267975,10000.0,160000.0
