ZL,error,N
-0.13810405539845128,0.0017955830301094257,1000.0
