ZL,error,N
-0.006202593385070561,0.004450745578771939,1000.0
