ZL,error,N
0.0343264069544483,0.004705309581680358,1000.0
