ZL,error,N
-0.08918757367804053,0.0035865778573456585,1000.0
