O^z,error,N,total_data
-0.3746359862051967,0.0006058216665661455,1000.0,12000.0
