O^z,error,N,total_data
-0.30517819175034244,0.00041397846500235006,1000.0,24000.0
