O^z,error,N,total_data
-0.2906086270105633,0.00039178712439629307,1000.0,32000.0
