O^z,error,N,total_data
-0.4487581863789643,0.001969549693252671,1000.0,1000.0
