O^z,error,N,total_data
-0.339068751439759,0.0005114820952684603,1000.0,16000.0
