O^z,error,N,total_data
-0.3191003684732982,0.0004508918747961163,1000.0,20000.0
