O^z,error,N,total_data
-0.2954174734949038,0.00039327360478285116,1000.0,28000.0
