ZL,error,N
0.16311095631515402,0.004044852115180308,1000.0
