ZL,error,N
0.16593997978685127,0.003795775474590621,1000.0
