ZL,error,N
0.17507218917651773,0.003354650766207014,1000.0
