ZL,error,N
0.18831081829865468,0.0025781814306385627,1000.0
