ZL,error,N
0.18191122204242716,0.002989134224079671,1000.0
