ZL,error,N
0.16267271826357338,0.004382268733109261,1000.0
