ZL,error,N
0.17105034666514654,0.0036184451644940075,1000.0
