O^z,error,N,total_data
-0.1825077633191404,0.0010829169076038295,1000.0,12000.0
