O^z,error,N,total_data
-0.13380873093780454,0.0008258214823335174,1000.0,16000.0
