O^z,error,N,total_data
-0.26715742016783556,0.004197516325632289,1000.0,1000.0
