O^z,error,N,total_data
-0.052143610712785296,0.0003917215643294204,1000.0,32000.0
