O^z,error,N,total_data
-0.06317842251621097,0.00045107297307958187,1000.0,28000.0
