O^z,error,N,total_data
-0.10251856392895724,0.0006698280625763329,1000.0,20000.0
