O^z,error,N,total_data
-0.0780886964629909,0.0005314555149007801,1000.0,24000.0
