O^z,error,N,total_data
-0.3798409069854296,0.0036634437479642346,1000.0,1000.0
