O^z,error,N,total_data
-0.24883225691381528,0.0007637418914018094,1000.0,16000.0
