O^z,error,N,total_data
-0.16041367667092424,0.00043849343033786146,1000.0,32000.0
