O^z,error,N,total_data
-0.17381354309190233,0.00048648636136166943,1000.0,28000.0
