O^z,error,N,total_data
-0.19221592855346994,0.000554897554021635,1000.0,24000.0
