O^z,error,N,total_data
-0.21667650387748388,0.0006432354478121324,1000.0,20000.0
