O^z,error,N,total_data
-0.2992120604819554,0.0009618014334276298,1000.0,12000.0
