ZL,error,N
-0.06522665174161854,0.005177721253179866,1000.0
