ZL,error,N
-0.09459466553392377,0.004712130459177777,1000.0
