ZL,error,N
-0.13363863438789722,0.0019828713206311494,1000.0
