ZL,error,N
-0.13257858306934384,0.003433429219720441,1000.0
