O^z,error,N,total_data
0.012287024110825676,0.00033796187448990395,1000.0,16000.0
