O^z,error,N,total_data
0.03982356151451821,0.0024934208995153256,1000.0,1000.0
