O^z,error,N,total_data
0.002151943773199779,0.00010847239162734919,1000.0,32000.0
