O^z,error,N,total_data
0.005166812993606935,0.00018161928913329502,1000.0,24000.0
