ZL,error,N
0.34469054693646184,0.0023863806825755824,1000.0
