ZL,error,N
0.32771701034364437,0.0022512041572276074,1000.0
