ZL,error,N
0.3105738451646935,0.0020358344420261785,1000.0
