ZL,error,N
0.26813288980781197,0.001293690485952252,1000.0
