ZL,error,N
0.3553108663339321,0.0024554158253753005,1000.0
