ZL,error,N
0.2920272578758105,0.0017177412729897968,1000.0
