ZL,error,N
0.3696107054840528,0.002430309530061754,1000.0
