ZL,error,N
0.20615552292630182,0.0010765764622768645,10000.0
