ZL,error,N
0.20327682168985367,0.0009885900910464708,10000.0
