ZL,error,N
0.20248947432442754,0.0009635653394322063,10000.0
