ZL,error,N
0.20459571403628055,0.0010389644133013993,10000.0
