ZL,error,N
0.19762159181036335,0.000849143138960995,10000.0
