ZL,error,N
0.19627335150433542,0.0007421886324890431,10000.0
