ZL,error,N
0.19952255188869047,0.0009024422252755127,10000.0
