ZL,error,N
0.005922345461663972,0.0023716542788682,999.0
