ZL,error,N
0.0005401384161108553,0.00246361767785949,1000.0
