ZL,error,N
0.012144005063528144,0.0025693848368420792,1000.0
