ZL,error,N
0.03166579006915548,0.0027243591709998813,1000.0
