O^z,error,N,total_data
-0.016502745588554947,0.00015122842285122332,1000.0,80000.0
