O^z,error,N,total_data
-0.03807448433679678,0.0004234340300765239,500.0,24000.0
