O^z,error,N,total_data
-0.024716300472841308,0.00028724587867036416,500.0,32000.0
