ZL,error,N
-0.1125624185631658,0.003032645663528905,1000.0
