ZL,error,N
-0.07992333677019331,0.0022815667062484157,1000.0
