ZL,error,N
-0.10286609578886802,0.0037047344996333368,1000.0
