ZL,error,N
-0.05869238654469033,0.004903689168253351,1000.0
