ZL,error,N
-0.08454330117780529,0.0041332131985972395,1000.0
