ZL,error,N
-0.03521150908965835,0.005271447398936806,1000.0
