ZL,error,N
-0.10894081661696728,0.002460148452458408,1000.0
