ZL,error,N
0.05679353672094942,0.007667619593470294,999.0
