O^z,error,N,total_data
-0.28626882536629195,0.0003801388605749122,1000.0,32000.0
