O^z,error,N,total_data
-0.3169321780948303,0.0004537278058900262,1000.0,20000.0
