O^z,error,N,total_data
-0.33719100385341466,0.0005077182377507919,1000.0,16000.0
