O^z,error,N,total_data
-0.4496462353185051,0.0020663689553345145,1000.0,1000.0
