O^z,error,N,total_data
-0.2918592640399544,0.0003983381221040904,1000.0,28000.0
