O^z,error,N,total_data
-0.30224434587524135,0.0004159502750540477,1000.0,24000.0
