O^z,error,N,total_data
-0.3743691045052104,0.0006019376459477219,1000.0,12000.0
