ZL,error,N
0.10300451983803001,0.004315968311265756,1000.0
