ZL,error,N
0.07998523413158674,0.0046176064633780805,1000.0
