ZL,error,N
0.1295249776894687,0.0035549740419581278,1000.0
