ZL,error,N
0.15113523919250035,0.002993858526902975,1000.0
