ZL,error,N
0.11644460080143504,0.003976718875214932,1000.0
