ZL,error,N
0.08871481269654814,0.004470541042381506,1000.0
