ZL,error,N
0.06938224392790557,0.004908960391097476,1000.0
