ZL,error,N
0.023026303465460238,0.0012349608628057956,5000.0
