ZL,error,N
0.008225505945865514,0.0007968011319641197,9999.0
