ZL,error,N
0.008595026307076889,0.0008956939549121018,7999.0
