ZL,error,N
0.0089699765939049,0.0011441332124531103,4999.0
