ZL,error,N
0.004075286120604826,0.0007907134319726863,9998.0
