ZL,error,N
0.021509746225964993,0.0015994043269154017,3000.0
