ZL,error,N
0.0049675214852594966,0.0014548303228744007,3000.0
