ZL,error,N
0.009437425160502512,0.001476836385992866,3000.0
