ZL,error,N
0.022569276927476192,0.0008698000153480884,10000.0
