ZL,error,N
0.003557304873847998,0.001458004408768743,2999.0
