ZL,error,N
0.0039119362491085285,0.0011348450853800643,4998.0
