ZL,error,N
0.0032455028782438725,0.0008009161910864863,9999.0
