ZL,error,N
0.004109882645876849,0.0008958274854962753,7999.0
