ZL,error,N
0.004616434734009466,0.0011373299585182202,5000.0
