ZL,error,N
0.004554386454695022,0.0008850464580397463,7998.0
