ZL,error,N
0.022495499337027904,0.0009729387553165296,8000.0
