O^z,error,N,total_data
-0.11000268531878055,0.0004077109251892999,1000.0,44000.0
