O^z,error,N,total_data
-0.11068969664807672,0.00029285323490256207,2000.0,88000.0
