O^z,error,N,total_data
-0.11818251004250899,0.0003116640152630718,2000.0,80000.0
