O^z,error,N,total_data
-0.13048280540217283,0.0003431610320114311,2000.0,72000.0
