O^z,error,N,total_data
-0.12987366587640226,0.0004802838136729548,1000.0,36000.0
