O^z,error,N,total_data
-0.10383450027611531,0.00038670805858263493,1000.0,48000.0
