O^z,error,N,total_data
-0.10460403010028818,0.0002779721130056476,2000.0,96000.0
