O^z,error,N,total_data
-0.11704551148360076,0.0004367221954785319,1000.0,40000.0
