O^z,error,N,total_data
-0.13404595006667136,0.0005337197099400297,1000.0,20000.0
