O^z,error,N,total_data
-0.3208398962051352,0.0024438145873426948,1000.0,1000.0
