O^z,error,N,total_data
-0.06975862060697968,0.0003564511816752412,1000.0,32000.0
