O^z,error,N,total_data
-0.22949009748351526,0.0007309552039897436,1000.0,12000.0
