O^z,error,N,total_data
-0.0857993222600371,0.0003974057288272279,1000.0,28000.0
