O^z,error,N,total_data
-0.17619512068795917,0.0006401011068205801,1000.0,16000.0
