O^z,error,N,total_data
-0.104617324486166,0.0004468717493796083,1000.0,24000.0
