O^z,error,N,total_data
-0.03756225593821283,0.00020458031871357403,7998.0,191952.0
