O^z,error,N,total_data
-0.1770498702676485,0.0026516722253267094,5000.0,5000.0
