O^z,error,N,total_data
-0.023312698510139306,0.00023440305781513148,3000.0,96000.0
