O^z,error,N,total_data
-0.17445558048912818,0.00210481994723622,8000.0,8000.0
