O^z,error,N,total_data
-0.03820647981798465,0.00025871960858947116,4998.0,119952.0
