O^z,error,N,total_data
-0.03769311426031464,0.0001839950943879883,9997.0,239928.0
