O^z,error,N,total_data
-0.022021432754686352,0.0001257724815756043,9996.0,319872.0
