O^z,error,N,total_data
-0.07106673751276397,0.0004312016005331061,4999.0,79984.0
