O^z,error,N,total_data
-0.022428463988636297,0.0001794589934079411,4998.0,159936.0
