O^z,error,N,total_data
-0.03883773249143246,0.0003352767474745317,2999.0,71976.0
