O^z,error,N,total_data
-0.07080211278434956,0.00030696020842837666,9999.0,159984.0
