O^z,error,N,total_data
-0.021792073278106824,0.000141187047505267,7997.0,255904.0
