O^z,error,N,total_data
-0.1748539638539373,0.0018783568117615634,10000.0,10000.0
