O^z,error,N,total_data
-0.07071780012781712,0.0003411910920863867,7999.0,127984.0
