O^z,error,N,total_data
-0.1778390544135176,0.0033850130257988254,3000.0,3000.0
