O^z,error,N,total_data
-0.07243496566510192,0.0005522071375217289,3000.0,48000.0
