O^z,error,N,total_data
0.32055000259739475,0.003111382747330427,1.0,128.0
