O^z,error,N,total_data
0.3238650702495272,0.004052609968007672,1.0,64.0
