O^z,error,N,total_data
-0.12650792402835037,0.0033508117184590457,1000.0,1000.0
