O^z,error,N,total_data
-0.0305307777920295,0.0004139453891886001,1000.0,16000.0
