O^z,error,N,total_data
-0.060105708692658445,0.0006900224510189842,1000.0,12000.0
