O^z,error,N,total_data
-0.008829981454058054,0.00016265971079345302,1000.0,24000.0
