O^z,error,N,total_data
-0.017327198434082848,0.00027372731430169196,1000.0,20000.0
