O^z,error,N,total_data
-0.0035359273833111956,9.241690797193188e-05,1000.0,32000.0
