O^z,error,N,total_data
-0.004954085036713765,0.00010813416633888112,1000.0,28000.0
