O^z,error,N,total_data
-0.24232257554378597,0.000483620903405159,1000.0,20000.0
