O^z,error,N,total_data
-0.21345706011683227,0.00041830610163387646,1000.0,24000.0
