O^z,error,N,total_data
-0.2772576161307632,0.0005730796862020022,1000.0,16000.0
