O^z,error,N,total_data
-0.42346321601140924,0.0027812874739576118,1000.0,1000.0
