O^z,error,N,total_data
-0.33002870159206776,0.0007659752411651812,1000.0,12000.0
