O^z,error,N,total_data
-0.17623450067217913,0.00031771408889071567,1000.0,32000.0
