O^z,error,N,total_data
-0.19317019784244743,0.00035382103498628306,1000.0,28000.0
