O^z,error,N,total_data
-0.023850595862105004,0.0024288785210104095,1.0,12.0
