O^z,error,N,total_data
0.0011100176684092269,0.0005233772520401092,1.0,32.0
