O^z,error,N,total_data
-0.001379172568245305,0.0009774154954036412,1.0,20.0
