O^z,error,N,total_data
-0.005733068600082433,0.0010264767515454714,1.0,24.0
