O^z,error,N,total_data
0.0013318244543641575,0.0006568461275247364,1.0,28.0
