O^z,error,N,total_data
-0.008709820778274976,0.0028046091281165838,1.0,16.0
