ZL,error,N
-0.05817321280229861,0.003408059894948573,1000.0
