ZL,error,N
-0.17164242688488093,0.0037346426042409275,1000.0
