ZL,error,N
-0.09622261678267602,0.003510609786040201,1000.0
