ZL,error,N
-0.1440697618843554,0.003512867141817353,1000.0
