ZL,error,N
-0.1616502609674833,0.00361751210762494,1000.0
