ZL,error,N
-0.004526868773144733,0.003245908335727586,1000.0
