ZL,error,N
-0.1247905342809386,0.003456522424090825,1000.0
