O^z,error,N,total_data
-0.15795360784341372,0.0006104358160239439,1000.0,20000.0
