O^z,error,N,total_data
-0.09471645638731567,0.00044030567508811697,1000.0,32000.0
