O^z,error,N,total_data
-0.24662003697100057,0.0008103501477407268,1000.0,12000.0
