O^z,error,N,total_data
-0.1098959718245449,0.0004674862048506929,1000.0,28000.0
