O^z,error,N,total_data
-0.0004526426164585784,2.690982638558198e-05,1000.0,28000.0
