O^z,error,N,total_data
-0.0011821791446207535,5.9045204045828236e-05,1000.0,24000.0
