O^z,error,N,total_data
-0.0027679046541517977,8.920254489775496e-05,1000.0,20000.0
