O^z,error,N,total_data
-0.000310550729193961,2.106165616365707e-05,1000.0,32000.0
