O^z,error,N,total_data
-0.006743400067851881,0.00018296458403434037,1000.0,16000.0
