O^z,error,N,total_data
-0.0187020435141494,0.0003748118891431016,1000.0,12000.0
