O^z,error,N,total_data
-0.05587766272485139,0.00229215044833161,1000.0,1000.0
