ZL,error,N
0.024001371684760353,0.0047127260869605,1000.0
