ZL,error,N
0.005776667911067756,0.004902908435064785,1000.0
