ZL,error,N
-0.01597881887441731,0.0050618087300110855,1000.0
