ZL,error,N
0.044537480291951155,0.0045495548737605595,1000.0
