ZL,error,N
0.09447784544945888,0.0037934217078385065,1000.0
