ZL,error,N
0.06567158951332829,0.0042014127479739465,1000.0
