ZL,error,N
0.12423726071063448,0.0032090644553809597,1000.0
