ZL,error,N
0.007431832240659843,0.005318762605565577,500.0
