ZL,error,N
-0.004950801360146527,0.005036563796303916,499.0
