ZL,error,N
0.01639059425050375,0.0038405978670338673,1000.0
