O^z,error,N,total_data
-0.0650338445701022,0.00037924121426661345,3000.0,72000.0
