O^z,error,N,total_data
-0.06477719256394261,0.00022942976401837096,8000.0,192000.0
