O^z,error,N,total_data
-0.042106956748353554,0.00016214888297091517,8000.0,256000.0
