O^z,error,N,total_data
-0.22661776331165975,0.0018157172858557944,10000.0,10000.0
