O^z,error,N,total_data
-0.22866969329972248,0.0025426154402445715,5000.0,5000.0
