O^z,error,N,total_data
-0.1082694509614873,0.0004590182216271523,5000.0,80000.0
