O^z,error,N,total_data
-0.06505844326504348,0.00020556408138717823,10000.0,240000.0
