O^z,error,N,total_data
-0.10802098854480519,0.00036363660375172464,8000.0,128000.0
