O^z,error,N,total_data
-0.043080385468501334,0.0002649986911816925,3000.0,96000.0
