O^z,error,N,total_data
-0.23357963210488705,0.0032923709909594523,3000.0,3000.0
