O^z,error,N,total_data
-0.04276500735813072,0.00020674435651129002,5000.0,160000.0
