O^z,error,N,total_data
-0.008349870101351239,0.00019455793498585584,500.0,40000.0
