O^z,error,N,total_data
-0.22675306030423906,0.0020297299495020097,8000.0,8000.0
