O^z,error,N,total_data
-0.012894200115118545,0.00024518518507419434,500.0,32000.0
