O^z,error,N,total_data
-0.04220010332550347,0.00014545265537178501,10000.0,320000.0
