O^z,error,N,total_data
-0.10884202291262073,0.0005955906210471874,3000.0,48000.0
