O^z,error,N,total_data
-0.0649593855379851,0.0002905744244322686,5000.0,120000.0
