O^z,error,N,total_data
-0.10807887966301004,0.0003257271854489225,10000.0,160000.0
