ZL,error,N
-0.006780221699228429,0.001183360281464904,5000.0
