ZL,error,N
0.03882549662701912,0.002536149855161241,2998.0
