ZL,error,N
0.03658679013849104,0.0015376395314791148,7997.0
