ZL,error,N
0.0372046699809943,0.0013696450070148183,9996.0
