ZL,error,N
0.037297247758934435,0.0019503752419774735,4998.0
