ZL,error,N
0.0034210701440023613,0.0010356267313969868,10000.0
