ZL,error,N
-0.007602554215786625,0.0009331662240898153,8000.0
