ZL,error,N
0.0030342439827792797,0.0019125805057643734,3000.0
