ZL,error,N
0.02019029300473453,0.00135944786739945,7998.0
