ZL,error,N
-0.00841873330846611,0.0015263384671485383,3000.0
