ZL,error,N
0.003930282608942832,0.0014835260004906258,5000.0
