ZL,error,N
-0.007752347035426475,0.0008340745588456513,10000.0
