ZL,error,N
0.01983532908306536,0.0017106352827204103,4999.0
