ZL,error,N
0.02016943284774901,0.0012194128768509254,9998.0
