ZL,error,N
0.003727325020586381,0.0011549917574350766,8000.0
