ZL,error,N
0.019469183771589498,0.002190718013067041,3000.0
