O^z,error,N,total_data
-0.2509613556809204,0.00047498580324558163,1000.0,20000.0
