O^z,error,N,total_data
-0.18007785572912294,0.00033342727403753454,1000.0,32000.0
