O^z,error,N,total_data
-0.1991337073604513,0.0003714970661033942,1000.0,28000.0
