O^z,error,N,total_data
-0.4409106087419889,0.002379805827933492,1000.0,1000.0
