O^z,error,N,total_data
-0.34483178164978795,0.0006995257900179743,1000.0,12000.0
