O^z,error,N,total_data
-0.22034420360382975,0.00041770483211116754,1000.0,24000.0
