O^z,error,N,total_data
-0.2892619027572924,0.000567315347430843,1000.0,16000.0
