O^z,error,N,total_data
-0.16312038439624046,0.002445092166874612,5000.0,5000.0
