O^z,error,N,total_data
-0.01750388538306782,0.00010234397067875196,10000.0,320000.0
