O^z,error,N,total_data
-0.1656163683630833,0.0032027910191958124,3000.0,3000.0
