O^z,error,N,total_data
-0.03051476639954732,0.00027857921794547427,3000.0,72000.0
