O^z,error,N,total_data
-0.031605177401934935,0.0001558141275180525,10000.0,240000.0
