O^z,error,N,total_data
-0.03165726229114506,0.0001738094507919267,8000.0,192000.0
