O^z,error,N,total_data
-0.16060144376791205,0.001933523755916168,8000.0,8000.0
