O^z,error,N,total_data
-0.06309222337944709,0.00027174925276861653,10000.0,160000.0
