O^z,error,N,total_data
-0.0635478231103473,0.0003828350724156644,5000.0,80000.0
