O^z,error,N,total_data
-0.03150722720688942,0.00021940225504363093,5000.0,120000.0
