O^z,error,N,total_data
-0.09670900817131012,0.00038958202781060665,10000.0,120000.0
