O^z,error,N,total_data
-0.01731339993521651,0.00011496179070025808,8000.0,256000.0
