O^z,error,N,total_data
-0.017714716449651176,0.00018754025531911704,3000.0,96000.0
