O^z,error,N,total_data
-0.017420491214660123,0.00014587611144939957,5000.0,160000.0
