O^z,error,N,total_data
-0.1610364297337041,0.0017332836303148662,10000.0,10000.0
