O^z,error,N,total_data
-0.06333356529917718,0.0004952875854810041,3000.0,48000.0
