O^z,error,N,total_data
-0.1609734932087743,0.0017325033634760206,10000.0,10000.0
