O^z,error,N,total_data
-0.06307688808555766,0.00030271075787163256,8000.0,128000.0
