O^z,error,N,total_data
-0.06434717543563231,0.0005206852911871564,1000.0,20000.0
