O^z,error,N,total_data
-0.024217088184247924,0.000255638520856848,1000.0,32000.0
