O^z,error,N,total_data
-0.14139312218036346,0.0009617669326635276,1000.0,12000.0
