O^z,error,N,total_data
-0.09324128876319987,0.0006986779208106076,1000.0,16000.0
