O^z,error,N,total_data
-0.03226539859149998,0.0003024185822604732,1000.0,28000.0
