O^z,error,N,total_data
-0.04494034822861678,0.0003855919417311758,1000.0,24000.0
