O^z,error,N,total_data
-0.2253300442840365,0.0038447409490429373,1000.0,1000.0
