O^z,error,N,total_data
-0.1380600965069293,0.00020353444447621474,10000.0,200000.0
