O^z,error,N,total_data
-0.172400670700589,0.00024005100105773915,10000.0,160000.0
