O^z,error,N,total_data
-0.22320256648445558,0.00029320196591301574,10000.0,120000.0
