O^z,error,N,total_data
-0.07362717172213483,0.00040903488690096664,1000.0,32000.0
