O^z,error,N,total_data
-0.09162521078529147,0.0001490690757338505,10000.0,280000.0
