O^z,error,N,total_data
-0.11167867967978658,0.0001732353819886609,10000.0,240000.0
