O^z,error,N,total_data
-0.3094575983936582,0.001019954331628249,10000.0,10000.0
