O^z,error,N,total_data
-0.35410671874969,0.0004594595115020671,1000.0,16000.0
