O^z,error,N,total_data
-0.3247538710367655,0.00040971178977409394,1000.0,24000.0
