O^z,error,N,total_data
-0.316684984949625,0.00040630565972648333,1000.0,28000.0
