O^z,error,N,total_data
-0.3856964193907187,0.0005197547954839388,1000.0,12000.0
