O^z,error,N,total_data
-0.3093999206115997,0.00040440359345561035,1000.0,32000.0
