O^z,error,N,total_data
-0.33596542444122096,0.0004292692543530882,1000.0,20000.0
