O^z,error,N,total_data
-0.4498962876720441,0.0017112696970752355,1000.0,1000.0
