ZL,error,N
-0.4104806722430491,0.00825999020844428,1000.0
