ZL,error,N
-0.15735930540207407,0.001599140393158135,3000.0
