ZL,error,N
-0.22912832401854122,0.0016801530251296052,3000.0
