ZL,error,N
-0.29528983848092144,0.002056091806447483,3000.0
