ZL,error,N
-0.325632114442658,0.0023367798516604195,3000.0
