ZL,error,N
-0.3108137180766992,0.002258009170468456,3000.0
