ZL,error,N
-0.25814533484003893,0.0017488362404143147,3000.0
