ZL,error,N
-0.27765363524132686,0.0019222254731533132,3000.0
