ZL,error,N
-0.1967695017935429,0.0016260256155423793,3000.0
