ZL,error,N
-0.3659015920527642,0.005523566504138233,1000.0
