ZL,error,N
-0.4205376073630336,0.017932157635483635,200.0
