ZL,error,N
-0.3406493319423793,0.0025150617652761114,3000.0
