ZL,error,N
-0.1697245347450545,0.0050286826379619684,1000.0
