ZL,error,N
-0.058077084361474296,0.004426804755173837,1000.0
