ZL,error,N
0.07984932418135755,0.0029284683863832445,1000.0
