ZL,error,N
-0.13796041526658478,0.004705390011520978,1000.0
