ZL,error,N
-0.09558094182384454,0.0045104581045798025,1000.0
