ZL,error,N
-0.013974302038493865,0.004113092706310439,1000.0
