ZL,error,N
0.031645988594737356,0.0036185613623038724,1000.0
