O^z,error,N,total_data
-0.14115615661614142,0.0006461018731966686,1000.0,24000.0
