O^z,error,N,total_data
-0.1948782817721417,0.000900313331977074,1000.0,16000.0
