O^z,error,N,total_data
-0.3286315749751738,0.0041791266653354335,1000.0,1000.0
