O^z,error,N,total_data
-0.10846770781140078,0.0005011050431014275,1000.0,32000.0
