O^z,error,N,total_data
-0.24235129158165283,0.0011044710469219846,1000.0,12000.0
