O^z,error,N,total_data
-0.12214059746614948,0.0005682350480743344,1000.0,28000.0
