O^z,error,N,total_data
-0.16470384522373965,0.0007562283131016844,1000.0,20000.0
