ZL,error,N
0.2984990796152813,0.003188953346456437,1000.0
