ZL,error,N
0.30456569480728324,0.003644595835737209,1000.0
