ZL,error,N
0.25102802898865983,0.0015625521930431418,1000.0
