ZL,error,N
0.3093385686503329,0.0037374884514659265,1000.0
