ZL,error,N
0.2773991272026704,0.0025180795933793555,1000.0
