ZL,error,N
0.2852865775960216,0.003033469161046539,1000.0
