ZL,error,N
0.26715188943646273,0.0020936023134411267,1000.0
