ZL,error,N
0.04698327510113041,0.002060031196150183,4996.0
