ZL,error,N
0.024063139587016877,0.0014152371075202362,7999.0
