ZL,error,N
-0.007767385038016453,0.0011800475862278365,5000.0
