ZL,error,N
0.024121210094379272,0.0012685691294965402,9998.0
