ZL,error,N
-0.008822298955936454,0.0015111076131398844,3000.0
