ZL,error,N
0.04507791213292682,0.0014541611594548315,9992.0
