ZL,error,N
0.005421862798020146,0.0015277453487161964,5000.0
