ZL,error,N
0.024168515269872085,0.0017904030837660701,5000.0
