ZL,error,N
0.005594982255175177,0.0011944505244621453,8000.0
