ZL,error,N
0.021884774826222284,0.0023178522808432515,3000.0
