ZL,error,N
-0.008512373355630874,0.0008340383162583702,10000.0
