ZL,error,N
0.004873305091980116,0.0019620817196139124,3000.0
