ZL,error,N
0.04549449951846002,0.0016286916978083342,7993.0
