ZL,error,N
0.005459926846472667,0.0010719024136551423,10000.0
