ZL,error,N
-0.008660573054270922,0.0009328330028554158,8000.0
