ZL,error,N
0.04808654304033871,0.002689955679227059,2997.0
