O^z,error,N,total_data
-0.35655905233615454,0.0006942859536250738,1000.0,12000.0
