O^z,error,N,total_data
-0.44774384892541,0.0023814161219186925,1000.0,1000.0
