O^z,error,N,total_data
-0.2585602203425439,0.00043741809150883026,1000.0,24000.0
