O^z,error,N,total_data
-0.24317056378955254,0.00040608009202113124,1000.0,28000.0
