O^z,error,N,total_data
-0.23177610312365227,0.00038260080952963937,1000.0,32000.0
