O^z,error,N,total_data
-0.28111578279889826,0.00048383675831473964,1000.0,20000.0
