O^z,error,N,total_data
-0.3114997907807282,0.0005712938773581495,1000.0,16000.0
