O^z,error,N,total_data
-0.013072289943558331,0.00030408913132576955,999.0,31968.0
