O^z,error,N,total_data
-0.02450244154826571,0.0004586210191173554,1000.0,24000.0
