O^z,error,N,total_data
-0.05104279730912433,0.0008184177398291812,1000.0,16000.0
