O^z,error,N,total_data
-0.13765567305259147,0.005527830888139574,1000.0,1000.0
