O^z,error,N,total_data
-0.4435095361921015,0.0007019597753242245,10000.0,10000.0
