O^z,error,N,total_data
-0.2991265758682035,0.00017848846759280023,10000.0,160000.0
