O^z,error,N,total_data
-0.3535118302207438,0.0006493906926917653,1000.0,12000.0
