O^z,error,N,total_data
-0.26179676992283574,0.0004942148116134095,1000.0,20000.0
