O^z,error,N,total_data
-0.2091222884587826,0.00012880100704848278,10000.0,280000.0
