O^z,error,N,total_data
-0.44562566648996915,0.0022458134112885103,1000.0,1000.0
