O^z,error,N,total_data
-0.23093678405703147,0.00044167963868475206,1000.0,24000.0
