O^z,error,N,total_data
-0.20939748770644193,0.0004132852902675121,1000.0,28000.0
