O^z,error,N,total_data
-0.35425101862310404,0.00020714526160995364,10000.0,120000.0
