O^z,error,N,total_data
-0.2315537633983165,0.00013978602090893542,10000.0,240000.0
