O^z,error,N,total_data
-0.29925392997065303,0.0005675954252603727,1000.0,16000.0
