O^z,error,N,total_data
-0.19083255309857916,0.00037988520986928,1000.0,32000.0
