O^z,error,N,total_data
-0.19088907707367353,0.00011986053284552719,10000.0,320000.0
