O^z,error,N,total_data
-0.2597864766920315,0.00015634489971311309,10000.0,200000.0
