ZL,error,N
0.19183139362396626,0.0009631745357026532,10000.0
