ZL,error,N
0.17687836913023722,0.004020742603987907,1000.0
