ZL,error,N
0.18249748674863342,0.0012426793155934197,10000.0
