ZL,error,N
0.17096558556189187,0.0014441093606777915,10000.0
