ZL,error,N
0.18663549615705555,0.0011070340303181434,10000.0
