ZL,error,N
0.19964592398404893,0.0024390609660719874,1000.0
