ZL,error,N
0.16480997987395693,0.0015338295502626354,10000.0
