ZL,error,N
0.16615903498882828,0.004537044085517527,1000.0
