ZL,error,N
0.17480556060675378,0.0013524830006626904,10000.0
