ZL,error,N
0.15763841651143826,0.004972660240305061,1000.0
