ZL,error,N
0.19497080584092102,0.0029781449378595065,1000.0
