ZL,error,N
0.17458471783592924,0.004284743812123099,1000.0
