ZL,error,N
0.19795413995567668,0.0007726146373840595,10000.0
