ZL,error,N
0.12860784406406606,0.009190482083735392,500.0
