ZL,error,N
0.10440524530589337,0.010143508371318301,500.0
