ZL,error,N
0.18708752965107908,0.0035552421072311082,1000.0
