O^z,error,N,total_data
-0.45480512655662075,0.0019915995666802337,1000.0,1000.0
