O^z,error,N,total_data
-0.33081512347090347,0.0005165801200151099,1000.0,16000.0
