O^z,error,N,total_data
-0.26031378208023376,0.0003928977404125045,1000.0,32000.0
