O^z,error,N,total_data
-0.27281803879564004,0.00040023434179203935,1000.0,28000.0
