O^z,error,N,total_data
-0.30413640741280606,0.00046539736123531357,1000.0,20000.0
