O^z,error,N,total_data
-0.37232915428168506,0.0006155026423496736,1000.0,12000.0
