O^z,error,N,total_data
-0.2851935364979806,0.00042316086197382625,1000.0,24000.0
