O^z,error,N,total_data
-0.19451858578350203,0.000615610469721492,1000.0,24000.0
