O^z,error,N,total_data
-0.246408746646419,0.0007950728796304709,1000.0,16000.0
