O^z,error,N,total_data
-0.17885598967463298,0.0005579523730314186,1000.0,28000.0
