O^z,error,N,total_data
-0.2175526533319887,0.0006971598556368392,1000.0,20000.0
