O^z,error,N,total_data
-0.3747098607194241,0.0033620870804274045,1000.0,1000.0
