O^z,error,N,total_data
-0.16531610438949823,0.0005155615624283075,1000.0,32000.0
