O^z,error,N,total_data
-0.2919008904381364,0.000953487464829968,1000.0,12000.0
