ZL,error,N
0.021726472777966632,0.001265960923944319,7989.0
