ZL,error,N
-0.000984061716765933,0.0008933362279397803,8000.0
