ZL,error,N
0.009351408168958431,0.0010928670970399008,7996.0
