ZL,error,N
0.034434103213209236,0.0012964852979223192,9968.0
