O^z,error,N,total_data
-0.3494130716654608,0.0006663747968536179,1000.0,12000.0
