O^z,error,N,total_data
-0.19951337034912323,0.0003607459081634441,1000.0,32000.0
