O^z,error,N,total_data
-0.2358138904038274,0.00041704713910882703,1000.0,24000.0
