O^z,error,N,total_data
-0.2160180049716592,0.000388582494594973,1000.0,28000.0
