O^z,error,N,total_data
-0.2983682322403981,0.0005641431133959401,1000.0,16000.0
