O^z,error,N,total_data
-0.43986783291949116,0.002294087899261914,1000.0,1000.0
