O^z,error,N,total_data
-0.2645633698696913,0.00047784475899612463,1000.0,20000.0
