ZL,error,N
0.05852071401279869,0.004224208699747505,1000.0
