ZL,error,N
0.08102184781970756,0.003846466128169939,1000.0
