ZL,error,N
0.0008371346473353258,0.004764952035978378,1000.0
