ZL,error,N
0.11553187304287664,0.0033678557647795603,1000.0
