ZL,error,N
0.02256354304305585,0.0046436867616094155,1000.0
