ZL,error,N
0.03787375794964473,0.004518742301381868,1000.0
