ZL,error,N
-0.007220918638659194,0.005093642755078763,1000.0
