ZL,error,N
0.005652552535707867,0.004350332086033233,450.0
