ZL,error,N
0.005879657575093931,0.003849754439745133,471.0
