ZL,error,N
0.18637115088292278,0.0053640939626354986,1000.0
