ZL,error,N
-0.012022894908593094,0.003973651114286116,1000.0
