ZL,error,N
0.13963752148290098,0.005159810358535275,1000.0
