ZL,error,N
-0.08438199260668303,0.0017720333985059228,1000.0
