ZL,error,N
-0.06192613853211134,0.0029985888080093217,1000.0
