ZL,error,N
0.03791102120468563,0.004613318706858535,1000.0
