ZL,error,N
0.09025939046903131,0.004916524462521239,1000.0
