O^z,error,N,total_data
-0.2321001321313787,0.0005674347225516061,1000.0,20000.0
