O^z,error,N,total_data
-0.18869738677194112,0.0004294189281667913,1000.0,28000.0
