O^z,error,N,total_data
-0.314780222833381,0.0008623035066361113,1000.0,12000.0
