O^z,error,N,total_data
-0.17460096762567615,0.0003819429481153386,1000.0,32000.0
