corr,error,N
1.8138293477585912,0.039691599578846125,1000.0
