corr,error,N
1.3768616333870267,0.0353916747619799,1000.0
