corr,error,N
1.1479167590515045,0.01925602664212931,3000.0
