corr,error,N
1.5655988937906797,0.021581520724787705,3000.0
