corr,error,N
1.8154154701778158,0.02250425537217111,3000.0
