corr,error,N
1.2718476993430254,0.02014528389524325,3000.0
