corr,error,N
2.3261791474031885,0.04225422885479861,1000.0
