corr,error,N
1.3936064498056315,0.020984710662881184,3000.0
