corr,error,N
1.5699597211629057,0.037835080846660464,1000.0
