corr,error,N
2.346477390637353,0.023927288116793878,3000.0
