O^z,error,N,total_data
-0.21247863247445398,0.0005260795339910594,1000.0,24000.0
