O^z,error,N,total_data
-0.19533652506292667,0.00047502972446631275,1000.0,28000.0
