O^z,error,N,total_data
-0.23155279222565164,0.0006259000118722308,1000.0,20000.0
