O^z,error,N,total_data
-0.3137206994653586,0.0008995771047291446,1000.0,12000.0
