O^z,error,N,total_data
-0.2657553303700892,0.0007106978943293113,1000.0,16000.0
