O^z,error,N,total_data
-0.18257383640167743,0.0004287380919461686,1000.0,32000.0
