O^z,error,N,total_data
-0.39545058996641236,0.0033200074967750974,1000.0,1000.0
