O^z,error,N,total_data
-0.1796881126555072,0.0007555990969525397,1000.0,20000.0
