O^z,error,N,total_data
-0.13889907388038575,0.0005657414065434456,1000.0,28000.0
