O^z,error,N,total_data
-0.2581922103743522,0.0010986828774896863,1000.0,12000.0
