O^z,error,N,total_data
-0.20975356646808838,0.0008913111680617731,1000.0,16000.0
