O^z,error,N,total_data
-0.340416204990445,0.00406908264908553,1000.0,1000.0
