O^z,error,N,total_data
-0.15508696595394447,0.0006546061094945809,1000.0,24000.0
