O^z,error,N,total_data
-0.1230141778332821,0.0005083043472038994,1000.0,32000.0
