O^z,error,N,total_data
-0.1707920887211645,0.007940704226252282,1.0,28.0
