O^z,error,N,total_data
-0.1950205275019987,0.009308242684072454,1.0,24.0
