O^z,error,N,total_data
-0.34243253766441034,0.018481621658008953,1.0,12.0
