O^z,error,N,total_data
-0.15225616282913645,0.006928367415476538,1.0,32.0
