O^z,error,N,total_data
-0.22743980993711577,0.01092087754429913,1.0,20.0
