O^z,error,N,total_data
-0.2726231544332901,0.013078294389380005,1.0,16.0
