ZL,error,N
-0.23174211151705723,0.0058241857666516995,1000.0
