ZL,error,N
-0.2355645706084731,0.004113129838697583,2000.0
