ZL,error,N
-0.234568746340295,0.005107634402678878,1000.0
