ZL,error,N
-0.23803572073439386,0.003235305710539469,2000.0
