ZL,error,N
-0.23734783358916534,0.005259925314648739,1000.0
