ZL,error,N
-0.23527434690700255,0.0038077678003557314,2000.0
