ZL,error,N
-0.23973752545463478,0.004470406179223781,1000.0
