ZL,error,N
-0.23319291427920397,0.003610372735482336,2000.0
