ZL,error,N
0.1958184191817626,0.0010519343776321714,10000.0
