ZL,error,N
0.1942249205084629,0.0010222962260397028,10000.0
