ZL,error,N
0.19319716297958955,0.0009775591601712142,10000.0
