ZL,error,N
0.19714963933157192,0.0010943544613991121,10000.0
