ZL,error,N
0.19201875192006898,0.0007603484608541955,10000.0
