ZL,error,N
0.19173813592844965,0.000865092041164865,10000.0
