ZL,error,N
0.19130433691723187,0.0009317095661529488,10000.0
