ZL,error,N
0.174398496663321,0.003268199884512931,1000.0
