ZL,error,N
0.18074329861213684,0.002887010143457095,1000.0
