ZL,error,N
0.18404364737749784,0.002555329480055209,1000.0
