ZL,error,N
0.16886531461270127,0.0035458254791986797,1000.0
