ZL,error,N
0.17302570603402462,0.0034133119862708775,1000.0
