ZL,error,N
0.16572461992421958,0.003908433830791672,1000.0
