ZL,error,N
0.1665812528717957,0.0038033109874737936,1000.0
