ZL,error,N
0.1868874419100865,0.003262356816453883,1000.0
