ZL,error,N
0.1935338223790728,0.0023754295137923902,1000.0
