ZL,error,N
0.18819382906569943,0.0030396838119231707,1000.0
