ZL,error,N
0.1897616429946662,0.002760432086354003,1000.0
