ZL,error,N
0.19069721845786353,0.003291944370965921,1000.0
