ZL,error,N
0.187039202238902,0.0037548583009322837,1000.0
