ZL,error,N
0.18836360083093098,0.003569647027475872,1000.0
