ZL,error,N
0.21349441822916332,0.003776765234563705,1000.0
