ZL,error,N
0.20842834538958294,0.004731700865869461,1000.0
