ZL,error,N
0.2199918841022339,0.0026935849799195996,1000.0
