ZL,error,N
0.2070952394316054,0.004427890440181669,1000.0
