O^z,error,N,total_data
-0.16575232987681088,0.0005629592841422854,1000.0,12000.0
