O^z,error,N,total_data
-0.029501449747373374,0.0001981455639331063,1000.0,28000.0
