O^z,error,N,total_data
-0.10639916290840892,0.0004528216952232971,1000.0,16000.0
