O^z,error,N,total_data
-0.043094823705423696,0.0002464115159751521,1000.0,24000.0
