O^z,error,N,total_data
-0.06673257986289102,0.00034114487714155073,1000.0,20000.0
