O^z,error,N,total_data
-0.020309985845109322,0.00017399797810935247,1000.0,32000.0
