O^z,error,N,total_data
-0.2700507485031351,0.001942441564652228,1000.0,1000.0
