ZL,error,N
-0.3641641839397378,0.004156623942966092,1000.0
