ZL,error,N
-0.09116234106602529,0.0027853359306058505,1000.0
