ZL,error,N
-0.1591186171993304,0.003145315396883527,1000.0
