ZL,error,N
-0.2759135772316007,0.003608472813890937,1000.0
