ZL,error,N
-0.22245295772783294,0.003551675316574424,1000.0
