ZL,error,N
-0.01422732824943765,0.0022463012065102317,1000.0
