ZL,error,N
-0.32386937279317196,0.0038568470391511043,1000.0
