O^z,error,N,total_data
-0.034970411205903704,0.005795009184329531,1.0,20.0
