O^z,error,N,total_data
0.0015623139062467763,0.0012254866319879362,1.0,32.0
