O^z,error,N,total_data
-0.007808935562757664,0.003023188251968855,1.0,28.0
