O^z,error,N,total_data
-0.1578790255855342,0.004509401971689825,1.0,12.0
