O^z,error,N,total_data
-0.08527307679189217,0.007154730284995956,1.0,16.0
