O^z,error,N,total_data
-0.017788775163078575,0.004625702110345811,1.0,24.0
