ZL,error,N
0.005870646412100726,0.0034207473571499286,1000.0
