ZL,error,N
-0.0014030894321052094,0.003017052616969585,1000.0
