ZL,error,N
-0.0032686520683226326,0.002663022451310011,1000.0
