ZL,error,N
0.017058283865264336,0.0036597494673195376,1000.0
