ZL,error,N
0.12179144482669521,0.003827925956892664,1000.0
