ZL,error,N
0.12117858744047129,0.00396251608151047,1000.0
