ZL,error,N
0.13375339566787534,0.003569751743819668,1000.0
