ZL,error,N
0.10819140803802098,0.00414748393108785,1000.0
