ZL,error,N
0.14347655676393775,0.003338605578702223,1000.0
