ZL,error,N
0.10521665734023572,0.004297565058182473,1000.0
