ZL,error,N
0.15496774033483549,0.002901664598556883,1000.0
