ZL,error,N
0.3540451666478509,0.00215425383859183,1000.0
