ZL,error,N
0.2990739076270937,0.0015838678787661667,1000.0
