ZL,error,N
0.33707983365423233,0.002063034370966839,1000.0
