ZL,error,N
0.36301793772574215,0.002247043066777105,1000.0
