ZL,error,N
0.2713398841406839,0.0013115089376752043,1000.0
