ZL,error,N
0.37977569853330057,0.0022614741760037826,1000.0
