ZL,error,N
0.3174626962009419,0.0019140665721489333,1000.0
