O^z,error,N,total_data
-0.22793733938388944,0.0006086202912603998,1000.0,20000.0
