O^z,error,N,total_data
-0.39147050167498826,0.0033782489932398397,1000.0,1000.0
