O^z,error,N,total_data
-0.20269898686636054,0.000535892422653125,1000.0,24000.0
