O^z,error,N,total_data
-0.3077237872652793,0.0009143063623741385,1000.0,12000.0
