O^z,error,N,total_data
-0.1735588044538535,0.00042636763928443814,1000.0,32000.0
