O^z,error,N,total_data
-0.25847644889673604,0.0007376039489022144,1000.0,16000.0
