O^z,error,N,total_data
-0.1857032317558863,0.00048054529049287284,1000.0,28000.0
