O^z,error,N,total_data
-0.03176234534922166,0.005823381092533338,1.0,20.0
