O^z,error,N,total_data
-0.05248888556216357,0.006190431624767736,1.0,16.0
