O^z,error,N,total_data
0.0035627602107979376,0.0012753938305447494,1.0,32.0
