O^z,error,N,total_data
-0.11244057180398226,0.005110045458755882,1.0,12.0
