O^z,error,N,total_data
-0.005672376721627928,0.0034608806279840497,1.0,24.0
