O^z,error,N,total_data
0.00017147647240730075,0.002613074200665153,1.0,28.0
