O^z,error,N,total_data
-0.11214068020482243,0.000408872012568255,10000.0,120000.0
