O^z,error,N,total_data
-0.07517272902074593,0.0002910467858022853,10000.0,160000.0
