ZL,error,N
0.007197946169922919,0.0007836114691835878,7999.0
