ZL,error,N
0.003397726931652054,0.0007981100394992947,7984.0
