ZL,error,N
0.0027299683114764294,0.0010074018332531932,4991.0
