ZL,error,N
0.018558729493554225,0.0011191815421873995,5000.0
