ZL,error,N
0.004693465036572881,0.0012855996718947507,2997.0
