ZL,error,N
0.0030784105250228453,0.0007159977285860059,9978.0
