ZL,error,N
0.018560386518491748,0.0008772018906294582,8000.0
