ZL,error,N
0.00845437370617594,0.001291661120297504,3000.0
