ZL,error,N
0.007712508877703317,0.0010028158606873935,5000.0
