ZL,error,N
0.007089171159335021,0.0007062586928009502,9997.0
