ZL,error,N
0.017979745776797708,0.0014436555856954477,3000.0
