ZL,error,N
0.003947191840699168,0.001002097789611013,4994.0
