ZL,error,N
0.0021451731803841328,0.0012990189761740928,2995.0
