ZL,error,N
0.0038260595979506032,0.0007037278522024719,9987.0
