ZL,error,N
0.01850470084331766,0.0007873383920205093,10000.0
