ZL,error,N
0.004286318376293836,0.0007868574818918001,7990.0
