O^z,error,N,total_data
-0.283000943500598,0.00045180038950629075,1000.0,24000.0
