O^z,error,N,total_data
-0.2983379243635936,0.0004967520204949656,1000.0,20000.0
