O^z,error,N,total_data
-0.3214073371613224,0.0005611147425085681,1000.0,16000.0
