O^z,error,N,total_data
-0.358278026319838,0.000664361126117995,1000.0,12000.0
