O^z,error,N,total_data
-0.27288766152257526,0.00041773026199896495,1000.0,28000.0
