O^z,error,N,total_data
-0.26763980442666696,0.0003973179471292504,1000.0,32000.0
