O^z,error,N,total_data
-0.4391815940291949,0.0022963463384900458,1000.0,1000.0
