O^z,error,N,total_data
-0.1354873366786804,0.002569054370366908,5000.0,5000.0
