O^z,error,N,total_data
-0.13405698965359095,0.0018448593603301985,10000.0,10000.0
