O^z,error,N,total_data
-0.13292981764058034,0.002069301743016344,8000.0,8000.0
