O^z,error,N,total_data
-0.047850914238463924,0.00028024542595187803,9999.0,159984.0
