O^z,error,N,total_data
-0.0480438015163551,0.0003135613731141517,7999.0,127984.0
