O^z,error,N,total_data
-0.022259143544203285,0.00022882402821978215,4995.0,119880.0
