O^z,error,N,total_data
-0.022474828027477977,0.00029456473248168634,2999.0,71976.0
