O^z,error,N,total_data
-0.047487227862531026,0.0005097192766679782,3000.0,48000.0
