O^z,error,N,total_data
-0.048197061540822886,0.0003988232210913391,5000.0,80000.0
