O^z,error,N,total_data
-0.011832997783473034,0.0001220646484787636,7984.0,255488.0
