O^z,error,N,total_data
-0.02232730388394151,0.00018027766432024476,7989.0,191736.0
