O^z,error,N,total_data
-0.01192187442001215,0.00011035993432835206,9977.0,319264.0
