O^z,error,N,total_data
-0.022189808934520633,0.00016094230289752623,9986.0,239664.0
