O^z,error,N,total_data
-0.011567167403858535,0.00015281631964876913,4994.0,159808.0
