O^z,error,N,total_data
-0.011336130862651814,0.0001924942573972305,2997.0,95904.0
