O^z,error,N,total_data
-0.1361633359475426,0.003300101516554548,3000.0,3000.0
