O^z,error,N,total_data
-0.3113504185144802,0.004211749402625405,1.0,32.0
