O^z,error,N,total_data
-0.3395535882590863,0.0060321811286731695,1.0,24.0
