O^z,error,N,total_data
-0.32509730734728326,0.004955977052435962,1.0,28.0
