O^z,error,N,total_data
-0.41026861446029067,0.012595422908310047,1.0,12.0
