O^z,error,N,total_data
-0.3553481694191362,0.007622331839585776,1.0,20.0
