O^z,error,N,total_data
-0.37625726827563166,0.009808432772727489,1.0,16.0
