ZL,error,N
0.11064869321862345,0.004663256401166776,1000.0
