ZL,error,N
0.12297093729489914,0.00443054538599174,1000.0
