ZL,error,N
0.13780888755020873,0.003933894612658503,1000.0
