ZL,error,N
0.1687548627971959,0.002833833173160195,1000.0
