ZL,error,N
0.14381884050157448,0.0037030299225655414,1000.0
