ZL,error,N
0.1573143594132181,0.003325626547677758,1000.0
