ZL,error,N
0.13079895014569284,0.004112702471911984,1000.0
