O^z,error,N,total_data
-0.12718814744329546,0.0007063076995577461,1000.0,20000.0
