O^z,error,N,total_data
-0.2077886076399912,0.0010823138057558233,1000.0,12000.0
