O^z,error,N,total_data
-0.15883627203567124,0.0008527795820611125,1000.0,16000.0
