O^z,error,N,total_data
-0.07116181812627913,0.00044199245053049675,1000.0,32000.0
