O^z,error,N,total_data
-0.08487355517814789,0.0004981324854473421,1000.0,28000.0
