O^z,error,N,total_data
-0.10215911536898974,0.0005904057392278556,1000.0,24000.0
