O^z,error,N,total_data
-0.29236245861481164,0.004101471471463213,1000.0,1000.0
