ZL,error,N
0.12872598592914825,0.009213227622444774,1000.0
