ZL,error,N
0.09006744972134602,0.008884756457128827,1000.0
