ZL,error,N
0.15935188388272922,0.009259719466468802,1000.0
