ZL,error,N
0.012537558979543872,0.007880976871471667,1000.0
