O^z,error,N,total_data
-0.051125617861086325,0.00042676599456539365,2999.0,59980.0
