O^z,error,N,total_data
-0.037556379200528366,0.000334261477361953,3000.0,72000.0
