O^z,error,N,total_data
-0.022248496026907587,0.0002319691991877716,3000.0,96000.0
