O^z,error,N,total_data
-0.07156822311877026,0.0003417151197450164,7999.0,127984.0
