O^z,error,N,total_data
-0.11033101483376806,0.0007862390908198325,3000.0,36000.0
