O^z,error,N,total_data
-0.004327647461584417,0.0001629769714355575,999.0,63936.0
