O^z,error,N,total_data
-0.009146382308573073,0.00023080605804473898,999.0,47952.0
