O^z,error,N,total_data
-0.028638793505886783,0.00027448438776736804,3000.0,84000.0
