O^z,error,N,total_data
-0.021637090913243687,0.00012553690549169737,9996.0,319872.0
