O^z,error,N,total_data
-0.07334385283184511,0.0005568400871474512,3000.0,48000.0
