O^z,error,N,total_data
-0.17183118783847273,0.0021027581460242866,8000.0,8000.0
