O^z,error,N,total_data
-0.002347638397704436,0.00010542444113186305,990.0,79200.0
