O^z,error,N,total_data
-0.17733886591238518,0.003405322737472524,3000.0,3000.0
