O^z,error,N,total_data
-0.03732729571819578,0.00020592483202828664,8000.0,192000.0
