ZL,error,N
-0.2571655037128021,0.00514186493170521,1000.0
