ZL,error,N
-0.006781252918896557,0.003183656684380945,1000.0
