ZL,error,N
-0.21779899706326394,0.004913841052629242,1000.0
