ZL,error,N
0.05454536298327991,0.002436080845165247,1000.0
