ZL,error,N
-0.06766043428685974,0.003724611863432801,1000.0
