ZL,error,N
-0.16695991083154993,0.004481615560488972,1000.0
