ZL,error,N
-0.12255610406460361,0.004287222624415913,1000.0
