O^z,error,N,total_data
-0.344872036406999,0.0007299974291495754,1000.0,12000.0
