O^z,error,N,total_data
-0.22900733832603776,0.00040810255125125377,1000.0,28000.0
