O^z,error,N,total_data
-0.21734691104034579,0.00038217707393107126,1000.0,32000.0
