O^z,error,N,total_data
-0.26900257552405726,0.0005004439164610141,1000.0,20000.0
