O^z,error,N,total_data
-0.13121413521778116,0.003276085836004101,3000.0,3000.0
