O^z,error,N,total_data
-0.046275754312642144,0.0005095447011493618,2998.0,47968.0
