O^z,error,N,total_data
-0.021971259880580195,0.0002977927753016075,2996.0,71904.0
