O^z,error,N,total_data
-0.021227995072583005,0.0002293092124873341,4995.0,119880.0
