O^z,error,N,total_data
-0.04582813810567689,0.0003123560735873318,7996.0,127936.0
