O^z,error,N,total_data
-0.04580819583127066,0.00027844888484714704,9995.0,159920.0
