O^z,error,N,total_data
-0.01118648025331357,0.00010947585433435892,9977.0,319264.0
