O^z,error,N,total_data
-0.04607167276560237,0.0003962626765085891,4998.0,79968.0
