O^z,error,N,total_data
-0.011308726431091995,0.00019888650239746717,2995.0,95840.0
