O^z,error,N,total_data
-0.12869444795569907,0.002031753457045486,8000.0,8000.0
