O^z,error,N,total_data
-0.1290519099672985,0.0018241342504113712,10000.0,10000.0
