O^z,error,N,total_data
-0.020903565248958245,0.00016067806581118493,9987.0,239688.0
