O^z,error,N,total_data
-0.010947703126041859,0.00012121801225385187,7980.0,255360.0
