O^z,error,N,total_data
-0.011099203171569493,0.00015315353586631871,4991.0,159712.0
