O^z,error,N,total_data
-0.12982694413289153,0.002537742864719487,5000.0,5000.0
