O^z,error,N,total_data
-0.021108395610309888,0.00018044436046014893,7989.0,191736.0
