ZL,error,N
0.00625419961129295,0.0022876572766297627,1000.0
