ZL,error,N
0.019114843100403536,0.002518345525436637,1000.0
