ZL,error,N
0.039603565287859875,0.002764500628057375,1000.0
