ZL,error,N
0.011108634024452387,0.0023592613927826194,1000.0
