ZL,error,N
-0.11711377363223024,0.002820915037438171,1000.0
