ZL,error,N
-0.3243291487113203,0.0030645174676472674,1000.0
