ZL,error,N
-0.22276752850914794,0.0029219003603759394,1000.0
