ZL,error,N
-0.2958563814991608,0.0029799188297190394,1000.0
