O^z,error,N,total_data
-0.05479140454756896,0.0002201498864448021,10000.0,200000.0
