O^z,error,N,total_data
-0.024378933109646637,0.00011601919220859988,10000.0,320000.0
