O^z,error,N,total_data
-0.07729015250982298,0.0003272348634538765,8000.0,128000.0
