O^z,error,N,total_data
-0.07686782723671047,0.00029285374765760893,10000.0,160000.0
