O^z,error,N,total_data
-0.0775535816883504,0.0005339249049060997,3000.0,48000.0
