O^z,error,N,total_data
-0.1823990888058772,0.002469099009752134,5000.0,5000.0
