O^z,error,N,total_data
-0.02428601028252217,0.0001639253482152223,5000.0,160000.0
