O^z,error,N,total_data
-0.024128504137967407,0.00021182557299490254,3000.0,96000.0
