O^z,error,N,total_data
-0.11390088652046958,0.00041262137091334497,10000.0,120000.0
