O^z,error,N,total_data
-0.18080543185333903,0.0017626636120128564,10000.0,10000.0
