O^z,error,N,total_data
-0.04013906435169939,0.00031476419870705893,3000.0,72000.0
