O^z,error,N,total_data
-0.024450375258279314,0.00012984658611612257,8000.0,256000.0
