O^z,error,N,total_data
-0.1801099908850569,0.0019674415957451064,8000.0,8000.0
