O^z,error,N,total_data
-0.07695480006650608,0.0002926196722384065,10000.0,160000.0
