O^z,error,N,total_data
-0.04074074919111611,0.00019453322503344532,8000.0,192000.0
