O^z,error,N,total_data
-0.07785440647702968,0.0004146138230673312,5000.0,80000.0
