O^z,error,N,total_data
-0.04079096395485633,0.00017344017437805444,10000.0,240000.0
