O^z,error,N,total_data
-0.18322492368329188,0.0032410767487274154,3000.0,3000.0
