O^z,error,N,total_data
-0.04066394163907155,0.0002445781831258426,5000.0,120000.0
