ZL,error,N
-0.12253808995789865,0.003542057789345807,1000.0
