ZL,error,N
-0.1048302260604244,0.0031380613433290377,1000.0
