ZL,error,N
-0.08296749542825609,0.0029631004262569956,1000.0
