ZL,error,N
-0.11074560890882279,0.004279820004093647,1000.0
