ZL,error,N
-0.11644811587038603,0.003311042419948645,1000.0
