ZL,error,N
-0.036843815350373885,0.0030682673526148357,1000.0
