ZL,error,N
-0.11839464938718705,0.003952971323569115,1000.0
