ZL,error,N
0.010262263439287078,0.002727588351599913,990.0
