ZL,error,N
0.004034069372177459,0.0007750752856704673,9974.0
