ZL,error,N
0.015615380608616933,0.0008772077336693465,8000.0
