ZL,error,N
0.003464281118179065,0.0013938453356595784,2997.0
