ZL,error,N
0.007621716702596344,0.0008234292489724133,8000.0
