ZL,error,N
0.005962543962077437,0.0013742978305777288,2999.0
