ZL,error,N
0.005070244435074161,0.0008322532681677745,7990.0
