ZL,error,N
0.014303736306555839,0.0014369984940095521,3000.0
