ZL,error,N
0.008431508776502337,0.0013448994909026214,3000.0
