ZL,error,N
0.006471103666104267,0.001369577925539212,2999.0
