ZL,error,N
0.010679246067626137,0.0030770329326717232,987.0
