ZL,error,N
0.0044589355265738755,0.0014211403277884479,2992.0
