ZL,error,N
0.006407349624459094,0.0013527954287961632,3000.0
