ZL,error,N
0.00799944973847715,0.0032891023728296794,978.0
