ZL,error,N
0.2221884207074113,0.005428482869393819,1000.0
