ZL,error,N
0.1282434711907011,0.004973521434282649,1000.0
