ZL,error,N
-0.07406108906383518,0.001975792814063106,1000.0
