ZL,error,N
0.0761212949166327,0.004779786994306808,1000.0
