ZL,error,N
-0.03998296328498207,0.003243872199476058,1000.0
