ZL,error,N
0.01861882715214625,0.004120984386589305,1000.0
