ZL,error,N
0.18009334506517924,0.005152099110834114,1000.0
