O^z,error,N,total_data
-0.342969939716322,0.0004943512689237187,10000.0,10000.0
