O^z,error,N,total_data
-0.08591934530586495,9.62508197263454e-05,10000.0,280000.0
