O^z,error,N,total_data
-0.18180743199369834,0.00016301376932842767,10000.0,160000.0
