O^z,error,N,total_data
-0.24441461438927517,0.00018085675839708384,10000.0,120000.0
