O^z,error,N,total_data
-0.06737763531500085,8.485093319397242e-05,10000.0,320000.0
