O^z,error,N,total_data
-0.10970785221372766,0.00010896926243581705,10000.0,240000.0
