O^z,error,N,total_data
-0.14067609282786325,0.00012889428430851142,10000.0,200000.0
