O^z,error,N,total_data
-0.1513261358389631,0.0005126226633396323,1000.0,32000.0
