O^z,error,N,total_data
-0.28013066241698065,0.0009904872153390603,1000.0,12000.0
