O^z,error,N,total_data
-0.18027199266352276,0.0006354569761928172,1000.0,24000.0
