O^z,error,N,total_data
-0.20410651565447932,0.0007122843814901732,1000.0,20000.0
