O^z,error,N,total_data
-0.23325016282568017,0.0008300375748801376,1000.0,16000.0
