O^z,error,N,total_data
-0.16433224674658267,0.0005618135725281696,1000.0,28000.0
