O^z,error,N,total_data
-0.36340334976979116,0.0035840658103194053,1000.0,1000.0
