O^z,error,N,total_data
-0.05103358531170047,0.0008179072977329502,1000.0,16000.0
