O^z,error,N,total_data
-0.1448449774765406,0.005480468551907531,1000.0,1000.0
