O^z,error,N,total_data
-0.01357164806069596,0.000300093730607686,1000.0,32000.0
