O^z,error,N,total_data
-0.023237083266693315,0.0004689806400485753,1000.0,24000.0
