O^z,error,N,total_data
-0.2398490451548922,0.00016874380269129197,10000.0,200000.0
