O^z,error,N,total_data
-0.27475398330816453,0.0006413439095701373,1000.0,16000.0
