O^z,error,N,total_data
-0.11910996618156636,0.00030748639367880965,500.0,32000.0
