O^z,error,N,total_data
-0.24120216557062282,0.0005280934483974314,1000.0,20000.0
