O^z,error,N,total_data
-0.40925774239110335,0.003008837864436281,1000.0,1000.0
