O^z,error,N,total_data
-0.21507499073750982,0.00014611634177776807,10000.0,240000.0
