O^z,error,N,total_data
-0.1959647580630031,0.00012866858731903837,10000.0,280000.0
