O^z,error,N,total_data
-0.18075147915077694,0.00011637314083343737,10000.0,320000.0
