O^z,error,N,total_data
-0.10247539557934682,0.0002639224521586596,500.0,40000.0
