O^z,error,N,total_data
-0.21605330508252937,0.0004641118018867508,1000.0,24000.0
