O^z,error,N,total_data
-0.1815211999012938,0.00037087619927548854,1000.0,32000.0
