O^z,error,N,total_data
-0.27388490373007063,0.00020157033464457457,10000.0,160000.0
