O^z,error,N,total_data
-0.3234785646769386,0.0008083295191339051,1000.0,12000.0
