O^z,error,N,total_data
-0.1966006269481004,0.00040594540955217316,1000.0,28000.0
