O^z,error,N,total_data
-0.32403526177729086,0.0002534923198209462,10000.0,120000.0
