O^z,error,N,total_data
-0.4080987042672257,0.0009498118871499198,10000.0,10000.0
