ZL,error,N
-0.0612682473219853,0.0019051951267241261,1000.0
