ZL,error,N
0.09318606492040521,0.0038501034438033466,1000.0
