ZL,error,N
0.00826310935371133,0.003145100174962197,1000.0
