ZL,error,N
0.34511460455192744,0.003874284906532135,1000.0
