ZL,error,N
0.23575088289502116,0.003907057237318292,1000.0
