ZL,error,N
0.17042558562823637,0.004013748588435804,1000.0
