ZL,error,N
0.2963743788956179,0.004029881422663444,1000.0
