ZL,error,N
0.017188730115075185,0.003073735868949817,987.0
