ZL,error,N
0.0300158057265974,0.004080621444295208,932.0
