ZL,error,N
0.02673177794927041,0.004590703620497293,883.0
