ZL,error,N
0.02368449266366856,0.0034113944901641878,963.0
