ZL,error,N
0.03584314956000558,0.005050183874260318,840.0
