ZL,error,N
-0.013231571535171955,0.0055610415659712665,500.0
