ZL,error,N
-0.013030499030117958,0.005661895077688735,500.0
