ZL,error,N
0.002669186969471635,0.004339373638715759,1000.0
