ZL,error,N
-0.08194880979350735,0.004297833669962592,1000.0
