ZL,error,N
-0.028151498628001155,0.0053142611750262225,1000.0
