ZL,error,N
-0.11846919120763637,0.0030016050826452904,1000.0
