ZL,error,N
-0.10638713985723715,0.0037291507162276103,1000.0
