ZL,error,N
-0.11918407309803015,0.002244217815128251,1000.0
