ZL,error,N
-0.0561259075855808,0.004903822050538498,1000.0
