ZL,error,N
-0.08827135588278608,0.0020695176586567714,1000.0
