O^z,error,N,total_data
-0.008943464199451575,0.00025527462502462656,500.0,32000.0
