O^z,error,N,total_data
-0.015290719602232383,0.0003499216598962766,500.0,24000.0
