O^z,error,N,total_data
-0.005730784818580523,0.00013433350463082033,1000.0,80000.0
