O^z,error,N,total_data
-0.2653807493035873,0.006868007071629068,1.0,12.0
