O^z,error,N,total_data
-0.05814400664046767,0.004964988882964783,1.0,32.0
