O^z,error,N,total_data
-0.15392854194600403,0.005447510040570724,1.0,20.0
