O^z,error,N,total_data
-0.0801681870559295,0.0026245300455077234,1.0,28.0
