O^z,error,N,total_data
-0.20655473339155223,0.006908668478706876,1.0,16.0
