O^z,error,N,total_data
-0.109553535345404,0.007185950058790394,1.0,24.0
