O^z,error,N,total_data
-0.22119256953872268,0.0006502037289339477,1000.0,20000.0
