O^z,error,N,total_data
-0.30428948275354034,0.0009430188240447826,1000.0,12000.0
