O^z,error,N,total_data
-0.3837133816806751,0.003522039032533048,1000.0,1000.0
