O^z,error,N,total_data
-0.16832325176247262,0.000449397187652056,1000.0,32000.0
