O^z,error,N,total_data
-0.1814992984608239,0.0004830097725795463,1000.0,28000.0
