O^z,error,N,total_data
-0.25312162498745383,0.0007510081439666269,1000.0,16000.0
