O^z,error,N,total_data
-0.1977409061158364,0.0005561568297031464,1000.0,24000.0
