O^z,error,N,total_data
-0.20634362930841788,0.0005346761760081493,500.0,24000.0
