O^z,error,N,total_data
-0.1935828028202524,0.0003031987814967121,1000.0,80000.0
