ZL,error,N
0.007436749850588799,0.0010335397049611207,9998.0
