ZL,error,N
0.0013364298581158437,0.0013468804719521657,5000.0
