ZL,error,N
0.0005474518202145373,0.001051271877895943,7999.0
