ZL,error,N
0.006315987563490777,0.001914153709977173,2999.0
