ZL,error,N
0.0004144090089392802,0.0009366204202297294,9999.0
