ZL,error,N
0.0009601577271510494,0.0011951512637877386,5000.0
