ZL,error,N
4.7712251020592563e-05,0.0015512254205783612,3000.0
