ZL,error,N
0.007787450998867673,0.001474961619648489,4998.0
