ZL,error,N
-4.617616940370714e-05,0.0008443775366834842,10000.0
