ZL,error,N
0.01668373313680465,0.0021151186936492657,3000.0
