ZL,error,N
0.0002534604432388366,0.0017271038310883154,3000.0
