ZL,error,N
0.01792916338242178,0.001160101455576497,9997.0
