ZL,error,N
0.01847928963486713,0.0016533823761890117,5000.0
