ZL,error,N
0.01810419805052291,0.0013008664459947515,7998.0
