ZL,error,N
0.00016911089385949243,0.0009434685064967197,8000.0
