ZL,error,N
0.007722013403331936,0.0011575753673598375,7998.0
