O^z,error,N,total_data
-0.016990938458204777,0.00032895080816747294,1000.0,12000.0
