O^z,error,N,total_data
-0.05398287530832056,0.0020970176067153577,1000.0,1000.0
