O^z,error,N,total_data
-0.0003597379537932715,3.881392124241711e-05,1000.0,28000.0
