O^z,error,N,total_data
-0.00018475504608227476,2.369783229703306e-05,1000.0,32000.0
