O^z,error,N,total_data
-0.0060106376402428545,0.000152283926085927,1000.0,16000.0
