O^z,error,N,total_data
-0.0020114755921411707,5.8540533629814346e-05,1000.0,20000.0
