O^z,error,N,total_data
-0.0008020100801153679,2.8313332416727477e-05,1000.0,24000.0
