ZL,error,N
0.18736335851699343,0.0009917665828011865,10000.0
