ZL,error,N
0.1880636031654902,0.001024916008802711,10000.0
