ZL,error,N
0.1900696133877264,0.0010848962081989838,10000.0
