ZL,error,N
0.18850697206913222,0.000777371490758468,10000.0
