ZL,error,N
0.19085086123725498,0.0031158682460651595,1000.0
