ZL,error,N
0.1871352763000664,0.0008868615043590499,10000.0
