ZL,error,N
0.1899605391262197,0.0035300372945132803,1000.0
