ZL,error,N
0.19016545487024364,0.002964819701916803,1000.0
