ZL,error,N
0.1909483557715224,0.0027980394927642404,1000.0
