ZL,error,N
0.18773805528301316,0.00327962952469039,1000.0
