ZL,error,N
0.19105132529357352,0.0024040432725346453,1000.0
