ZL,error,N
0.1871892861208274,0.0009359103112453554,10000.0
