ZL,error,N
0.1875627917668626,0.003429086040721231,1000.0
