ZL,error,N
0.1902159018629883,0.0010657949412195783,10000.0
