O^z,error,N,total_data
-0.020118108553825592,0.00015684579768780006,9986.0,239664.0
