O^z,error,N,total_data
-0.019858854573789688,0.00017602218551188931,7989.0,191736.0
