O^z,error,N,total_data
-0.1278695244778062,0.0025261782697328337,5000.0,5000.0
