O^z,error,N,total_data
-0.010436770492307788,0.00015338068407770027,4984.0,159488.0
