O^z,error,N,total_data
-0.010464577696406796,0.0001209189651838912,7970.0,255040.0
