O^z,error,N,total_data
-0.0451438786523991,0.00030607674741168274,7997.0,127952.0
