O^z,error,N,total_data
-0.04530676841197414,0.0004946521278282219,3000.0,48000.0
