O^z,error,N,total_data
-0.04576057030283792,0.0003888950548348851,5000.0,80000.0
