O^z,error,N,total_data
-0.010516924862990416,0.00010912957778694747,9964.0,318848.0
