O^z,error,N,total_data
-0.12629277792031868,0.0017971558249247727,10000.0,10000.0
