O^z,error,N,total_data
-0.01990613431347126,0.0002910769736772763,2996.0,71904.0
