O^z,error,N,total_data
-0.04541859601944442,0.0002759217652873004,9997.0,159952.0
