O^z,error,N,total_data
-0.12906554715224558,0.003236145634996426,3000.0,3000.0
