O^z,error,N,total_data
-0.01993525735484312,0.00022247786686087652,4994.0,119856.0
