O^z,error,N,total_data
-0.011005964911695105,0.00019539879874155754,2991.0,95712.0
