O^z,error,N,total_data
-0.12663152049898405,0.0020088142514880355,8000.0,8000.0
