ZL,error,N
0.02949522292393837,0.0014379920845302052,9997.0
