ZL,error,N
0.0084722256895131,0.0013983000734459567,8000.0
