ZL,error,N
-0.009922192667263996,0.0011928714447721374,8000.0
