ZL,error,N
-0.015512138449528977,0.000875341515731367,10000.0
