ZL,error,N
-0.015149676543082568,0.0009750731165202934,8000.0
