ZL,error,N
-0.01903230053838476,0.000953536072285989,10000.0
