O^z,error,N,total_data
-0.10092317862134531,0.0003204704957405017,1000.0,48000.0
