O^z,error,N,total_data
-0.0811943274389114,0.00024406842560226958,1000.0,64000.0
