O^z,error,N,total_data
-0.13611683333793795,0.00027182034460763603,3000.0,96000.0
