O^z,error,N,total_data
-0.19027071155549982,0.0004124871277127465,3000.0,60000.0
