O^z,error,N,total_data
-0.3568618958137135,0.0024192598606111114,3000.0,3000.0
