O^z,error,N,total_data
-0.06760004846765286,0.000198450410465409,1000.0,80000.0
