O^z,error,N,total_data
-0.16718209920910532,0.0003489664080612308,3000.0,72000.0
