O^z,error,N,total_data
-0.15115517443800375,0.0003044167198867272,3000.0,84000.0
