O^z,error,N,total_data
-0.22294921075224589,0.0004996663216325209,3000.0,48000.0
