O^z,error,N,total_data
-0.2733926334533368,0.0006319380149845992,3000.0,36000.0
