O^z,error,N,total_data
0.005944635444077675,0.00018678307329144305,998.0,23952.0
