O^z,error,N,total_data
0.014786553847735803,0.0003661891807642762,1000.0,16000.0
