O^z,error,N,total_data
0.0029806386118085755,0.00011555742100543301,1000.0,32000.0
