O^z,error,N,total_data
0.04569797212594303,0.002506672689730114,1000.0,1000.0
