ZL,error,N
0.22376711310017175,0.0027433855490666533,1000.0
