ZL,error,N
0.21094953226325708,0.0038205396991558864,1000.0
