ZL,error,N
0.2123421398703571,0.004719563232517271,1000.0
