ZL,error,N
0.22062337691880254,0.0020203530687127186,1000.0
