ZL,error,N
0.2035292852050648,0.005016467822875762,1000.0
