ZL,error,N
0.21917783554843898,0.003275640132203632,1000.0
