ZL,error,N
0.21616034768494857,0.0040780920758023455,1000.0
