O^z,error,N,total_data
-0.3567762575731183,0.0004477295190500999,1000.0,16000.0
