O^z,error,N,total_data
-0.38803961128045916,0.0005204836963565247,1000.0,12000.0
