O^z,error,N,total_data
-0.33929408064987054,0.000425182923124896,1000.0,20000.0
