O^z,error,N,total_data
-0.4542783413886267,0.001697011510417108,1000.0,1000.0
