O^z,error,N,total_data
-0.32575209655931453,0.0004242379764441295,1000.0,24000.0
