O^z,error,N,total_data
-0.313137893673326,0.000391643166938527,1000.0,32000.0
