O^z,error,N,total_data
-0.3182700230649275,0.00040387954096943147,1000.0,28000.0
