O^z,error,N,total_data
-0.06721700009571942,0.0003045294006190122,500.0,40000.0
