O^z,error,N,total_data
-0.08029325135826132,0.00036467819421761216,500.0,32000.0
