O^z,error,N,total_data
-0.37094692273865343,0.0004984749423626457,10000.0,10000.0
