O^z,error,N,total_data
-0.22655680493775873,0.00017489194951863106,10000.0,160000.0
