O^z,error,N,total_data
-0.16003491045119336,0.0001310066306538779,10000.0,240000.0
