O^z,error,N,total_data
-0.11694225539240527,0.00011146927716206488,10000.0,320000.0
