O^z,error,N,total_data
-0.18871443346721867,0.0001494283643628018,10000.0,200000.0
