O^z,error,N,total_data
-0.1372418273373108,0.0001204377295330504,10000.0,280000.0
