O^z,error,N,total_data
-0.28192292778394346,0.00018866831875649027,10000.0,120000.0
