ZL,error,N
0.015559794465235885,0.001071689316438147,9997.0
