ZL,error,N
0.04707694146204602,0.0026445103801938895,2992.0
