ZL,error,N
0.030015496557226063,0.0017851236691959328,4993.0
