ZL,error,N
-0.003309801797800692,0.0009011003264847506,8000.0
