ZL,error,N
0.04688892396461983,0.0016047262047911967,7976.0
