ZL,error,N
0.015420457692792128,0.0015353684147893262,4998.0
