ZL,error,N
-0.0028052820033525987,0.0011386313609550993,5000.0
