ZL,error,N
-0.0033900752581848483,0.0014566222563928226,3000.0
