ZL,error,N
0.04703517196099295,0.0014305380261846793,9969.0
