ZL,error,N
0.030677744974761462,0.0012725337995695045,9983.0
