ZL,error,N
0.015589570091066344,0.001198961982925716,7997.0
