ZL,error,N
0.029236910060760575,0.0023112809941589372,2995.0
