ZL,error,N
0.030537686367107502,0.0014176832251302184,7986.0
