ZL,error,N
0.048317955435334514,0.0020481027920372795,4987.0
