ZL,error,N
-0.003602543329048684,0.000807632159230596,10000.0
