ZL,error,N
0.014114479877499959,0.0019807849775087087,2998.0
