ZL,error,N
0.006546349244077125,0.0010403530114418958,4999.0
