ZL,error,N
0.0065778677796120575,0.001353966668497429,2999.0
