ZL,error,N
0.013261790121233739,0.0008603298758789844,8000.0
