ZL,error,N
0.029014475013455377,0.0015808772354110735,3000.0
