ZL,error,N
0.012126234666540616,0.001403163557890208,3000.0
