ZL,error,N
0.013424931387180055,0.0010868409831484233,5000.0
