ZL,error,N
0.006591846511272436,0.0008167192589012703,7998.0
