ZL,error,N
0.004083843009809634,0.0010309763380831431,4997.0
