ZL,error,N
0.0036537811778977513,0.0007259903394541404,9996.0
