ZL,error,N
0.02950964576738894,0.0009595124918744999,8000.0
