ZL,error,N
0.029638275669434576,0.0008630530910068292,10000.0
