ZL,error,N
0.005972367440422794,0.0007305874541311797,9997.0
