ZL,error,N
0.0037992786901002535,0.0008089473844142926,7997.0
