ZL,error,N
0.030542905759105662,0.0012233954385698937,5000.0
