ZL,error,N
0.012814036145155663,0.0007730198251309861,10000.0
