ZL,error,N
0.005555842657479554,0.0013382437538993447,2999.0
