O^z,error,N,total_data
-0.046535536466917306,6.97641547458634e-05,10000.0,200000.0
