O^z,error,N,total_data
-0.027315004575918605,5.0923086562835276e-05,10000.0,240000.0
