O^z,error,N,total_data
-0.01644204178300208,3.978704042347864e-05,10000.0,280000.0
