O^z,error,N,total_data
-0.009822581143170259,3.017730995189348e-05,10000.0,320000.0
