O^z,error,N,total_data
-0.14340181515543038,0.00012640759448754056,10000.0,120000.0
