O^z,error,N,total_data
-0.08113014570979496,9.74028573629409e-05,10000.0,160000.0
