O^z,error,N,total_data
-0.25498420927169485,0.0004240868766332049,10000.0,10000.0
