ZL,error,N
0.1950458748815924,0.003451194894787143,1000.0
