ZL,error,N
0.19390632756613713,0.0026757150603676145,1000.0
