ZL,error,N
0.194419929052181,0.0035040491040594876,1000.0
