ZL,error,N
0.1950006974927093,0.0023693181713503922,1000.0
