ZL,error,N
0.19417359264146233,0.0031789725929689647,1000.0
