ZL,error,N
0.19395036331606988,0.003347761370866505,1000.0
