ZL,error,N
0.19406034054646265,0.0029714577878394025,1000.0
