O^z,error,N,total_data
-0.02116044856982995,0.00018182188392464808,1000.0,32000.0
