O^z,error,N,total_data
-0.10157927389539495,0.0005313284517802988,1000.0,16000.0
