O^z,error,N,total_data
-0.04318112663105061,0.0002767323049693417,1000.0,24000.0
