O^z,error,N,total_data
-0.15400595427366207,0.000664092135538944,1000.0,12000.0
