O^z,error,N,total_data
-0.25165925429973784,0.0024378500536951153,1000.0,1000.0
