O^z,error,N,total_data
-0.030711925500703504,0.00023962123299571086,1000.0,28000.0
