O^z,error,N,total_data
-0.06570170234364711,0.00038664573568759843,1000.0,20000.0
