ZL,error,N
0.006451824200240491,0.00476261370110101,426.0
