ZL,error,N
0.00653153477168799,0.004364433430994832,441.0
