ZL,error,N
-0.05229115294453137,0.0015572865193492354,1000.0
