ZL,error,N
-0.4317619066514775,0.0034023989569377084,1000.0
