ZL,error,N
-0.38928320766766067,0.0034148013240426667,1000.0
