ZL,error,N
-0.34369336179384297,0.0027517810527057525,1000.0
