ZL,error,N
-0.14482662219659462,0.0019632091659393088,1000.0
