ZL,error,N
-0.2911508241963723,0.002418820219244675,1000.0
