ZL,error,N
-0.22272580540356285,0.002190644905088366,1000.0
