O^z,error,N,total_data
-0.17716531654551987,0.00036811999535127805,1000.0,32000.0
