O^z,error,N,total_data
-0.27240819366470304,0.0006406449050161859,1000.0,16000.0
