O^z,error,N,total_data
-0.4061409473399277,0.0030119930990215784,1000.0,1000.0
