O^z,error,N,total_data
-0.19223610237121364,0.0001278376747713312,10000.0,280000.0
