O^z,error,N,total_data
-0.23682070095362429,0.00016908830726077302,10000.0,200000.0
