O^z,error,N,total_data
-0.2117988300485274,0.00045798599846569207,1000.0,24000.0
