O^z,error,N,total_data
-0.23776371996780274,0.0005367682079634829,1000.0,20000.0
