O^z,error,N,total_data
-0.21175525601123593,0.00014516936177457352,10000.0,240000.0
