O^z,error,N,total_data
-0.32294201499170566,0.0007955826413822196,1000.0,12000.0
