O^z,error,N,total_data
-0.272178122526661,0.0002026227419067023,10000.0,160000.0
