O^z,error,N,total_data
-0.3227360162068907,0.0002549185780093246,10000.0,120000.0
