O^z,error,N,total_data
-0.176548316982462,0.00011429827097316284,10000.0,320000.0
