O^z,error,N,total_data
-0.192901968105244,0.00039989555393540855,1000.0,28000.0
