O^z,error,N,total_data
-0.4069696586541305,0.0009582855590695909,10000.0,10000.0
