O^z,error,N,total_data
0.00124915402119362,9.454167190419561e-05,986.0,31552.0
