O^z,error,N,total_data
0.008037895773217247,0.00030222294372324755,995.0,15920.0
