O^z,error,N,total_data
0.0027856510040211416,0.000150533619006588,992.0,23808.0
