O^z,error,N,total_data
0.030138826907832084,0.0022793244834694152,997.0,997.0
