ZL,error,N
-0.12620561048983384,0.0010964662540017182,1000.0
