ZL,error,N
0.0013288808687849066,0.004463010018616825,1000.0
