ZL,error,N
-0.14279798383630105,0.0023739402087135084,1000.0
