ZL,error,N
-0.04076310903323547,0.004163439528354641,1000.0
