ZL,error,N
-0.07725201461378327,0.003593736209351622,1000.0
