ZL,error,N
-0.14908705472977535,0.0015398929218520695,1000.0
