ZL,error,N
-0.10979857067010798,0.0030532929526926747,1000.0
