corr,error,N
0.7727990570258155,0.021497539183698785,3000.0
