corr,error,N
0.5303540117384412,0.017787057272319013,3000.0
