corr,error,N
1.8254377186307926,0.028558167935875352,3000.0
