corr,error,N
0.9151959589766153,0.022820345672419827,3000.0
