corr,error,N
1.199994895965087,0.02515669772940843,3000.0
