corr,error,N
0.6109411331722284,0.01938820295193382,3000.0
