ZL,error,N
0.13258933302412962,0.010466560075985766,1000.0
