ZL,error,N
-0.0542971824666547,0.008610395196317506,1000.0
