ZL,error,N
0.06358212650679478,0.009912323472838424,1000.0
