ZL,error,N
0.19365460326331357,0.010607921791330308,1000.0
