O^z,error,N,total_data
-0.05802291443676129,0.0002258679336592872,10000.0,200000.0
