O^z,error,N,total_data
-0.186909820686783,0.0019856613540422665,8000.0,8000.0
