O^z,error,N,total_data
-0.026602006386971706,0.00012070653716839434,9999.0,319968.0
