O^z,error,N,total_data
-0.08056866443746453,0.0002986784734797068,10000.0,160000.0
