O^z,error,N,total_data
-0.04410356018592018,0.00019985290410488895,8000.0,192000.0
