O^z,error,N,total_data
-0.08060475397596054,0.0003338521131675641,8000.0,128000.0
