O^z,error,N,total_data
-0.11872768510479399,0.0004152927821038365,10000.0,120000.0
