O^z,error,N,total_data
0.03913274094581233,0.00027587985581058975,1000.0,64000.0
