O^z,error,N,total_data
0.015503577365793495,0.00013699889841192717,1000.0,128000.0
