O^z,error,N,total_data
-0.03303565208861676,0.0003156911330234142,500.0,32000.0
