O^z,error,N,total_data
-0.02394629498317589,0.0002474963719123637,500.0,40000.0
