O^z,error,N,total_data
-0.0374757179313084,0.00013913087113116303,10000.0,320000.0
