O^z,error,N,total_data
-0.046395572018130604,0.00016496984822831295,10000.0,280000.0
