ZL,error,N
0.005094012041858348,0.0011856224311724169,4998.0
