ZL,error,N
0.013685793172878118,0.0014272900268286468,4991.0
