ZL,error,N
0.003888636573730435,0.0015527645801663972,2998.0
