ZL,error,N
0.006543655239689909,0.0007913658596836696,10000.0
