ZL,error,N
0.01310789022663837,0.0010005560542528413,9977.0
