ZL,error,N
0.013543757507653997,0.0011225528963788602,7980.0
