ZL,error,N
0.013498843871589292,0.0018518981913938346,2995.0
