ZL,error,N
0.007130513168261855,0.0016810272695339508,2996.0
