ZL,error,N
0.007124196007235545,0.0008889235406724119,8000.0
