ZL,error,N
0.007545977055910501,0.001128500963621957,5000.0
