ZL,error,N
0.005220182527916259,0.0009229432890448894,7996.0
