ZL,error,N
0.005272484498355593,0.0008308713759036392,9995.0
