ZL,error,N
0.006337360772140765,0.0014497030835281743,3000.0
