ZL,error,N
0.008157684899770033,0.0010118819796794114,7989.0
