ZL,error,N
0.008490973839275747,0.0009047315560779757,9987.0
