ZL,error,N
0.007836206060060498,0.001290837059464145,4995.0
