O^z,error,N,total_data
-0.22322179693114919,0.00039179858984275776,1000.0,32000.0
