O^z,error,N,total_data
-0.27377013043220516,0.0005190370415029725,1000.0,20000.0
