O^z,error,N,total_data
-0.3018690696941294,0.0005922752193659134,1000.0,16000.0
