O^z,error,N,total_data
-0.3462702982445984,0.0007356887201040427,1000.0,12000.0
