O^z,error,N,total_data
-0.25145409294077514,0.00045189196293505716,1000.0,24000.0
