O^z,error,N,total_data
-0.23578304528974206,0.00041110522752137716,1000.0,28000.0
