O^z,error,N,total_data
-0.4366700307089248,0.0025032435449268073,1000.0,1000.0
