ZL,error,N
0.3178935721348606,0.0028988103681731507,1000.0
