ZL,error,N
0.26353872784383553,0.00191957317945654,1000.0
