ZL,error,N
0.30820185230299385,0.002892549221908285,1000.0
