ZL,error,N
0.28829509339163834,0.0024235883245507183,1000.0
