O^z,error,N,total_data
3.696094625986371e-05,0.00025090178860464766,1.0,32.0
