O^z,error,N,total_data
-0.004112716315419451,0.00015660981905841573,1.0,12.0
