O^z,error,N,total_data
0.00031456658071248744,0.0003883185465644936,1.0,20.0
