O^z,error,N,total_data
3.310991975077286e-05,0.00020903918581767679,1.0,24.0
