O^z,error,N,total_data
-0.0004236726974229841,0.0003631054018933221,1.0,16.0
