O^z,error,N,total_data
-0.0007683381070135245,0.0003465246409493518,1.0,28.0
