ZL,error,N
-0.15100724109861668,0.003948805372800725,1000.0
