ZL,error,N
-0.027320599511182434,0.0036347025116182426,1000.0
