ZL,error,N
-0.0647372162197829,0.00384305636730185,1000.0
