ZL,error,N
-0.11858719746845298,0.0039032313783241043,1000.0
