ZL,error,N
-0.1334744672054782,0.00395814070890471,1000.0
