ZL,error,N
-0.09414287952153053,0.003858743616024239,1000.0
