ZL,error,N
0.022222625718661983,0.003371660164545155,1000.0
