ZL,error,N
0.004567658382246424,0.0009587628249378965,7996.0
