ZL,error,N
0.017490278393791914,0.0010612262244622055,9966.0
