ZL,error,N
0.00947015253312064,0.001057686137055741,7992.0
