ZL,error,N
0.00454551349001833,0.0008843575500045305,8000.0
