O^z,error,N,total_data
-0.0023574039353040604,0.00012660106957064588,997.0,63808.0
