O^z,error,N,total_data
-0.001422009217704721,9.611456552215788e-05,987.0,78960.0
