O^z,error,N,total_data
-0.0286888594350555,0.0005053080322444084,1000.0,24000.0
