O^z,error,N,total_data
-0.004971268567024802,0.00018321573473645104,998.0,47904.0
