O^z,error,N,total_data
-0.016407179186010985,0.00035140240798414946,1000.0,32000.0
