O^z,error,N,total_data
0.09937505297150596,0.0032376492546826842,1000.0,1000.0
