O^z,error,N,total_data
0.024400005195696784,0.000347303013539619,1000.0,24000.0
