O^z,error,N,total_data
0.014583533863011495,0.00023384879305161292,1000.0,32000.0
