O^z,error,N,total_data
0.043871073448926726,0.0005589836595425786,1000.0,16000.0
