O^z,error,N,total_data
-0.191620759704925,0.0005526016060186236,1000.0,24000.0
