O^z,error,N,total_data
-0.16111206577682785,0.0004212174007839019,1000.0,32000.0
