O^z,error,N,total_data
-0.29918263255858596,0.0009590223267704712,1000.0,12000.0
