O^z,error,N,total_data
-0.17545669316354312,0.00047967153298097786,1000.0,28000.0
