O^z,error,N,total_data
-0.3801643517778311,0.0038062207716140733,1000.0,1000.0
