O^z,error,N,total_data
-0.21684554625717625,0.0006332640596400917,1000.0,20000.0
