O^z,error,N,total_data
-0.24758910826524888,0.0007661578801242329,1000.0,16000.0
