ZL,error,N
0.0011566146608924229,0.002725064309668856,1000.0
