ZL,error,N
0.012145853685474795,0.0033049279039005395,1000.0
