ZL,error,N
-0.0030902452577170995,0.002946654239738965,1000.0
