ZL,error,N
0.002148132973647729,0.0032668904393613205,1000.0
