ZL,error,N
-0.017846117721509316,0.001794260922380297,1000.0
