ZL,error,N
0.08413574587569878,0.0028509165061255887,1000.0
