O^z,error,N,total_data
-0.08763073483793606,0.0005759324957585965,1000.0,24000.0
