O^z,error,N,total_data
-0.18974190938069144,0.0011294736556885635,1000.0,12000.0
