O^z,error,N,total_data
-0.061317061430482676,0.00043293592276095924,1000.0,32000.0
