O^z,error,N,total_data
-0.14337383115166782,0.0008790268243816736,1000.0,16000.0
