O^z,error,N,total_data
-0.07350608431587516,0.00049409778290856,1000.0,28000.0
