O^z,error,N,total_data
-0.112856037475391,0.0007137738843954808,1000.0,20000.0
