O^z,error,N,total_data
-0.2764500788762621,0.004298456738256301,1000.0,1000.0
