ZL,error,N
0.0888372729226984,0.0032607504266864004,1000.0
