ZL,error,N
0.04864055097332302,0.0038257701602251778,1000.0
