ZL,error,N
-0.08301142805715027,0.004733826062064924,1000.0
