ZL,error,N
-0.10561663748189587,0.00490906870177014,1000.0
