ZL,error,N
-0.055596037416363674,0.004498332851014084,1000.0
