ZL,error,N
0.00884353210088867,0.004201587887711773,1000.0
