ZL,error,N
-0.025429264571245676,0.004484357631150354,1000.0
