O^z,error,N,total_data
-0.014253721084313751,0.00017998897760374076,1000.0,16000.0
