O^z,error,N,total_data
-0.037703967189020346,0.0002527788967241876,1000.0,12000.0
