O^z,error,N,total_data
-0.006306789272066955,0.0001393566722636439,1000.0,20000.0
