O^z,error,N,total_data
-0.001187921554932167,4.751388914449052e-05,1000.0,32000.0
