O^z,error,N,total_data
-0.10793210328571118,0.0010437457806192637,1000.0,1000.0
