O^z,error,N,total_data
-0.0018192978945707984,7.200284622526418e-05,1000.0,28000.0
