O^z,error,N,total_data
-0.003212837136466778,0.00010544936251937705,1000.0,24000.0
