O^z,error,N,total_data
-0.2994226145791366,0.0009701812535856964,1000.0,12000.0
