O^z,error,N,total_data
-0.16346034206342536,0.00044196786469612127,1000.0,32000.0
