O^z,error,N,total_data
-0.17776395440338372,0.0004873322535229468,1000.0,28000.0
