O^z,error,N,total_data
-0.2510156287974661,0.0007533086480685949,1000.0,16000.0
