O^z,error,N,total_data
-0.19490168143766604,0.0005574336307256416,1000.0,24000.0
