O^z,error,N,total_data
-0.21851032059771427,0.000654056393833263,1000.0,20000.0
