O^z,error,N,total_data
-0.38123914386290597,0.0035851066926657453,1000.0,1000.0
