O^z,error,N,total_data
-0.15752080582492975,0.00050683465015475,1000.0,32000.0
