O^z,error,N,total_data
-0.23992916224297015,0.0008180897412849594,1000.0,16000.0
