O^z,error,N,total_data
-0.2125848968067877,0.0007023776481327257,1000.0,20000.0
