O^z,error,N,total_data
-0.17170778024321925,0.000555636783254357,1000.0,28000.0
