O^z,error,N,total_data
-0.369469918020218,0.0035311777656585604,1000.0,1000.0
