O^z,error,N,total_data
-0.28605207729986265,0.0009964330669286088,1000.0,12000.0
