O^z,error,N,total_data
-0.18767419851208852,0.0006221197760725572,1000.0,24000.0
