ZL,error,N
-0.10166215763531833,0.002686066396869335,1000.0
