ZL,error,N
-0.13157970698296084,0.0032535660661142255,1000.0
