ZL,error,N
-0.13621786338299904,0.0035693344486848436,1000.0
