ZL,error,N
-0.12313372642433341,0.002981149796395219,1000.0
