ZL,error,N
-0.12025570163580625,0.00448660479505101,1000.0
