ZL,error,N
-0.13403155010823628,0.004029890236290364,1000.0
