ZL,error,N
-0.053812520637946684,0.0027724217161120865,1000.0
