O^z,error,N,total_data
-0.43874835266029516,0.002455390240034855,1000.0,1000.0
