O^z,error,N,total_data
-0.28412372709931466,0.0005073072153775553,1000.0,20000.0
