O^z,error,N,total_data
-0.35280666900230456,0.0007126214030771269,1000.0,12000.0
