O^z,error,N,total_data
-0.31063456905255404,0.0005743876001395124,1000.0,16000.0
