O^z,error,N,total_data
-0.24120260951569425,0.00038665001464709185,1000.0,32000.0
