O^z,error,N,total_data
-0.2635594058331427,0.0004529412736277988,1000.0,24000.0
