O^z,error,N,total_data
-0.25127047598867275,0.00040911668120716403,1000.0,28000.0
