ZL,error,N
0.1007783268089749,0.0084473980995606,999.0
