ZL,error,N
0.11062938846225086,0.008675350331981295,998.0
