ZL,error,N
0.12380240951270947,0.009190629418055813,995.0
