ZL,error,N
0.04588479538502445,0.007686049407870224,999.0
