O^z,error,N,total_data
-0.35799754195899475,0.0006893252450746826,1000.0,12000.0
