O^z,error,N,total_data
-0.27606914514833436,0.00044573273197551114,1000.0,24000.0
