O^z,error,N,total_data
-0.29247152390843717,0.0004976134378648447,1000.0,20000.0
