O^z,error,N,total_data
-0.4406408185773378,0.002329324902536082,1000.0,1000.0
