O^z,error,N,total_data
-0.26327579638708626,0.00041362616931826535,1000.0,28000.0
