O^z,error,N,total_data
-0.2553869799800952,0.0003918372929051096,1000.0,32000.0
