O^z,error,N,total_data
-0.31709058376034127,0.0005775372999290524,1000.0,16000.0
