ZL,error,N
0.24515576091708857,0.0023755892176525423,1000.0
