ZL,error,N
0.19989711135453278,0.002019486748987958,1000.0
