ZL,error,N
0.2635079865429624,0.0025937130371267766,1000.0
