ZL,error,N
0.22352373670898082,0.002210274582743162,1000.0
