ZL,error,N
0.28503209261195633,0.0020132625841554654,1000.0
