ZL,error,N
0.3023500815000185,0.0021617400481490625,1000.0
