ZL,error,N
0.33752813819831395,0.002720147326926181,1000.0
