ZL,error,N
0.3259205147123305,0.002412238311922548,1000.0
