ZL,error,N
0.3145297021795604,0.0023991476137485315,1000.0
