ZL,error,N
0.2700698923365204,0.0018326914473641728,1000.0
