ZL,error,N
0.25187543845217486,0.0014154023807233962,1000.0
