O^z,error,N,total_data
-0.04379385400967426,0.00038172939688876825,4999.0,79984.0
