O^z,error,N,total_data
-0.12539390033330336,0.001822379149113492,10000.0,10000.0
