O^z,error,N,total_data
-0.020354973390382135,0.00028769273948262404,2999.0,71976.0
