O^z,error,N,total_data
-0.043238167067543395,0.0003023002073406947,7996.0,127936.0
