O^z,error,N,total_data
-0.0100943405858801,0.00011642400126891701,7972.0,255104.0
