O^z,error,N,total_data
-0.12606529834977276,0.002056147434427078,8000.0,8000.0
