O^z,error,N,total_data
-0.042960132181999296,0.0004834625932908177,2999.0,47984.0
