O^z,error,N,total_data
-0.01983877129762297,0.00017462537772196387,7991.0,191784.0
