O^z,error,N,total_data
-0.12771639249072594,0.0025523323224026363,5000.0,5000.0
