O^z,error,N,total_data
-0.010057866857548394,0.000149210680946929,4984.0,159488.0
