O^z,error,N,total_data
-0.01029782884466255,0.00018893743346917792,2993.0,95776.0
