O^z,error,N,total_data
-0.1282509023753095,0.003330986450413718,3000.0,3000.0
