O^z,error,N,total_data
-0.043525517660092904,0.0002718630758012014,9996.0,159936.0
