O^z,error,N,total_data
-0.01996253756575685,0.0001564595090640377,9988.0,239712.0
