O^z,error,N,total_data
-0.02012009313750868,0.00022184586992739832,4995.0,119880.0
