O^z,error,N,total_data
-0.010103314009772869,0.0001046507489575997,9970.0,319040.0
