O^z,error,N,total_data
-0.21564119895407924,0.0001542000592373318,10000.0,200000.0
