O^z,error,N,total_data
-0.2494972012575858,0.00017647006525110738,10000.0,160000.0
