O^z,error,N,total_data
-0.24799841942537904,0.0005676915225770912,1000.0,16000.0
