O^z,error,N,total_data
-0.19040791441434202,0.00013886912658191331,10000.0,240000.0
