O^z,error,N,total_data
-0.19035762146147905,0.00043402503686422494,1000.0,24000.0
