O^z,error,N,total_data
-0.1680320003759351,0.0004003091510402775,1000.0,28000.0
