O^z,error,N,total_data
-0.3834082699596734,0.0004917809021708797,10000.0,10000.0
