O^z,error,N,total_data
-0.17000689491739024,0.00013054886395135905,10000.0,280000.0
