O^z,error,N,total_data
-0.2999086414333294,0.00018710298719122346,10000.0,120000.0
