O^z,error,N,total_data
-0.1507646484807446,0.0003901429357367701,1000.0,32000.0
