O^z,error,N,total_data
-0.38500907822112007,0.0015199745787243815,1000.0,1000.0
