O^z,error,N,total_data
-0.29911106734579346,0.0005989942937090558,1000.0,12000.0
