O^z,error,N,total_data
-0.2137422666548346,0.0004895480369900466,1000.0,20000.0
