O^z,error,N,total_data
-0.15294199185346197,0.0001232533917846931,10000.0,320000.0
