O^z,error,N,total_data
-0.1380576849890304,0.0005514651457535096,1000.0,28000.0
