O^z,error,N,total_data
-0.2632204484757388,0.0009468622094301139,1000.0,12000.0
