O^z,error,N,total_data
-0.3438412557945143,0.0034019558440618073,1000.0,1000.0
