O^z,error,N,total_data
-0.21436622464603383,0.0008035777576561335,1000.0,16000.0
