O^z,error,N,total_data
-0.1234799594356841,0.0005044645904862083,1000.0,32000.0
