O^z,error,N,total_data
-0.18078017118315076,0.0006935718481379934,1000.0,20000.0
