O^z,error,N,total_data
-0.15561368621408325,0.0006142542963401578,1000.0,24000.0
