O^z,error,N,total_data
-0.02213568849082578,0.0002609560254089974,1000.0,32000.0
