O^z,error,N,total_data
-0.057291264351601257,0.0005494849900580175,1000.0,20000.0
