O^z,error,N,total_data
-0.03985273885797811,0.0004066185802597265,1000.0,24000.0
