O^z,error,N,total_data
-0.028824138414814588,0.0003148744052274619,1000.0,28000.0
