O^z,error,N,total_data
-0.12896057349451218,0.001031632980892125,1000.0,12000.0
