O^z,error,N,total_data
-0.08418290460680092,0.0007274463449887557,1000.0,16000.0
