O^z,error,N,total_data
-0.2078117163771838,0.00424389775712078,1000.0,1000.0
