ZL,error,N
-0.1158536127867088,0.0030545437390557648,1000.0
