ZL,error,N
0.012101503103106502,0.005274568222538318,1000.0
