ZL,error,N
-0.06388281377034546,0.004472401960264567,1000.0
