ZL,error,N
-0.10296157597138807,0.001681974677711375,1000.0
