ZL,error,N
-0.1258942235721117,0.0021167597306325785,1000.0
