ZL,error,N
-0.09271107887198216,0.0038228462440403972,1000.0
