ZL,error,N
-0.02269522977475963,0.004885623930255458,1000.0
