O^z,error,N,total_data
-0.2378079730138729,0.0008274928763340435,1000.0,16000.0
