O^z,error,N,total_data
-0.3682517508152762,0.003919208602881491,1000.0,1000.0
