O^z,error,N,total_data
-0.20633190833524528,0.0006942805925461222,1000.0,20000.0
