O^z,error,N,total_data
-0.15145018799969057,0.0004716691316913689,1000.0,32000.0
