O^z,error,N,total_data
-0.1822583104998258,0.0006063627473287686,1000.0,24000.0
