O^z,error,N,total_data
-0.2863797198822147,0.0010249872734807855,1000.0,12000.0
