O^z,error,N,total_data
-0.16557154268580004,0.0005292660082954832,1000.0,28000.0
