ZL,error,N
0.025130322502057236,0.01071644806285156,1000.0
