ZL,error,N
-0.04122378482222584,0.010110953493318812,1000.0
