ZL,error,N
0.07257088437230823,0.01103618020891626,1000.0
