ZL,error,N
-0.13363848127706818,0.008331164446541799,1000.0
