ZL,error,N
0.03134068858180221,0.0012573300082257242,9962.0
