ZL,error,N
0.03116170140156876,0.001812532781238887,4981.0
