ZL,error,N
-0.0006889607127732049,0.0014374902932998389,3000.0
