ZL,error,N
-0.0003513831448752545,0.0011182987115482222,5000.0
