ZL,error,N
-0.0011787302143271682,0.000794699981707478,10000.0
