ZL,error,N
0.021209789096368947,0.0011247756539179963,9986.0
