ZL,error,N
0.009327017476864779,0.0009638440941675691,9999.0
