ZL,error,N
0.00896282578832745,0.0013694823707758753,4999.0
