ZL,error,N
0.021267389696153237,0.0020812159783048143,3000.0
