ZL,error,N
0.022747496820253933,0.0015860440778759897,4997.0
