ZL,error,N
0.009291935141250186,0.0010729689657888377,7999.0
