ZL,error,N
0.030453802807158984,0.002372045457123814,2991.0
