ZL,error,N
-0.0009408661343127379,0.0008870185160500131,8000.0
