ZL,error,N
0.031055715983944875,0.0014225494787632543,7968.0
