ZL,error,N
0.02142676812243505,0.001254746910767036,7991.0
