ZL,error,N
0.007790492521426933,0.001775325780037495,2999.0
