ZL,error,N
0.027048314693866274,0.0017820301968075132,3000.0
