ZL,error,N
0.001655498139864047,0.004509689138004249,499.0
