ZL,error,N
-0.000588899255423346,0.0016725544251536587,3000.0
