ZL,error,N
0.005982564927084661,0.0009163930098070298,10000.0
