ZL,error,N
-0.0011977286051455672,0.0009080093955446396,10000.0
