ZL,error,N
-0.0013865736511634384,0.0009070380902976903,10000.0
