ZL,error,N
-0.0022079059907444145,0.0008967231432110502,10000.0
