ZL,error,N
-0.0011527298190948422,0.0016635201810300823,3000.0
