ZL,error,N
-0.0006316934130297739,0.0010116049993105674,8000.0
