ZL,error,N
-0.002277679103268233,0.0008977290407988918,10000.0
