ZL,error,N
-0.0010608843626889971,0.001279604561574488,5000.0
