ZL,error,N
0.02791632214418117,0.0010770886613053914,8000.0
