ZL,error,N
0.00678508353607063,0.0016907148898497788,3000.0
