ZL,error,N
0.005239965611631277,0.004631214145719987,499.0
