ZL,error,N
0.02864605224975098,0.0013640528489467399,5000.0
