ZL,error,N
0.01242656196662718,0.0033638475959055308,1000.0
