ZL,error,N
-0.0015003416566957135,0.000999291894211406,8000.0
