ZL,error,N
8.621568659492069e-05,0.001289259965546646,5000.0
