ZL,error,N
0.006787132757131627,0.0013112856749283078,5000.0
