ZL,error,N
-0.002804320272638045,0.000900250719768279,10000.0
