ZL,error,N
0.0063928534681761675,0.0010223897353613817,8000.0
