ZL,error,N
0.028017748535599067,0.0009598664717213253,10000.0
