ZL,error,N
0.1655362372414208,0.0037340025956837408,1000.0
