ZL,error,N
0.18485858277976527,0.002557255522120037,1000.0
