ZL,error,N
0.17348126467541186,0.003527961723589691,1000.0
