ZL,error,N
0.18021747583586897,0.002971918678393316,1000.0
