ZL,error,N
0.17246867318244935,0.0033291549279202536,1000.0
