ZL,error,N
0.1614987493526366,0.004101668106559013,1000.0
