ZL,error,N
0.1628981274218785,0.004000907328110178,1000.0
