ZL,error,N
0.009775821256036505,0.004571714738874862,1000.0
