ZL,error,N
0.008390307398457404,0.004585681537913102,1000.0
