ZL,error,N
0.004429615638101012,0.00468386115490154,1000.0
