ZL,error,N
-0.0005128353265645505,0.00469107238055616,1000.0
