ZL,error,N
-0.22419479179019114,0.000583041386085629,10000.0
