ZL,error,N
-0.24248709553661055,0.0007718160005758897,10000.0
