ZL,error,N
-0.22404815627583838,0.003506028081727295,1000.0
