ZL,error,N
-0.19292065724769616,0.0005068633415568615,10000.0
