ZL,error,N
-0.22264223248377343,0.0018737045749366093,1000.0
