ZL,error,N
-0.22799073494178607,0.001103254095681543,10000.0
