ZL,error,N
-0.23874199578688782,0.000645523930878067,10000.0
