ZL,error,N
-0.23515869895361416,0.0028356588706243686,1000.0
