ZL,error,N
-0.13100761973494762,0.0003897258265154556,10000.0
