ZL,error,N
-0.2377053134552916,0.0009406334305159979,10000.0
