ZL,error,N
-0.13021403164023046,0.0012394048853309001,1000.0
