ZL,error,N
-0.2430217552446162,0.0023878362252103113,1000.0
