ZL,error,N
-0.18967080044219406,0.0016007673091322395,1000.0
