ZL,error,N
-0.23554590612280898,0.0019960697246988687,1000.0
