ZL,error,N
0.11324729283526531,0.0027545670610220657,1000.0
