ZL,error,N
0.21806494614712332,0.0029882717850433444,1000.0
