ZL,error,N
-0.07432320793340587,0.0015057701463343034,1000.0
