ZL,error,N
-0.013286491044339016,0.002230246729205521,1000.0
