ZL,error,N
0.05312741495553547,0.002660317042110854,1000.0
