ZL,error,N
0.16578057562933263,0.0030308782369637727,1000.0
