ZL,error,N
-0.11112818807097033,0.0008160137569215707,1000.0
