O^z,error,N,total_data
-6.6271441088416475e-06,1.0617677939118116e-06,1.0,12.0
