O^z,error,N,total_data
0.00045528332088580237,0.00022847209980785536,1.0,32.0
