O^z,error,N,total_data
7.787775459032908e-05,8.70418391208053e-05,1.0,24.0
