O^z,error,N,total_data
5.205708188415937e-07,4.682344972095073e-07,1.0,16.0
