O^z,error,N,total_data
0.0003057430261959819,0.00024550595067339637,1.0,28.0
