O^z,error,N,total_data
-0.0001626393379253061,9.097933673051298e-05,1.0,20.0
