O^z,error,N,total_data
-0.12889595916632648,0.005518219396192271,1000.0,1000.0
