O^z,error,N,total_data
-0.010989566208066917,0.00029186172982236555,999.0,31968.0
