O^z,error,N,total_data
-0.043368293120530414,0.0007789809672824776,1000.0,16000.0
