O^z,error,N,total_data
-0.019418565301358166,0.00044207813721143567,1000.0,24000.0
