ZL,error,N
-0.018421806151981725,0.0009608750574013404,10000.0
