ZL,error,N
-0.01769785371925785,0.0008675211602175436,10000.0
