O^z,error,N,total_data
-0.42877975391260165,0.002566696195934427,1000.0,1000.0
