O^z,error,N,total_data
-0.18707099022769383,0.0003428705048007936,1000.0,32000.0
