O^z,error,N,total_data
-0.20286109813912853,0.0003734877939359811,1000.0,28000.0
