O^z,error,N,total_data
-0.3370639666938351,0.0007147202312796219,1000.0,12000.0
