O^z,error,N,total_data
-0.28527088038474646,0.0005747389606769929,1000.0,16000.0
