O^z,error,N,total_data
-0.2506715714912187,0.0004789057053301393,1000.0,20000.0
