O^z,error,N,total_data
-0.222073486213651,0.00042148220403738805,1000.0,24000.0
