O^z,error,N,total_data
-0.011994149695539401,0.0003213981479936617,1000.0,32000.0
