O^z,error,N,total_data
-0.02210262248415437,0.00044226498010920424,1000.0,24000.0
