O^z,error,N,total_data
-0.04838354820412832,0.0008132018821830487,1000.0,16000.0
