O^z,error,N,total_data
-0.1388177421177296,0.0054277740220500135,1000.0,1000.0
