ZL,error,N
0.0035981498116707954,0.0042940439613096005,1000.0
