ZL,error,N
-0.035000252713952705,0.004514760624031437,1000.0
