ZL,error,N
-0.07011060750199462,0.004567348132284471,1000.0
