ZL,error,N
0.07138662788256925,0.0035729683980894374,1000.0
