ZL,error,N
-0.022440341191279925,0.004336994187112219,1000.0
