ZL,error,N
0.030696677766970992,0.0038856963338552808,1000.0
