ZL,error,N
-0.056741054498132444,0.00452738078460482,1000.0
