O^z,error,N,total_data
-0.05511886259570257,0.00047959765228905893,1000.0,12000.0
