O^z,error,N,total_data
-0.1234056453990296,0.0021887839133217513,1000.0,1000.0
