ZL,error,N
-0.17504987941851372,0.0008163373766396808,8000.0
