ZL,error,N
-0.14701961249785708,0.0018876777338386658,1000.0
