ZL,error,N
-0.17533003857616303,0.0013311028517213348,3000.0
