ZL,error,N
-0.18549475267636525,0.0028486764169105266,1000.0
