ZL,error,N
-0.1753072244029565,0.0010320025013873585,5000.0
