ZL,error,N
-0.11481993228280939,0.00364263856740391,3000.0
