ZL,error,N
-0.1840079628490244,0.0023537239972108623,3000.0
