ZL,error,N
-0.1845495071299038,0.0012827838256835374,10000.0
