ZL,error,N
-0.15999706504074424,0.0030307720369716043,3000.0
