ZL,error,N
-0.17421337145865587,0.0014816077990372053,10000.0
