ZL,error,N
-0.18837840913082005,0.002009857421121227,3000.0
