ZL,error,N
-0.18842140057441892,0.00109127643956766,10000.0
