ZL,error,N
-0.18752467867738895,0.000905602358789652,10000.0
