ZL,error,N
-0.09007558839924701,0.002032497154364207,1000.0
