ZL,error,N
-0.09007239497411462,0.0009232004627984277,5000.0
