ZL,error,N
-0.09041647972507041,0.0007221401508278229,8000.0
