ZL,error,N
-0.12931674863644407,0.003448604676783142,3000.0
