ZL,error,N
-0.14559360226861887,0.000899406311036387,5000.0
