ZL,error,N
-0.1407893939734976,0.0032439467361531546,3000.0
