ZL,error,N
-0.16695145388451144,0.004628858797554965,1000.0
