ZL,error,N
-0.17248653947061285,0.0023413002435563697,1000.0
