ZL,error,N
-0.18228414518808556,0.004034026656758699,1000.0
