ZL,error,N
-0.18803074853265833,0.0016453777172373172,3000.0
