ZL,error,N
-0.17225367242262057,0.002698401351444804,3000.0
