ZL,error,N
-0.1846526453153789,0.0034914897500879704,1000.0
