ZL,error,N
-0.14644082105291628,0.0006279825651739762,10000.0
