ZL,error,N
-0.1464240291601456,0.0007068436609266403,8000.0
