ZL,error,N
-0.09101908198383112,0.0006441385794398423,10000.0
