ZL,error,N
-0.1749078166641892,0.0007337944837661102,10000.0
