O^z,error,N,total_data
-0.00014316424769484918,0.000132872611279413,842.0,67360.0
