O^z,error,N,total_data
-0.0005711356975206364,0.00018958744616827736,430.0,27520.0
