O^z,error,N,total_data
-0.001372723852098714,0.00033101721075307853,468.0,22464.0
