ZL,error,N
-0.11496867665438538,0.003962989514062839,1000.0
