ZL,error,N
-0.1647813386277794,0.0029453062586456964,1000.0
