ZL,error,N
-0.14167951543557514,0.0034301744999204703,1000.0
