ZL,error,N
-0.1273965357792741,0.0011405621443758276,1000.0
