ZL,error,N
-0.18756480705434453,0.001902549163209155,1000.0
