ZL,error,N
-0.18100832820669097,0.00233288731832453,1000.0
