O^z,error,N,total_data
-0.16734471655026226,0.0010214114293432578,1000.0,12000.0
