O^z,error,N,total_data
-0.08731403729030814,0.0006165657785577056,1000.0,20000.0
