O^z,error,N,total_data
-0.06380961639071842,0.0004728148158556184,1000.0,24000.0
