O^z,error,N,total_data
-0.2539827604730457,0.003942614694797655,1000.0,1000.0
