O^z,error,N,total_data
-0.04872993020150062,0.0003853210033257651,1000.0,28000.0
