O^z,error,N,total_data
-0.03836256342325305,0.00032257118856568614,1000.0,32000.0
