O^z,error,N,total_data
-0.11725433525134832,0.000769376388110604,1000.0,16000.0
