ZL,error,N
-0.08899010689907323,0.0017845305618329763,1000.0
