ZL,error,N
0.09742314437605264,0.0052261048102033155,1000.0
