ZL,error,N
0.13937160051005182,0.005466050412791837,1000.0
