ZL,error,N
-0.039069822048648825,0.0037848351264983004,1000.0
