ZL,error,N
0.006134294104179946,0.004465843454446936,1000.0
