ZL,error,N
0.05119549815896205,0.004798840937162398,1000.0
