ZL,error,N
-0.07837420701356759,0.002785771111729917,1000.0
