O^z,error,N,total_data
-0.0813653675229165,0.001005255053227247,1000.0,16000.0
