O^z,error,N,total_data
-0.02568961756945518,0.00042439884485453235,1000.0,32000.0
