O^z,error,N,total_data
-0.19042034962941776,0.005858564561071471,1000.0,1000.0
