O^z,error,N,total_data
-0.04514438299007939,0.0005957739158952844,1000.0,24000.0
