ZL,error,N
0.2180220440043726,0.001966097880720307,1000.0
