ZL,error,N
0.19685389405533898,0.005528525407603977,1000.0
