ZL,error,N
0.213372758805576,0.003392641752888773,1000.0
