ZL,error,N
0.1965260268188736,0.005132241561508666,1000.0
