ZL,error,N
0.21049614729587204,0.004386219744162426,1000.0
