ZL,error,N
0.20601081370081575,0.004036945573239023,1000.0
