ZL,error,N
0.22162173929707535,0.002647345892286389,1000.0
