ZL,error,N
0.05501609112871549,0.0032625361516842905,1000.0
