ZL,error,N
-0.0377379456048329,0.004572881873515458,1000.0
