ZL,error,N
-0.12045083534297267,0.005607504371261382,1000.0
