ZL,error,N
0.10160540140517661,0.002492033247618739,1000.0
