ZL,error,N
-0.15237289003513793,0.006190149335426391,1000.0
