ZL,error,N
0.007239617847474636,0.004092286808128738,1000.0
