ZL,error,N
-0.07535636641902146,0.005014102611658696,1000.0
