ZL,error,N
0.15402571784723748,0.004250176980697226,1000.0
