ZL,error,N
0.15469142155704263,0.0039534140871614505,1000.0
