ZL,error,N
0.1642423782872367,0.003534400878856693,1000.0
