ZL,error,N
0.14610612241203083,0.004474009851940882,1000.0
