ZL,error,N
0.17463751126386756,0.0030986276103051563,1000.0
