ZL,error,N
0.16008427443508189,0.003763462154422124,1000.0
