ZL,error,N
0.18372310676804623,0.002612590819774081,1000.0
