ZL,error,N
-0.17897854336468336,0.003346431825490171,1000.0
