ZL,error,N
-0.16033731070468282,0.0024433121150034764,1000.0
