ZL,error,N
-0.17402314313380077,0.004372149881391687,1000.0
