ZL,error,N
-0.12757903562961112,0.002370972942807731,1000.0
