ZL,error,N
-0.17373737764580022,0.002918880048645921,1000.0
