ZL,error,N
-0.07058921418410098,0.002456976087423351,1000.0
