ZL,error,N
-0.1813593281785832,0.0038936178492642404,1000.0
