O^z,error,N,total_data
-0.1950728627821584,0.0005211495996421422,1000.0,24000.0
