O^z,error,N,total_data
-0.3870054352144046,0.0036616367153582525,1000.0,1000.0
