O^z,error,N,total_data
-0.2533903020253808,0.000742909233704791,1000.0,16000.0
