O^z,error,N,total_data
-0.21941629382092195,0.0006213604529560579,1000.0,20000.0
