O^z,error,N,total_data
-0.1771618847691659,0.0004499924848102955,1000.0,28000.0
