O^z,error,N,total_data
-0.3049353507206101,0.0009324095276466263,1000.0,12000.0
