O^z,error,N,total_data
-0.163510039400691,0.0004125897608152562,1000.0,32000.0
