ZL,error,N
0.03536810160573561,0.005754982386689302,473.0
