ZL,error,N
0.028816420428722404,0.0054109228997108105,480.0
