ZL,error,N
0.026485282735163616,0.004371277957441286,924.0
