ZL,error,N
0.00716489704695766,0.0011941363972197447,5000.0
