ZL,error,N
0.04412938696183738,0.0017666403738616232,3000.0
