ZL,error,N
0.04490225784398893,0.0010714828705222776,8000.0
