ZL,error,N
0.012087049435502204,0.001562428795290069,3000.0
