ZL,error,N
0.006849408691530545,0.0009347907134253554,8000.0
