ZL,error,N
0.044626494025981706,0.0009579701289922356,10000.0
