ZL,error,N
0.010891227041696743,0.0009558118605483844,8000.0
