ZL,error,N
0.04583804108325266,0.00136375509216315,5000.0
