ZL,error,N
0.021704078829427296,0.0008953787807925777,10000.0
