ZL,error,N
0.008426700498193761,0.0015380240970042291,3000.0
