ZL,error,N
0.006659953455825243,0.0008344887952680428,10000.0
