ZL,error,N
0.02143622483736113,0.0016343355561198314,3000.0
