ZL,error,N
0.010987199556317431,0.0008535736986878914,10000.0
