ZL,error,N
0.021634991538582168,0.0010027125257070393,8000.0
