ZL,error,N
0.021913231739555936,0.0012674520208105313,5000.0
