ZL,error,N
0.011529531595423779,0.0012146031380330844,5000.0
