O^z,error,N,total_data
-0.09543428397734313,0.0004551322736400009,1000.0,36000.0
