O^z,error,N,total_data
-0.07758495826124469,0.0003757502713161872,1000.0,44000.0
