O^z,error,N,total_data
-0.08735582066655403,0.0004102655564388647,1000.0,40000.0
