O^z,error,N,total_data
-0.07316299310919036,0.00034611772686367684,1000.0,48000.0
