O^z,error,N,total_data
-0.049004462466598495,0.000356013324007368,500.0,32000.0
