O^z,error,N,total_data
-0.06971688328381564,0.0004888618018547556,500.0,24000.0
