O^z,error,N,total_data
-0.04021205250689687,0.00020195094062215078,1000.0,80000.0
