ZL,error,N
-0.19487152536847255,0.004693578616154342,1000.0
