ZL,error,N
-0.09077196933077467,0.0034904019533898065,1000.0
