ZL,error,N
0.03853776463382992,0.002004975569710327,1000.0
