ZL,error,N
-0.2852121277135876,0.005419248578707727,1000.0
