ZL,error,N
-0.14463134444329626,0.004163643945014828,1000.0
