ZL,error,N
-0.025922966975617637,0.002789993449164745,1000.0
