ZL,error,N
-0.2472651938606574,0.005148156449154526,1000.0
