O^z,error,N,total_data
-0.025208881833414604,0.00028216096018266303,2999.0,83972.0
