O^z,error,N,total_data
-0.033280865759623385,0.00032763900954038444,2998.0,71952.0
