O^z,error,N,total_data
-0.16866438996804423,0.003412959385190972,3000.0,3000.0
