O^z,error,N,total_data
-0.04532089732615714,0.00042474060554285024,3000.0,60000.0
