O^z,error,N,total_data
-0.06526450018389038,0.0005636593748740722,3000.0,48000.0
