O^z,error,N,total_data
-0.10025684980779827,0.0008049552481677951,3000.0,36000.0
