O^z,error,N,total_data
-0.019196871740490312,0.00023434737145261035,2996.0,95872.0
