ZL,error,N
-4.2919512467869444e-05,0.0025978485073002164,1000.0
