ZL,error,N
0.000772675644683845,0.0025848914446187045,1000.0
