ZL,error,N
0.007369329929556914,0.002552317044409939,1000.0
