ZL,error,N
0.02451565859759656,0.0028056320559578457,1000.0
