ZL,error,N
0.0410017711449821,0.007473870300543633,997.0
