ZL,error,N
0.09093776948168945,0.007951777897887565,995.0
