ZL,error,N
0.10886969799614495,0.00833273229048865,992.0
