ZL,error,N
0.11107318840426675,0.008887239833470803,981.0
