O^z,error,N,total_data
-0.16491253370932685,0.0004531250341596115,1000.0,32000.0
