O^z,error,N,total_data
-0.21919722216258894,0.0006603529287253529,1000.0,20000.0
