O^z,error,N,total_data
-0.18041351761517407,0.000497683909578576,1000.0,28000.0
