O^z,error,N,total_data
-0.30086625394057154,0.0009509602888290296,1000.0,12000.0
