O^z,error,N,total_data
-0.19626090813788669,0.0005659916137493625,1000.0,24000.0
