O^z,error,N,total_data
-0.38021822096803665,0.0034845204293830374,1000.0,1000.0
