O^z,error,N,total_data
-0.251568823119773,0.0007755179102364136,1000.0,16000.0
