ZL,error,N
-0.009169106572567193,0.004025946188261864,1000.0
