ZL,error,N
0.17623819186698905,0.0055229117375212656,1000.0
