ZL,error,N
-0.07872697355830632,0.0019873627510001053,1000.0
