ZL,error,N
0.08938285375631395,0.004949318630859328,1000.0
