ZL,error,N
0.13787896869886662,0.005298659494937327,1000.0
