ZL,error,N
-0.05720508098311677,0.003073703224498977,1000.0
