ZL,error,N
0.04233781163047799,0.0047159865188262555,1000.0
