O^z,error,N,total_data
-0.31922439614439274,0.015989894494437978,1.0,16.0
