O^z,error,N,total_data
-0.16899280262895258,0.006414614931312515,1.0,48.0
