O^z,error,N,total_data
-0.2544719442366454,0.0104724521966194,1.0,24.0
