O^z,error,N,total_data
-0.17109472483216887,0.0030953039582654563,1.0,128.0
