O^z,error,N,total_data
-0.3815433197411968,0.021506038046752475,1.0,12.0
