O^z,error,N,total_data
-0.1451250909699183,0.0049822433485465275,1.0,64.0
