O^z,error,N,total_data
-0.21403231306595788,0.010619677767724647,1.0,32.0
