O^z,error,N,total_data
-0.23295109510216264,0.012078116870117728,1.0,28.0
