O^z,error,N,total_data
-0.2828214130063257,0.01351968392333017,1.0,20.0
