O^z,error,N,total_data
-0.19896531705618395,0.0010576893722089957,1000.0,12000.0
