O^z,error,N,total_data
-0.09178328248637217,0.0005592723166171052,1000.0,24000.0
