O^z,error,N,total_data
-0.1489644296745126,0.0008379771692373355,1000.0,16000.0
