O^z,error,N,total_data
-0.2829323410755241,0.003998679194464821,1000.0,1000.0
