O^z,error,N,total_data
-0.07482718191481072,0.00048076743476901235,1000.0,28000.0
