O^z,error,N,total_data
-0.06095905927769145,0.0004154096477332239,1000.0,32000.0
