O^z,error,N,total_data
-0.11509457686990576,0.0006877498723791297,1000.0,20000.0
