ZL,error,N
0.006588578470077735,0.0007376990761229136,10000.0
