ZL,error,N
0.007997114210132026,0.0010605568421412238,5000.0
