ZL,error,N
0.03021976584521745,0.0009653573680979297,8000.0
