ZL,error,N
0.0031391375482146037,0.0007169729042921255,9996.0
