ZL,error,N
0.007308281224644848,0.0008220693987872469,8000.0
