ZL,error,N
0.0307814015293691,0.001234094885735629,5000.0
