ZL,error,N
0.003622598025476763,0.0013223667655240094,2999.0
