ZL,error,N
0.0032634027333588497,0.001019215990258107,4999.0
