ZL,error,N
0.007231762908423119,0.0013623788517083465,3000.0
