ZL,error,N
0.0034177323072805215,0.0007999330177791491,7997.0
