ZL,error,N
0.01352509186965102,0.0010888001062948015,5000.0
