ZL,error,N
0.030148464874994903,0.0008658395414017883,10000.0
