ZL,error,N
0.013452542068751391,0.0014026856303817666,3000.0
