ZL,error,N
0.013105540657815102,0.0007655314671299113,10000.0
