ZL,error,N
0.029480135399226233,0.0015981560774990453,3000.0
