ZL,error,N
0.013701682261576148,0.000857522788049443,8000.0
