ZL,error,N
0.11409424450295287,0.004667195759065452,1000.0
