ZL,error,N
0.23190999973100965,0.004788820138782318,1000.0
