ZL,error,N
0.049968952689450036,0.004129584088374026,1000.0
