ZL,error,N
-0.06965267201402528,0.0019599266893505413,1000.0
