ZL,error,N
-0.0200882430979564,0.00327059149486739,1000.0
