ZL,error,N
0.17454236620112462,0.004748908398558304,1000.0
