ZL,error,N
0.2782611162602371,0.004851905993867207,1000.0
