O^z,error,N,total_data
-0.2498914747493336,0.0004706600225070618,1000.0,24000.0
