O^z,error,N,total_data
-0.2931858009001469,0.000544834763638033,1000.0,16000.0
