O^z,error,N,total_data
-0.22577563144550855,0.00044349057784376497,1000.0,32000.0
