O^z,error,N,total_data
-0.23287668602754943,0.0004639753467773546,1000.0,28000.0
