O^z,error,N,total_data
-0.26596931827396775,0.0005058450782033411,1000.0,20000.0
