O^z,error,N,total_data
-0.40403235094686407,0.0018061810980984218,1000.0,1000.0
