O^z,error,N,total_data
-0.3323098066866658,0.0006002439580782438,1000.0,12000.0
