ZL,error,N
-0.34523461886981943,0.0007675306221176224,10000.0
