ZL,error,N
-0.2647381874931525,0.0006188899400369993,10000.0
