ZL,error,N
-0.39897868567891165,0.0030309232597655646,1000.0
