ZL,error,N
-0.3107289113749769,0.0022389441114127376,1000.0
