ZL,error,N
-0.37608009993742497,0.002669862664295498,1000.0
