ZL,error,N
-0.3435658810194342,0.0025036613862417503,1000.0
