ZL,error,N
-0.20649535813503703,0.0005329304107433996,10000.0
