ZL,error,N
-0.12437532545732033,0.00041644982133545955,10000.0
