ZL,error,N
-0.3727645486969524,0.0008720951741395537,10000.0
