ZL,error,N
-0.26524844886166393,0.0019496422949247824,1000.0
