ZL,error,N
-0.30889516875512224,0.0006800090261060253,10000.0
