ZL,error,N
-0.12440179359704387,0.0013111166554968052,1000.0
