ZL,error,N
-0.39667074840547756,0.0010007741291847918,10000.0
