ZL,error,N
-0.20201150910544077,0.001716014465683725,1000.0
