ZL,error,N
-0.09232077760110566,0.004612449163335661,1000.0
