ZL,error,N
-0.08164796954837776,0.004996895680869542,1000.0
