ZL,error,N
-0.09956982405018622,0.004259840808886083,1000.0
