ZL,error,N
-0.09089168283493179,0.004646401903211935,1000.0
