ZL,error,N
0.007416509707941726,0.003629626950413672,1000.0
