ZL,error,N
-0.11942493089246389,0.004270924487912002,1000.0
