ZL,error,N
-0.15360124446639517,0.0045309009817482695,1000.0
