ZL,error,N
-0.18995837510533226,0.004553539814481093,1000.0
