ZL,error,N
-0.08105882345443804,0.004260885961659868,1000.0
