ZL,error,N
-0.03916697097196902,0.0040823637558940655,1000.0
