ZL,error,N
0.059267175986899845,0.003137331601846517,1000.0
