O^z,error,N,total_data
-0.1004114103438618,0.0003558076881216483,8000.0,128000.0
