O^z,error,N,total_data
-0.10049082972518357,0.00045128060674207637,5000.0,80000.0
