O^z,error,N,total_data
-0.22025997535145897,0.003298606851092288,3000.0,3000.0
