O^z,error,N,total_data
-0.0585130915621034,0.0003626283762494341,3000.0,72000.0
