O^z,error,N,total_data
-0.0588397070287232,0.0002828447381727072,5000.0,120000.0
