O^z,error,N,total_data
-0.03755148537081188,0.0002545829786518141,3000.0,96000.0
