O^z,error,N,total_data
-0.03772132359183346,0.0001983300408529273,5000.0,160000.0
