O^z,error,N,total_data
-0.10067616557399649,0.0005834977138044364,3000.0,48000.0
