O^z,error,N,total_data
-0.10046061109068428,0.00031894845821982043,10000.0,160000.0
