O^z,error,N,total_data
-0.04690124778038631,0.00016462527663361072,10000.0,280000.0
