O^z,error,N,total_data
-0.2181394284379825,0.0025413795560836013,5000.0,5000.0
