O^z,error,N,total_data
-0.03821281922931402,0.0001396699541002528,10000.0,320000.0
