O^z,error,N,total_data
-0.21513494540343367,0.0020200892447941694,8000.0,8000.0
