O^z,error,N,total_data
-0.05929966219149951,0.00022370244532888045,8000.0,192000.0
