O^z,error,N,total_data
-0.059564088301672924,0.00019966972109388908,10000.0,240000.0
