O^z,error,N,total_data
-0.0379161173225452,0.00015588609096446813,8000.0,256000.0
