O^z,error,N,total_data
-0.21502462890737792,0.0018102255360351387,10000.0,10000.0
