ZL,error,N
-0.25729628160542384,0.004549592193355792,1000.0
