ZL,error,N
-0.10034065133326103,0.0036239759513841474,1000.0
