ZL,error,N
0.03017350414611696,0.002381781193813112,1000.0
