ZL,error,N
-0.2128092046909305,0.00407599069323464,1000.0
