ZL,error,N
-0.29652403636425495,0.004807863535408634,1000.0
