ZL,error,N
-0.15932888084506877,0.00402845200774462,1000.0
