ZL,error,N
-0.034760679450901034,0.003100282784130402,1000.0
