O^z,error,N,total_data
-0.17975875516913123,0.00042400056177808077,1000.0,32000.0
