O^z,error,N,total_data
-0.23080754365803308,0.0006130810425023717,1000.0,20000.0
