O^z,error,N,total_data
-0.20877387019504642,0.0005351046156481197,1000.0,24000.0
