O^z,error,N,total_data
-0.19261350076245032,0.0004675480398142106,1000.0,28000.0
