O^z,error,N,total_data
-0.3945701293037091,0.0033765829493928395,1000.0,1000.0
