O^z,error,N,total_data
-0.2638314616949693,0.0007198486564857653,1000.0,16000.0
