O^z,error,N,total_data
-0.31105714526170514,0.0008972036825828297,1000.0,12000.0
