O^z,error,N,total_data
-0.20519204477592926,0.003754006385176121,1000.0,1000.0
