O^z,error,N,total_data
-0.12136445542348855,0.000909321223839565,1000.0,12000.0
