O^z,error,N,total_data
-0.016220023719321214,0.0001972095687342323,1000.0,32000.0
