O^z,error,N,total_data
-0.07608034088368892,0.0006267632852645296,1000.0,16000.0
