O^z,error,N,total_data
-0.02337877758508122,0.0002557113358751384,1000.0,28000.0
