O^z,error,N,total_data
-0.033408136286031814,0.00033426740796633207,1000.0,24000.0
