O^z,error,N,total_data
-0.049871846128235045,0.00045854767742825353,1000.0,20000.0
