ZL,error,N
0.13371528360871357,0.0044302740946034515,1000.0
