ZL,error,N
0.14790151107976832,0.0037808238827697093,1000.0
