ZL,error,N
0.1595971461740559,0.003506744209176809,1000.0
