ZL,error,N
0.16427262152648578,0.003117035935856823,1000.0
