ZL,error,N
0.17609948471744824,0.002754993447631283,1000.0
