ZL,error,N
0.1400090024253266,0.004255611404780517,1000.0
