ZL,error,N
0.14573272138981772,0.004001177841140574,1000.0
