ZL,error,N
0.07840843912176813,0.008138223902269705,999.0
