ZL,error,N
0.051456808101999575,0.008097796706049827,1000.0
