ZL,error,N
-0.08911234615685336,0.007533295602803173,1000.0
