ZL,error,N
0.019286025055040904,0.007908960061358307,1000.0
