ZL,error,N
-0.0176461488142259,0.008031807640553227,1000.0
