ZL,error,N
0.06810787455241339,0.00881415882224359,995.0
