ZL,error,N
0.013552535269524851,0.003484762236933564,968.0
