ZL,error,N
0.011194748131153022,0.001455910600170544,3000.0
