ZL,error,N
0.0074388993204968145,0.0008443963980426058,7998.0
