ZL,error,N
0.005701656784826072,0.0008209920914392743,9980.0
