ZL,error,N
0.006889890045996932,0.0011639066214043392,4991.0
