ZL,error,N
0.004225526661711128,0.0014146344069006609,2995.0
