ZL,error,N
0.007819573840598015,0.0010784827133588557,4998.0
