ZL,error,N
0.012892265665706002,0.0007970170745113607,10000.0
