ZL,error,N
0.012460333896943936,0.0011311564255082412,5000.0
