ZL,error,N
0.012826680448458631,0.0008920278481495867,8000.0
