ZL,error,N
0.006024890032819022,0.0009181887942435201,7985.0
