ZL,error,N
0.0029602380855684313,0.004786325123355465,494.0
