ZL,error,N
0.004046450876699109,0.0008594287604975547,7990.0
