ZL,error,N
0.00653381011204884,0.001504235843952813,2995.0
