ZL,error,N
0.007109106220913168,0.001384463680825899,2999.0
