ZL,error,N
0.01574996011703515,0.004515392579098584,498.0
