ZL,error,N
0.004176048394047139,0.0007717087843311056,9989.0
