ZL,error,N
0.0038581746163126075,0.0010947477622578591,4993.0
