ZL,error,N
0.007222997113606823,0.0007543284558653499,9998.0
