ZL,error,N
-0.29619556031952976,0.0033887997099940953,1000.0
