ZL,error,N
-0.26221486718775566,0.0023826360238683297,1000.0
