ZL,error,N
-0.3064210114976889,0.00366055668171649,1000.0
