ZL,error,N
-0.11589196613122657,0.001424929245907193,1000.0
