ZL,error,N
-0.18576819830005842,0.0017732518426970979,1000.0
