ZL,error,N
-0.2345277582921955,0.0019787882699465395,1000.0
