ZL,error,N
-0.2876592169769983,0.0027075206142354847,1000.0
