O^z,error,N,total_data
-0.05307557119390521,0.00022178595797308156,1000.0,80000.0
