O^z,error,N,total_data
-0.09076365160447668,0.0003833089255560004,1000.0,44000.0
