O^z,error,N,total_data
-0.08504866929253664,0.0003623342324870511,1000.0,48000.0
