O^z,error,N,total_data
-0.09966720718037562,0.00041864037511639293,1000.0,40000.0
