O^z,error,N,total_data
-0.08177826142304552,0.0005072231467456304,500.0,24000.0
