O^z,error,N,total_data
-0.06537738729276031,0.0003814597111039219,500.0,32000.0
