O^z,error,N,total_data
-0.10720632064655396,0.00046074718634746064,1000.0,36000.0
