O^z,error,N,total_data
0.0003153517341419892,0.0002723206566606709,1.0,28.0
