O^z,error,N,total_data
-1.4704072299138776e-05,1.8074689656991967e-06,1.0,12.0
