O^z,error,N,total_data
9.694150547596286e-05,0.000114879710340843,1.0,24.0
