O^z,error,N,total_data
6.344740941086768e-07,7.573280207720171e-07,1.0,16.0
