O^z,error,N,total_data
-0.0001553804020043592,8.967641386767422e-05,1.0,20.0
