O^z,error,N,total_data
0.0006887216928583564,0.0002812443093181937,1.0,32.0
