O^z,error,N,total_data
-0.332798940768006,0.0048410850130067,1.0,28.0
