O^z,error,N,total_data
-0.3399402915572185,0.005303619378045114,1.0,24.0
