O^z,error,N,total_data
-0.37858237413935425,0.008589324384013013,1.0,16.0
