O^z,error,N,total_data
-0.4117550866723076,0.011323228012136925,1.0,12.0
