O^z,error,N,total_data
-0.3568241852336361,0.00664098989043683,1.0,20.0
