O^z,error,N,total_data
-0.326959138998544,0.0058342558407370295,1.0,32.0
