O^z,error,N,total_data
-0.3184651836633234,0.00042281356000472615,1000.0,24000.0
