O^z,error,N,total_data
-0.3800889332972357,0.0005183525565463429,1000.0,12000.0
