O^z,error,N,total_data
-0.34837334904864553,0.00046504020981424644,1000.0,16000.0
