O^z,error,N,total_data
-0.30444174548256436,0.00039287751389927364,1000.0,32000.0
