O^z,error,N,total_data
-0.310247503293644,0.0004012917034298024,1000.0,28000.0
