O^z,error,N,total_data
-0.4450751869130685,0.0016830681496871407,1000.0,1000.0
