O^z,error,N,total_data
-0.33108414252724516,0.0004290472069514162,1000.0,20000.0
