ZL,error,N
0.17196418670435656,0.002207069577465311,1000.0
