ZL,error,N
0.09468943782105965,0.004898131408176559,1000.0
