ZL,error,N
0.15176926407405025,0.003167572031618843,1000.0
