ZL,error,N
0.07879820138091333,0.005651249796460331,1000.0
