ZL,error,N
0.12077307484764825,0.004102037993060849,1000.0
