ZL,error,N
0.0309555616909889,0.007267957804885413,1000.0
