ZL,error,N
0.0497771555168708,0.006569897281992389,1000.0
