O^z,error,N,total_data
-0.2046192343224125,0.005682617906440802,1000.0,1000.0
