O^z,error,N,total_data
-0.05255392217605462,0.0006324358558826109,1000.0,24000.0
