O^z,error,N,total_data
-0.03365946670315783,0.00043139785180077106,1000.0,32000.0
