O^z,error,N,total_data
-0.09335163874086969,0.0010194251292757052,1000.0,16000.0
