O^z,error,N,total_data
-0.42410141375718036,0.0027682199529447202,1000.0,1000.0
