O^z,error,N,total_data
-0.22108848288652155,0.0004013632722076684,1000.0,32000.0
