O^z,error,N,total_data
-0.3401398672317308,0.0007494985623295698,1000.0,12000.0
