O^z,error,N,total_data
-0.29513856845272435,0.0006227500484138691,1000.0,16000.0
