O^z,error,N,total_data
-0.23099396064856675,0.0004353748583253061,1000.0,28000.0
