O^z,error,N,total_data
-0.24582951965072475,0.0004747264051287197,1000.0,24000.0
