O^z,error,N,total_data
-0.2664472350626105,0.0005376234550678195,1000.0,20000.0
