O^z,error,N,total_data
-0.383991693972151,0.0028454722312685377,1000.0,1000.0
