O^z,error,N,total_data
-0.18655044388492345,0.0005111889315550014,1000.0,32000.0
