O^z,error,N,total_data
-0.30776839251642674,0.000816093878998509,1000.0,12000.0
