O^z,error,N,total_data
-0.23694419658169058,0.0006373607926162181,1000.0,20000.0
