O^z,error,N,total_data
-0.23823905272332685,0.00036908833130505354,3000.0,60000.0
