O^z,error,N,total_data
-0.16854109584585605,0.00045080274079438773,1000.0,40000.0
