O^z,error,N,total_data
-0.21493626379243932,0.0005849468051553511,1000.0,24000.0
