O^z,error,N,total_data
-0.10438556774240589,0.0005842564850789916,200.0,25600.0
