O^z,error,N,total_data
-0.2650270104221335,0.0007200979322886682,1000.0,16000.0
