O^z,error,N,total_data
-0.17975348885106146,0.0004824662482897628,1000.0,36000.0
