O^z,error,N,total_data
-0.20275864877367053,0.0003129232396335565,3000.0,84000.0
