O^z,error,N,total_data
-0.18900742849884689,0.0002948102748351821,3000.0,96000.0
