O^z,error,N,total_data
-0.17134638183864342,0.00026263213448884124,3000.0,120000.0
