O^z,error,N,total_data
-0.1651794595862101,0.00025049721091418686,3000.0,132000.0
