O^z,error,N,total_data
-0.26592026472758185,0.00041254214935098965,3000.0,48000.0
