O^z,error,N,total_data
-0.23774389722235112,0.00020256086138318303,10000.0,200000.0
