O^z,error,N,total_data
-0.16409732609684163,0.00042757581674411605,1000.0,44000.0
