O^z,error,N,total_data
-0.20124965179184007,0.0005382304117591863,1000.0,28000.0
