O^z,error,N,total_data
-0.12269968179781718,0.0003254751903455815,1000.0,80000.0
