O^z,error,N,total_data
-0.18012112608701691,0.00028008475565074114,3000.0,108000.0
