O^z,error,N,total_data
-0.2178835802954927,0.00018380282100718455,10000.0,240000.0
