O^z,error,N,total_data
-0.1390396636698369,0.0003623187173669894,1000.0,64000.0
