O^z,error,N,total_data
-0.20266247476981028,0.00017047267288543904,10000.0,280000.0
