O^z,error,N,total_data
-0.21728379216993784,0.0003387004338406023,3000.0,72000.0
