O^z,error,N,total_data
-0.09883438332441138,0.0002560809300120365,1000.0,128000.0
