O^z,error,N,total_data
-0.18966931749196372,0.00016067238236273733,10000.0,320000.0
