O^z,error,N,total_data
-0.15926064073926835,0.0004139973743969287,1000.0,48000.0
