O^z,error,N,total_data
-0.16058472726365888,0.00024188478027269692,3000.0,144000.0
