ZL,error,N
0.17294318742392162,0.0032176175830053388,1000.0
