ZL,error,N
0.11496533573745817,0.0051620944497032485,1000.0
