ZL,error,N
0.11995447915232182,0.004884018010902176,1000.0
