ZL,error,N
0.18446437637307153,0.002626330678085975,1000.0
