ZL,error,N
0.1570380057138659,0.003797319384077432,1000.0
