ZL,error,N
0.1333073192880046,0.004571638805001371,1000.0
