ZL,error,N
0.14528863086497754,0.004225533225711126,1000.0
