O^z,error,N,total_data
-0.38301813200154194,0.0011174082565083437,10000.0,10000.0
