O^z,error,N,total_data
-0.19561953664160867,0.00016636024612992466,10000.0,240000.0
