O^z,error,N,total_data
-0.30368651753873505,0.0009394739639164117,1000.0,12000.0
