O^z,error,N,total_data
-0.1633497527033753,0.0004078257042872498,1000.0,32000.0
