O^z,error,N,total_data
-0.3878640893110622,0.0035830934675987513,1000.0,1000.0
