O^z,error,N,total_data
-0.2200372860037439,0.00019271108999123533,10000.0,200000.0
