O^z,error,N,total_data
-0.16243391291113818,0.0001301920464968822,10000.0,320000.0
