O^z,error,N,total_data
-0.2529287996422098,0.0007365216105255006,1000.0,16000.0
