O^z,error,N,total_data
-0.17593414243800254,0.000461763125816663,1000.0,28000.0
