O^z,error,N,total_data
-0.17729149649950418,0.0001452052423036064,10000.0,280000.0
