O^z,error,N,total_data
-0.25318314530441444,0.00023455973806418438,10000.0,160000.0
