O^z,error,N,total_data
-0.3031628309781093,0.0002946042049594093,10000.0,120000.0
