O^z,error,N,total_data
-0.19392522944964133,0.0005238306512025446,1000.0,24000.0
