O^z,error,N,total_data
-0.21959982225875935,0.0006127390062179267,1000.0,20000.0
