O^z,error,N,total_data
-0.2394564078690333,0.00043365301709377235,1000.0,32000.0
