O^z,error,N,total_data
-0.2577718200539044,0.0005092878768145463,1000.0,24000.0
