O^z,error,N,total_data
-0.2753798094834255,0.000552661017400668,1000.0,20000.0
