O^z,error,N,total_data
-0.29851377030391696,0.0006318839401282738,1000.0,16000.0
