O^z,error,N,total_data
-0.3397404124623147,0.0007487935400028717,1000.0,12000.0
