O^z,error,N,total_data
-0.4196900248466043,0.002715490736410573,1000.0,1000.0
