O^z,error,N,total_data
-0.2453705191434086,0.0004677499045974327,1000.0,28000.0
