O^z,error,N,total_data
-0.30561275448952113,0.0005420618115036398,3000.0,36000.0
