O^z,error,N,total_data
-0.17725434941626536,0.0002643500990147983,3000.0,96000.0
