O^z,error,N,total_data
-0.39049305986813654,0.002045839776998228,3000.0,3000.0
