O^z,error,N,total_data
-0.19153045313792055,0.00028858893105084677,3000.0,84000.0
