O^z,error,N,total_data
-0.22930575954083263,0.00037126487826562266,3000.0,60000.0
