O^z,error,N,total_data
-0.2586023365255086,0.0004377083991271657,3000.0,48000.0
