O^z,error,N,total_data
-0.20743486587210294,0.000325674817574121,3000.0,72000.0
