ZL,error,N
0.014489912053809652,0.000845730232980115,8000.0
