ZL,error,N
0.0338937428745019,0.0015566523910853318,3000.0
