ZL,error,N
0.014978914255430874,0.0010646853386568017,5000.0
