ZL,error,N
0.00985494293047855,0.0013022266199658075,3000.0
