ZL,error,N
0.033941250466776714,0.0012094060764993146,5000.0
