ZL,error,N
0.01476604071789992,0.0013809617862986683,3000.0
