ZL,error,N
0.033068627156999646,0.0009476812736005097,8000.0
