ZL,error,N
0.005404243024024704,0.0009819013420229448,4997.0
