ZL,error,N
0.005071201267939473,0.0012755927673980395,2998.0
