ZL,error,N
0.008877017688499605,0.00101656802262244,5000.0
