ZL,error,N
0.008932538540689289,0.0008038916814238328,7999.0
