ZL,error,N
0.005267426264729016,0.0006946545553087834,9993.0
