ZL,error,N
0.03298378397242356,0.000850410807621271,10000.0
