ZL,error,N
0.00915520729572124,0.000721311397865373,9999.0
