ZL,error,N
0.00544494150552719,0.000775455551319234,7995.0
