ZL,error,N
0.01455035979989339,0.0007565812383785919,9999.0
