O^z,error,N,total_data
-0.36956260908853783,0.0038664540369680958,1000.0,1000.0
