O^z,error,N,total_data
-0.2376720925207092,0.0008200487265181952,1000.0,16000.0
