O^z,error,N,total_data
-0.18370028624063875,0.000587057386650475,1000.0,24000.0
