O^z,error,N,total_data
-0.1503410282709753,0.00048605189352072246,1000.0,32000.0
