O^z,error,N,total_data
-0.2044780693602281,0.0006995824091306575,1000.0,20000.0
