O^z,error,N,total_data
-0.28709897159459885,0.0010337300485334803,1000.0,12000.0
