O^z,error,N,total_data
-0.16424093120472721,0.0005291473812038054,1000.0,28000.0
