ZL,error,N
-0.19557520103780504,0.0015813941303056151,3000.0
