ZL,error,N
-0.17772755844642954,0.0007245244361285762,10000.0
