ZL,error,N
-0.1443745261610587,0.0006508100128191035,10000.0
