ZL,error,N
-0.1971521087384406,0.001420173592735384,10000.0
