ZL,error,N
-0.08584320888648705,0.000679291291225997,10000.0
