ZL,error,N
-0.15248762466426283,0.003604708706922274,3000.0
