ZL,error,N
-0.20339547092234073,0.0022505603554557377,3000.0
