ZL,error,N
-0.17319399075918845,0.0031525773795192846,3000.0
