ZL,error,N
-0.2023248679542343,0.00122454733850257,10000.0
