ZL,error,N
-0.20219659918348812,0.0018995350366426019,3000.0
