ZL,error,N
-0.20138392219171958,0.0010392311539704439,10000.0
