ZL,error,N
-0.19556474506732685,0.0026035946212937186,3000.0
