ZL,error,N
-0.17770389912836618,0.0008064261933219305,8000.0
