ZL,error,N
-0.0848483669924525,0.0009723520922192256,5000.0
