ZL,error,N
-0.17852645628949135,0.0013150437997263465,3000.0
