ZL,error,N
-0.14423300501485148,0.0007339298008002933,8000.0
