ZL,error,N
-0.16504963903464348,0.0033478361821101237,3000.0
