ZL,error,N
-0.1947045536566275,0.0008683856896678251,10000.0
