ZL,error,N
-0.08537347189950775,0.0007597316209142492,8000.0
