ZL,error,N
-0.14327068082579614,0.000937199929724713,5000.0
