ZL,error,N
-0.17844759803105645,0.0010168393503340713,5000.0
