ZL,error,N
-0.1869872961740126,0.0029240443133631538,3000.0
