O^z,error,N,total_data
-0.2471496872786851,0.000766467900225243,1000.0,16000.0
