O^z,error,N,total_data
-0.15900146580119556,0.00042490444134766,1000.0,32000.0
