O^z,error,N,total_data
-0.298436751140528,0.0009483459480228396,1000.0,12000.0
