O^z,error,N,total_data
-0.19017132544896476,0.000545956796209634,1000.0,24000.0
