O^z,error,N,total_data
-0.3804981221988604,0.0038564971442501027,1000.0,1000.0
