O^z,error,N,total_data
-0.17274163298259074,0.000480709089106515,1000.0,28000.0
