O^z,error,N,total_data
-0.215785847207529,0.0006449042785089385,1000.0,20000.0
