ZL,error,N
-0.022549174471063402,0.0037300934049242073,1000.0
