ZL,error,N
-0.10953321026002144,0.002084960397866374,1000.0
