ZL,error,N
0.13038860141766648,0.004520105456569705,1000.0
