ZL,error,N
0.027822155373417534,0.004060722203897944,1000.0
