ZL,error,N
0.08212615055078222,0.00438935132807211,1000.0
