ZL,error,N
-0.07432800656057843,0.0030979727899487644,1000.0
