ZL,error,N
-0.11617783045929195,0.0010859705002323698,1000.0
