O^z,error,N,total_data
-0.06985803300307583,0.0003401850719325824,8000.0,128000.0
