O^z,error,N,total_data
-0.036887807860944984,0.0001833868099766842,10000.0,240000.0
