O^z,error,N,total_data
-0.07040160293740091,0.0005511893698153899,3000.0,48000.0
