O^z,error,N,total_data
-0.07022237895590455,0.0004286546118709038,5000.0,80000.0
