O^z,error,N,total_data
-0.0368958896391243,0.0002045177679894248,8000.0,192000.0
