O^z,error,N,total_data
-0.02168023893966857,0.00022030147241769362,3000.0,96000.0
