O^z,error,N,total_data
-0.17173177501381579,0.0018490228611747891,10000.0,10000.0
