O^z,error,N,total_data
-0.17157693049009654,0.0020768580044705394,8000.0,8000.0
