O^z,error,N,total_data
-0.02075038599561358,0.00013502000076488955,7998.0,255936.0
