O^z,error,N,total_data
-0.17542140848096616,0.0026199585800111983,5000.0,5000.0
