O^z,error,N,total_data
-0.1773830142652432,0.003385892627686176,3000.0,3000.0
