O^z,error,N,total_data
-0.03728207013515343,0.00025842132915164767,5000.0,120000.0
