O^z,error,N,total_data
-0.0210190977719235,0.00017319130479037144,4999.0,159968.0
