O^z,error,N,total_data
-0.06967482681218569,0.00030502614588894314,10000.0,160000.0
