O^z,error,N,total_data
-0.038057939246342994,0.00033253175136271516,3000.0,72000.0
