O^z,error,N,total_data
-0.02089116658598327,0.00012187119495694662,9998.0,319936.0
