ZL,error,N
0.021186648224291456,0.0009089747038030698,8000.0
