ZL,error,N
0.05417103873133989,0.00103813336915296,8000.0
