ZL,error,N
0.05391664759659112,0.0009304792000620573,10000.0
