ZL,error,N
0.03025022025502778,0.0009735357530235378,8000.0
