ZL,error,N
0.015731217360899104,0.001116789190080962,5000.0
