ZL,error,N
0.022039416408656323,0.0011423497195983197,5000.0
