ZL,error,N
0.014610966011055548,0.0014361534291278265,3000.0
