ZL,error,N
0.032361180489815296,0.0016109191688017017,3000.0
