ZL,error,N
0.032083299602485425,0.0012330667724977694,5000.0
