ZL,error,N
0.015624019565906916,0.0008817339082418556,8000.0
