ZL,error,N
0.023635459818838328,0.001489978589844004,3000.0
