ZL,error,N
0.03037199829079986,0.0008657101811944325,10000.0
