ZL,error,N
0.05721488734115111,0.0017044566916775067,3000.0
