ZL,error,N
0.015226172253886476,0.0007909072723968041,9999.0
