ZL,error,N
0.05555810475646307,0.0013180586398042404,5000.0
