ZL,error,N
0.021276812353168317,0.0008162910143888778,10000.0
