O^z,error,N,total_data
-0.06325661960160668,0.0019222098411737054,1000.0,1000.0
