O^z,error,N,total_data
-0.00791112785944023,0.00015479852884975974,1000.0,16000.0
