O^z,error,N,total_data
-0.022123695733731474,0.0003372479399155008,1000.0,12000.0
