O^z,error,N,total_data
-0.003026353966495288,6.948734500567059e-05,1000.0,20000.0
