O^z,error,N,total_data
-0.00040296745513771214,2.2580489885140548e-05,1000.0,28000.0
