O^z,error,N,total_data
-0.000998005443510725,2.845967496640835e-05,1000.0,24000.0
