O^z,error,N,total_data
-0.00015275403888463245,6.1469540291830885e-06,1000.0,32000.0
