O^z,error,N,total_data
-0.07907016517658048,0.0006299313840083543,1000.0,20000.0
