O^z,error,N,total_data
-0.2411930971490594,0.004364245860892559,1000.0,1000.0
