O^z,error,N,total_data
-0.047753995540248055,0.00041047578182214553,1000.0,28000.0
