O^z,error,N,total_data
-0.03834998534272381,0.00034895697550182053,1000.0,32000.0
