O^z,error,N,total_data
-0.15831269411398446,0.0010892713634499662,1000.0,12000.0
