O^z,error,N,total_data
-0.1111397484215749,0.0008103497367847718,1000.0,16000.0
