O^z,error,N,total_data
-0.06121305308700429,0.0005036919983062295,1000.0,24000.0
