O^z,error,N,total_data
-0.0008995520356329516,0.0002561436220524806,460.0,22080.0
