O^z,error,N,total_data
-0.0004212144636194898,0.00011578513613721919,856.0,68480.0
