O^z,error,N,total_data
-0.00037479146747185693,0.0002056368769295612,428.0,27392.0
