ZL,error,N
-0.08823800339134481,0.004963818397239385,1000.0
