ZL,error,N
-0.11082804801249745,0.004546383517431467,1000.0
