ZL,error,N
-0.07862609899477203,0.0022961584952081488,1000.0
