ZL,error,N
-0.12029837874872687,0.0023025028272410254,1000.0
