ZL,error,N
-0.1339367555919529,0.002773488753756414,1000.0
