ZL,error,N
-0.12658193012695707,0.003924365138912446,1000.0
