ZL,error,N
-0.1358891442097013,0.0033135833659792713,1000.0
