ZL,error,N
0.08045510955917091,0.004109297168765744,1000.0
