ZL,error,N
0.048952489848450596,0.004455840292221207,1000.0
