ZL,error,N
0.03188528408317398,0.00480462366837045,1000.0
