ZL,error,N
0.04079812992678406,0.0046565404788953685,1000.0
