ZL,error,N
0.06539343829803944,0.004275655455137796,1000.0
