ZL,error,N
0.0994775607280613,0.003737106854768914,1000.0
