ZL,error,N
0.12317681238693591,0.0032364631264861898,1000.0
