ZL,error,N
0.03853110217409176,0.004218481524109548,1000.0
