ZL,error,N
-0.035933317780953454,0.005645456967516551,1000.0
