ZL,error,N
0.12266948727056838,0.002325096435989962,1000.0
