ZL,error,N
0.08471824090871845,0.0032949564440863045,1000.0
