ZL,error,N
-0.0017366850632114647,0.005035471359403809,1000.0
