ZL,error,N
-0.10249280035302923,0.007134470458172669,1000.0
