ZL,error,N
-0.07438685091200503,0.006441085846584182,1000.0
