ZL,error,N
0.2524245461364639,0.0014127872709906438,1000.0
