ZL,error,N
0.2719559900570507,0.0018174101069932359,1000.0
