ZL,error,N
0.31273609735074587,0.0024578839911236525,1000.0
