ZL,error,N
0.3233944884040076,0.002366362080879215,1000.0
