ZL,error,N
0.2856501530882012,0.002038590927809523,1000.0
