ZL,error,N
0.3369638444183677,0.002641533143604458,1000.0
