ZL,error,N
0.30136569485893755,0.002226451009563338,1000.0
