O^z,error,N,total_data
-0.19526191691088796,0.00040408787875828464,1000.0,32000.0
