O^z,error,N,total_data
-0.324090871046045,0.0008395652201992974,1000.0,12000.0
