O^z,error,N,total_data
-0.24590066538271294,0.0005696838368189783,1000.0,20000.0
