O^z,error,N,total_data
-0.20705313035852185,0.00044872894491321843,1000.0,28000.0
