O^z,error,N,total_data
-0.2769059683285876,0.0006694717200864111,1000.0,16000.0
