O^z,error,N,total_data
-0.22299953020316743,0.0005064532434497813,1000.0,24000.0
