O^z,error,N,total_data
-0.4089962558842108,0.003078333970720322,1000.0,1000.0
