O^z,error,N,total_data
-0.1436071892774998,0.0018555699983782148,10000.0,10000.0
