O^z,error,N,total_data
-0.14631944440495767,0.0026142661317986792,5000.0,5000.0
