O^z,error,N,total_data
-0.052689568888416353,0.0003224365065122873,7999.0,127984.0
