O^z,error,N,total_data
-0.052484117293060524,0.00041241737882587854,5000.0,80000.0
