O^z,error,N,total_data
-0.05250360008570741,0.0002887629048104617,9997.0,159952.0
