O^z,error,N,total_data
-0.024417716490108998,0.00024066803567374153,4997.0,119928.0
