O^z,error,N,total_data
-0.1485600069899392,0.0033851050408113047,3000.0,3000.0
