O^z,error,N,total_data
-0.05258703436094194,0.000525575577414797,3000.0,48000.0
