O^z,error,N,total_data
-0.024542702749739312,0.00019023329701739635,7992.0,191808.0
