O^z,error,N,total_data
-0.14284983970192322,0.0020741091261058777,8000.0,8000.0
