O^z,error,N,total_data
-0.01359437384988344,0.00016547775271668372,4990.0,159680.0
