O^z,error,N,total_data
-0.02439394478899115,0.00016938172068451364,9990.0,239760.0
