O^z,error,N,total_data
-0.013277877826485408,0.00011804712681978725,9972.0,319104.0
