O^z,error,N,total_data
-0.014023824203923932,0.00021488367693863215,2996.0,95872.0
