O^z,error,N,total_data
-0.013407479142962054,0.0001316929107974049,7981.0,255392.0
