O^z,error,N,total_data
-0.024510772496167538,0.0003151772580752383,2998.0,71952.0
