O^z,error,N,total_data
-0.006775009996999854,8.835014942154555e-05,1000.0,32000.0
