O^z,error,N,total_data
-0.05794154116897621,0.00033423100194960236,1000.0,16000.0
