O^z,error,N,total_data
-0.03153607797833558,0.00023573637042506636,1000.0,20000.0
