O^z,error,N,total_data
-0.1066402001510255,0.00045560112868114243,1000.0,12000.0
