O^z,error,N,total_data
-0.017184488134803694,0.00014448107835449766,1000.0,24000.0
