O^z,error,N,total_data
-0.2084547825264842,0.001849465323583958,1000.0,1000.0
