O^z,error,N,total_data
-0.010620750240855601,0.0001065281319686797,1000.0,28000.0
