O^z,error,N,total_data
-0.02829720221529178,0.0004233979287804476,1000.0,32000.0
