O^z,error,N,total_data
-0.003857801303448036,0.00011661826552177282,998.0,79840.0
