O^z,error,N,total_data
-0.006394822277872904,0.00021301939209955514,500.0,32000.0
