O^z,error,N,total_data
-0.19098425502043725,0.005852878841321027,1000.0,1000.0
