O^z,error,N,total_data
-0.0465153057820571,0.0005770137009567265,1000.0,24000.0
