O^z,error,N,total_data
-0.08598045312485492,0.0009700761486799092,1000.0,16000.0
