O^z,error,N,total_data
-0.011900971099427308,0.0003262177216402187,500.0,24000.0
