ZL,error,N
0.014819155308814808,0.0007919276919635933,10000.0
