ZL,error,N
0.020711558954945135,0.0009163427394846475,8000.0
