ZL,error,N
0.055355253341357526,0.001313716579242611,5000.0
