ZL,error,N
0.01640034252782132,0.0014242717154008208,3000.0
