ZL,error,N
0.0537703925982942,0.0009300943934452268,10000.0
