ZL,error,N
0.05394628082175673,0.0010360102826304722,8000.0
