ZL,error,N
0.03133228943401992,0.0008673442623157487,10000.0
