ZL,error,N
0.031351642629423714,0.0009693636332722707,8000.0
