ZL,error,N
0.015836652699871844,0.0011112657392259183,5000.0
