ZL,error,N
0.014873327687083144,0.0008840134789223886,8000.0
