ZL,error,N
0.02092937582659265,0.0008233740428087046,10000.0
