ZL,error,N
0.033525343370493836,0.001566102754942533,3000.0
