ZL,error,N
0.02105785135728968,0.001167330813280084,5000.0
