ZL,error,N
0.022921596333497267,0.0015035339133649883,3000.0
