ZL,error,N
0.031847340363558754,0.001219876805626356,5000.0
