ZL,error,N
0.056155776312644984,0.001689747167112609,3000.0
