ZL,error,N
0.14208913100034928,0.00981728660153002,1000.0
