ZL,error,N
-0.02277915735015188,0.008388319835788277,1000.0
