ZL,error,N
0.19038303298947593,0.009921423456729032,1000.0
