ZL,error,N
0.08226838104801967,0.00959829169463951,1000.0
