ZL,error,N
0.0027720599377769896,0.0032650411387856225,1000.0
