ZL,error,N
-0.004990281077972321,0.003234373293046706,1000.0
