ZL,error,N
-0.006750027775517857,0.00293647083511331,1000.0
