ZL,error,N
0.004635969554027267,0.0028213544237002263,1000.0
