ZL,error,N
0.26067988261514385,0.0014301438897701463,1000.0
