ZL,error,N
0.3413821484083185,0.0029146220192449905,1000.0
