ZL,error,N
0.3081103769083156,0.0023809098545270013,1000.0
