ZL,error,N
0.29575265837449727,0.0021467272550970196,1000.0
