ZL,error,N
0.2817278705262367,0.0017671190979418043,1000.0
