ZL,error,N
0.32460702430444155,0.0024981481742456027,1000.0
