ZL,error,N
0.33271474943556817,0.002818898901139061,1000.0
