ZL,error,N
0.3051445178104385,0.0013502473913069482,10000.0
