ZL,error,N
0.2919232103690858,0.003979527373116364,1000.0
