ZL,error,N
0.270662616568659,0.0008404487175532445,10000.0
