ZL,error,N
0.2597287516621235,0.0006819663592285156,10000.0
