ZL,error,N
0.24597795020344307,0.0015215326202188293,1000.0
