ZL,error,N
0.2646078312767873,0.002050516657368837,1000.0
