ZL,error,N
0.27499036029672486,0.003186924609076422,1000.0
