ZL,error,N
0.26963700646382555,0.0027528742437876565,1000.0
