ZL,error,N
0.2890510016018822,0.0035717380423335708,1000.0
