ZL,error,N
0.30299659064284057,0.0042818391982518715,1000.0
