ZL,error,N
0.2964271340503181,0.001234168092720824,10000.0
