ZL,error,N
0.2467480893681285,0.0004812776538788395,10000.0
