ZL,error,N
0.2822623336493864,0.0009861753522265038,10000.0
