ZL,error,N
0.28915200471417085,0.0011185404075492865,10000.0
