O^z,error,N,total_data
-0.16209784936319463,0.00031605504637279,3000.0,84000.0
