O^z,error,N,total_data
-0.1475760792259955,0.00016171718738368127,10000.0,320000.0
