O^z,error,N,total_data
-0.23516446544685896,0.0004371432762468308,3000.0,48000.0
