O^z,error,N,total_data
-0.20294333381731205,0.00038431907755770786,3000.0,60000.0
