O^z,error,N,total_data
-0.1361707287605583,0.0002773826049624302,3000.0,108000.0
