O^z,error,N,total_data
-0.18028183313586063,0.00035003117634804185,3000.0,72000.0
