O^z,error,N,total_data
-0.16222318069002833,0.00017385486406250566,10000.0,280000.0
