O^z,error,N,total_data
-0.1251694675066109,0.0002561070385226438,3000.0,120000.0
