O^z,error,N,total_data
-0.10887037686038625,0.00022678877983508324,3000.0,144000.0
