O^z,error,N,total_data
-0.11627822161104642,0.00024099459271053535,3000.0,132000.0
