O^z,error,N,total_data
-0.18051597086222185,0.00019102356664773537,10000.0,240000.0
