O^z,error,N,total_data
-0.28014093628411824,0.0008665315239078482,1000.0,12000.0
