O^z,error,N,total_data
-0.20375221152401898,0.00021271156382951167,10000.0,200000.0
