O^z,error,N,total_data
-0.14687245837629262,0.0002937442567664846,3000.0,96000.0
