O^z,error,N,total_data
-0.36152611100304627,0.002953477355700912,1000.0,1000.0
