O^z,error,N,total_data
-0.21644425225392738,0.00019932083843796642,10000.0,200000.0
