O^z,error,N,total_data
-0.1743950043001352,0.00014913009330491236,10000.0,280000.0
