O^z,error,N,total_data
-0.3787588255701089,0.001144453695468048,10000.0,10000.0
