O^z,error,N,total_data
-0.15998966925990135,0.00013202178598573555,10000.0,320000.0
