O^z,error,N,total_data
-0.2995107823152109,0.000301347359140144,10000.0,120000.0
