O^z,error,N,total_data
-0.24968679263620583,0.00024145862565635927,10000.0,160000.0
