O^z,error,N,total_data
-0.19232005247460085,0.00017054122978111476,10000.0,240000.0
