ZL,error,N
0.18702249751540131,0.0034334161650721954,1000.0
