ZL,error,N
0.18268030591371898,0.00393559525714749,1000.0
