ZL,error,N
0.1906845620616352,0.0028519676365884126,1000.0
