ZL,error,N
0.19525856605325626,0.002410279649358822,1000.0
