ZL,error,N
0.18655849827679963,0.00311404073396725,1000.0
