ZL,error,N
0.18608636736158626,0.003513408646404019,1000.0
