ZL,error,N
0.1855242924690584,0.0038441107130683253,1000.0
