O^z,error,N,total_data
-7.503190249427813e-06,2.0239736566936367e-06,1.0,128.0
