O^z,error,N,total_data
-0.0002267707413482211,9.65301301139663e-05,1.0,64.0
