O^z,error,N,total_data
-8.800526014003149e-05,0.0002278925551623603,1.0,32.0
