O^z,error,N,total_data
0.0006095745200386667,0.00045654706903593546,1.0,16.0
