O^z,error,N,total_data
0.0009992898894881578,9.1849785867951e-05,985.0,31520.0
