O^z,error,N,total_data
0.007366531828599999,0.00028332815596883177,995.0,15920.0
