O^z,error,N,total_data
0.0027996122329898257,0.000143114444082917,989.0,23736.0
