O^z,error,N,total_data
0.02736280693375772,0.0021610021887823803,997.0,997.0
