ZL,error,N
0.18381066598109805,0.002830692144495047,1000.0
