ZL,error,N
0.18018778158465423,0.0031239526350716924,1000.0
