ZL,error,N
0.1875449174609772,0.002522903557026522,1000.0
