ZL,error,N
0.16948989067651388,0.003943921650010404,1000.0
