ZL,error,N
0.1760513639787511,0.0034017348609524257,1000.0
