ZL,error,N
0.1738965603060608,0.0037181880999900795,1000.0
