ZL,error,N
0.17712800542889798,0.0034169907740866836,1000.0
