ZL,error,N
0.15496098091747665,0.003206707789921065,1000.0
