ZL,error,N
0.16221558448114604,0.002953869835635701,1000.0
