ZL,error,N
0.147884317898053,0.003493737367046587,1000.0
