ZL,error,N
0.14000132025439674,0.0038771065442557468,1000.0
