ZL,error,N
0.17061826548464396,0.002723709427745799,1000.0
