ZL,error,N
0.1535506458889073,0.003436827592855201,1000.0
