ZL,error,N
0.14505256651529927,0.0036601696796687874,1000.0
