O^z,error,N,total_data
-0.18864616319232388,0.0003729938828611664,1000.0,28000.0
