O^z,error,N,total_data
-0.17235899290161427,0.0003287982163269069,1000.0,32000.0
