O^z,error,N,total_data
-0.3243151230535332,0.0007778510835715169,1000.0,12000.0
