O^z,error,N,total_data
-0.2353794523757032,0.0005073407481098464,1000.0,20000.0
