O^z,error,N,total_data
-0.3128254778031857,0.00046108521560600676,1000.0,20000.0
