O^z,error,N,total_data
-0.33775451129128903,0.000503588790446468,1000.0,16000.0
