O^z,error,N,total_data
-0.2747164161839028,0.0003853284836959375,1000.0,32000.0
