O^z,error,N,total_data
-0.4589649692379859,0.0019566740412459596,1000.0,1000.0
