O^z,error,N,total_data
-0.37661924310398937,0.0005991839991750203,1000.0,12000.0
