O^z,error,N,total_data
-0.28425709328939314,0.0003977975602673138,1000.0,28000.0
