O^z,error,N,total_data
-0.29426934129557697,0.00042719985361913064,1000.0,24000.0
