O^z,error,N,total_data
-0.2749981816109824,0.004178726415565273,1000.0,1000.0
