O^z,error,N,total_data
-0.08565253316084531,0.0005574232948817084,1000.0,24000.0
