O^z,error,N,total_data
-0.1415069235184416,0.0008396053164313923,1000.0,16000.0
