O^z,error,N,total_data
-0.05738070814419988,0.00040625523503110423,1000.0,32000.0
