O^z,error,N,total_data
-0.07002164049316915,0.00047118985589671283,1000.0,28000.0
