O^z,error,N,total_data
-0.1099057148220323,0.0006799113160415926,1000.0,20000.0
