O^z,error,N,total_data
-0.1906613192336369,0.0010896256625617749,1000.0,12000.0
