O^z,error,N,total_data
-0.003881848535851016,8.597854956050708e-05,1000.0,16000.0
