O^z,error,N,total_data
-0.0003966115397144721,1.5531350916051386e-05,1000.0,24000.0
