O^z,error,N,total_data
-0.04466986980270763,0.0013064735423546862,1000.0,1000.0
