O^z,error,N,total_data
-4.545837010445614e-05,4.008890912623584e-06,1000.0,32000.0
