O^z,error,N,total_data
-0.00016607359210763566,1.0063831910277052e-05,1000.0,28000.0
