O^z,error,N,total_data
-0.012602495545601005,0.0002064545332983954,1000.0,12000.0
