O^z,error,N,total_data
-0.0011812344212002786,3.675626307622171e-05,1000.0,20000.0
