ZL,error,N
-0.0699341879811132,0.0050433006202468865,1000.0
