ZL,error,N
-0.12107100404289922,0.00288232492163597,1000.0
