ZL,error,N
-0.09269224515454398,0.004552938508976723,1000.0
