ZL,error,N
-0.10824983488411752,0.003993504223480097,1000.0
