ZL,error,N
-0.07260618034479462,0.002498056923946172,1000.0
