ZL,error,N
-0.11115912086123984,0.0024259699906775617,1000.0
