ZL,error,N
-0.11894324120253606,0.003503140991872087,1000.0
