ZL,error,N
-0.09086368752575064,0.001954684128736382,1000.0
