ZL,error,N
-0.038543593706908,0.004987170327595575,1000.0
