ZL,error,N
-0.005572354770126959,0.005403718284803766,1000.0
