ZL,error,N
-0.0952143953395718,0.0038156909087720407,1000.0
