ZL,error,N
-0.11198799974057137,0.003035829933237933,1000.0
