ZL,error,N
-0.11698014244415285,0.0022377932429501774,1000.0
