ZL,error,N
-0.06974010431855959,0.0044969174328003065,1000.0
