O^z,error,N,total_data
-0.2168358350974905,0.00041811935041825214,1000.0,24000.0
