O^z,error,N,total_data
-0.2826055290179291,0.0005767072687718631,1000.0,16000.0
