O^z,error,N,total_data
-0.3386918453937555,0.0006933777423984622,1000.0,12000.0
