O^z,error,N,total_data
-0.245841552389589,0.0004715756194772163,1000.0,20000.0
