O^z,error,N,total_data
-0.19591602909007166,0.00034926476842781287,1000.0,28000.0
