O^z,error,N,total_data
-0.4347546493955123,0.0025909656306009124,1000.0,1000.0
