O^z,error,N,total_data
-0.17805434374036722,0.0003110683769721666,1000.0,32000.0
