O^z,error,N,total_data
-0.07935275829599432,0.0004565682092900288,1000.0,28000.0
