O^z,error,N,total_data
-0.09912274666361313,0.0005450895049654173,1000.0,24000.0
