O^z,error,N,total_data
-0.20910810608785732,0.0009752666976818826,1000.0,12000.0
