O^z,error,N,total_data
-0.12391050971551838,0.0006549294865100423,1000.0,20000.0
