O^z,error,N,total_data
-0.1588104760110781,0.0007908021667818143,1000.0,16000.0
