O^z,error,N,total_data
-0.29753680219569906,0.0036011168600822486,1000.0,1000.0
