O^z,error,N,total_data
-0.06536662535876402,0.00039980084161842205,1000.0,32000.0
