ZL,error,N
-0.37785344741759774,0.006625122487675095,500.0
