ZL,error,N
-0.3029579623914554,0.006730729607837544,500.0
