ZL,error,N
-0.44870535759546193,0.00442809825994561,1000.0
