O^z,error,N,total_data
-0.3219434232974773,0.0007912012093907766,1000.0,12000.0
