O^z,error,N,total_data
-0.17468818251929427,0.0003219398198272633,1000.0,28000.0
