O^z,error,N,total_data
-0.1966774136597399,0.00037363376232261834,1000.0,24000.0
