O^z,error,N,total_data
-0.1584478621733117,0.0002824145197102267,1000.0,32000.0
