O^z,error,N,total_data
-0.41954414818454183,0.0031104884858642458,1000.0,1000.0
