O^z,error,N,total_data
-0.22484299406147282,0.0004535610455228575,1000.0,20000.0
