O^z,error,N,total_data
-0.26605883629496446,0.0005625507723826735,1000.0,16000.0
