O^z,error,N,total_data
-0.021194960236411948,0.0001932735656925944,1000.0,20000.0
