O^z,error,N,total_data
-0.04097170970414042,0.00028352763933635566,1000.0,16000.0
