O^z,error,N,total_data
-0.08243591807582484,0.00041079518766925577,1000.0,12000.0
