O^z,error,N,total_data
-0.1729961839699041,0.001719462252548472,1000.0,1000.0
