O^z,error,N,total_data
-0.011420928180732226,0.0001168947474301647,1000.0,24000.0
