O^z,error,N,total_data
-0.003878345127764298,6.406329713455821e-05,1000.0,32000.0
