O^z,error,N,total_data
-0.006817934490591393,9.30710330015655e-05,1000.0,28000.0
