ZL,error,N
-0.13768776085896253,0.0006984174185527074,8000.0
