ZL,error,N
-0.11138348799475986,0.0004539416174191254,10000.0
