ZL,error,N
-0.032011298932062164,0.0047603056912998015,1000.0
