ZL,error,N
-0.10062016623808936,0.003656974715483935,1000.0
