ZL,error,N
-0.13608849481542212,0.0019168427391241397,1000.0
