ZL,error,N
-0.1302695374530452,0.0012945553843880097,5000.0
