ZL,error,N
-0.11116094117163791,0.0006324678720319958,5000.0
