ZL,error,N
-0.12720120829412404,0.002865229477342198,1000.0
