ZL,error,N
-0.0022104207958666407,0.002943456584095976,3000.0
