ZL,error,N
-0.07299397891769717,0.004269388500127422,1000.0
