ZL,error,N
-0.0757283221723679,0.0024776593211588956,3000.0
