ZL,error,N
-0.1303471156714352,0.0009116529342209425,10000.0
