ZL,error,N
-0.038293579185721474,0.002769092640847627,3000.0
