ZL,error,N
-0.11110951491725268,0.0005067838077571583,8000.0
