ZL,error,N
-0.13697825105132538,0.0006241858600723342,10000.0
