ZL,error,N
-0.13765312656932252,0.0008861802152267881,5000.0
