ZL,error,N
-0.11084004879393004,0.001405734893112853,1000.0
