ZL,error,N
-0.13092698504407826,0.0010187044796826615,8000.0
