ZL,error,N
0.005303170391437667,0.00508022203697789,1000.0
