ZL,error,N
-0.10796343618602283,0.002121631877192232,3000.0
