ZL,error,N
0.09353287767531548,0.00216293958428118,1000.0
