ZL,error,N
-0.060508391994774466,0.0004489220326746094,10000.0
