ZL,error,N
-0.006539250125605303,0.0016424419446799162,1000.0
