ZL,error,N
0.13753381950975205,0.0007723041736482143,10000.0
