ZL,error,N
-0.10574421681828562,0.0003194460230851839,10000.0
