ZL,error,N
0.04507213207783221,0.0018902995408060655,1000.0
