ZL,error,N
0.0928681767602229,0.0006852948806914106,10000.0
