ZL,error,N
-0.061774812639606366,0.0014625749219711653,1000.0
