ZL,error,N
0.13636942933233817,0.0023030419495705264,1000.0
