ZL,error,N
-0.10585724493594219,0.0010307641652434142,1000.0
