ZL,error,N
-0.11764323848115715,0.0007141972154296126,1000.0
