ZL,error,N
0.04446984477174455,0.0005977599673321342,10000.0
