ZL,error,N
-0.007767722721080047,0.0005295537041637235,10000.0
