ZL,error,N
-0.11785560497867964,0.00023095963479590332,10000.0
