ZL,error,N
0.030268785354724093,0.004383333263322323,1000.0
