ZL,error,N
-0.009576844273173221,0.0048227232719804175,1000.0
