ZL,error,N
0.10577747703027494,0.0033733316979595663,1000.0
