ZL,error,N
0.015558356138538017,0.004572351094141648,1000.0
