ZL,error,N
0.04981621606318822,0.004231563888798342,1000.0
