ZL,error,N
0.0028455013754851276,0.00467250512526854,1000.0
