ZL,error,N
0.07219086971263503,0.0038526258000026944,1000.0
