ZL,error,N
0.1706484490775531,0.002671956304164281,1000.0
