ZL,error,N
0.15059611618402366,0.0033838832919157597,1000.0
