ZL,error,N
0.1570374187097936,0.003406552355810568,1000.0
