ZL,error,N
0.16266529484906017,0.002997712660872306,1000.0
