ZL,error,N
0.157463904921291,0.0031960065328149887,1000.0
