ZL,error,N
0.14322964631563387,0.0037478877998120903,1000.0
