ZL,error,N
0.14985777916147283,0.003559478075491353,1000.0
