ZL,error,N
0.007638264063668337,0.0006930731929456901,9995.0
