ZL,error,N
0.019858724715368925,0.0007869180837206193,10000.0
