ZL,error,N
0.004367392619015335,0.000757692172687287,7993.0
