ZL,error,N
0.0035388010884382956,0.0012455085848286334,2997.0
