ZL,error,N
0.0038736381085036626,0.0006795443253695439,9990.0
