ZL,error,N
0.003981893767203873,0.0007817387172995475,7982.0
