ZL,error,N
0.009509236587737295,0.001279070660837712,3000.0
