ZL,error,N
0.009202450492842016,0.0009773023046314854,5000.0
