ZL,error,N
0.003927180235362666,0.0009760993996027256,4989.0
