ZL,error,N
0.019229672775231278,0.0014551191579126389,3000.0
