ZL,error,N
0.01933878381677346,0.0008775180443136266,8000.0
