ZL,error,N
0.004100145108195207,0.000959741815094897,4998.0
