ZL,error,N
0.008278066728885456,0.0007713349223166655,7998.0
