ZL,error,N
0.0036040661691365324,0.0012643368255638298,2999.0
