ZL,error,N
0.0035094786983330822,0.000694639348333213,9976.0
