ZL,error,N
0.019546037183330756,0.0011209766842907368,5000.0
