O^z,error,N,total_data
-0.24031974193023045,0.0060988202016862645,1.0,28.0
