O^z,error,N,total_data
-0.3735042135819186,0.01564035187249589,1.0,12.0
