O^z,error,N,total_data
-0.2588919688690441,0.006448206800485248,1.0,24.0
