O^z,error,N,total_data
-0.23469833293403217,0.0059413932572953635,1.0,32.0
