O^z,error,N,total_data
-0.3221670849011091,0.010949981493248847,1.0,16.0
