O^z,error,N,total_data
-0.2780512150441432,0.010006121525903477,1.0,20.0
