ZL,error,N
0.4829904879112088,0.001956083573378281,1000.0
