ZL,error,N
0.35802129639099756,0.0021894263630983448,1000.0
