ZL,error,N
0.16582872954708067,0.0020045411983564024,1000.0
