ZL,error,N
0.04167003659841109,0.0013873638654265334,1000.0
