ZL,error,N
0.42580043951977725,0.002056928323270216,1000.0
