ZL,error,N
0.2720295112734601,0.0021820996843544835,1000.0
