ZL,error,N
0.5296049313496964,0.0018565398154345473,1000.0
