ZL,error,N
0.008031748047536535,0.0006915180503220771,9994.0
