ZL,error,N
0.0039940846135090155,0.0007391821575863756,7991.0
