ZL,error,N
0.020025697975536536,0.0008649897589642439,8000.0
