ZL,error,N
0.00988129965125864,0.001268465319059484,3000.0
