ZL,error,N
0.01997575215824393,0.0014321700634898676,3000.0
