ZL,error,N
0.00889357775809069,0.0009742821142402549,5000.0
