ZL,error,N
0.003967287508450381,0.0006649737380079153,9989.0
