ZL,error,N
0.020261477707330496,0.0007766466088455339,10000.0
