ZL,error,N
0.004444187973641676,0.0009487835220369985,4993.0
