ZL,error,N
0.0043456605018448976,0.001235101802826561,2997.0
