ZL,error,N
0.019857218855478656,0.0011074381519852294,5000.0
