ZL,error,N
0.003221720653571457,0.0012764066387672304,2989.0
