ZL,error,N
0.002935153045955044,0.0007633588480626848,7982.0
