ZL,error,N
0.008305925336523605,0.0007714841691609909,7997.0
