ZL,error,N
0.0027022532428470874,0.0006825451243616201,9976.0
