ZL,error,N
0.002653047594280651,0.0009764436001628354,4986.0
