O^z,error,N,total_data
-0.0017469663513816568,9.161289069336684e-05,998.0,79840.0
