O^z,error,N,total_data
-0.003263680623850699,0.00014633539981865403,1000.0,64000.0
