O^z,error,N,total_data
-0.019391836105018073,0.0003480580885131799,1000.0,32000.0
