O^z,error,N,total_data
-0.007008561643680096,0.0001934262288346185,1000.0,48000.0
