O^z,error,N,total_data
-0.03407136930826058,0.0005258058771207082,1000.0,24000.0
