ZL,error,N
0.0033437881932785484,0.002797131275137488,1000.0
