ZL,error,N
0.0016002361710399265,0.0026557962074691536,1000.0
