ZL,error,N
0.018775745309541087,0.002789255489803184,1000.0
