ZL,error,N
0.0029842784116636276,0.002723411782339291,1000.0
