ZL,error,N
0.04146620133997713,0.008247287381538335,1000.0
