ZL,error,N
0.10423719184250606,0.009793072360290875,952.0
