ZL,error,N
0.0882204373387722,0.008452557124816937,1000.0
