ZL,error,N
0.10160136448865455,0.00901827005821845,996.0
