ZL,error,N
-0.019073277066224616,0.007534138596468983,1000.0
