ZL,error,N
0.0773225483160967,0.008144454424070812,1000.0
