ZL,error,N
-0.11468897363710179,0.0026948049301378763,1000.0
