ZL,error,N
-0.18590040277674752,0.003008042471987934,1000.0
