ZL,error,N
-0.3004599910562889,0.003547001597889734,1000.0
