ZL,error,N
-0.24879534574958326,0.0033149614932230067,1000.0
