ZL,error,N
-0.34825582458990584,0.003697246446238882,1000.0
