ZL,error,N
-0.034585019161406515,0.0021232382241551783,1000.0
