ZL,error,N
-0.3845553044255108,0.003933967089296876,1000.0
