O^z,error,N,total_data
-0.23714246238671027,0.00392092158497295,1000.0,1000.0
