O^z,error,N,total_data
-0.05038051618526596,0.0004088020103209828,1000.0,24000.0
