O^z,error,N,total_data
-0.038354459982244946,0.0003360078299904447,1000.0,28000.0
