O^z,error,N,total_data
-0.029543500020193337,0.0002796387667452548,1000.0,32000.0
