O^z,error,N,total_data
-0.0722539872054728,0.0005509280649223805,1000.0,20000.0
