O^z,error,N,total_data
-0.10182911527293402,0.0007216230286578344,1000.0,16000.0
