O^z,error,N,total_data
-0.1502297390656702,0.0009850584166335755,1000.0,12000.0
