O^z,error,N,total_data
-0.36034439223598663,0.005197557759536034,1.0,28.0
