O^z,error,N,total_data
-0.38909834781359626,0.006599410506158357,1.0,16.0
