O^z,error,N,total_data
-0.4116898812981648,0.00788044570906846,1.0,12.0
