O^z,error,N,total_data
-0.3642803073745194,0.006284649128881284,1.0,32.0
