O^z,error,N,total_data
-0.3724252365365902,0.006095390746690305,1.0,20.0
