O^z,error,N,total_data
-0.36883023688189565,0.00533672941937444,1.0,24.0
