ZL,error,N
-0.21232276242912593,0.0045883447239008805,1000.0
