ZL,error,N
-0.04265413404776307,0.003945603162442068,1000.0
