ZL,error,N
-0.09105624446197028,0.004307910840032816,1000.0
