ZL,error,N
-0.17150384367027688,0.0046450421012858125,1000.0
