ZL,error,N
0.007196011367784843,0.0035025817367499296,1000.0
