ZL,error,N
-0.1324173407259948,0.004391148456679746,1000.0
