ZL,error,N
0.05947657380450868,0.0029365653681626643,1000.0
