ZL,error,N
0.17232903093197877,0.00503476968786461,1000.0
