ZL,error,N
0.2040606380688977,0.0029438390688818748,1000.0
