ZL,error,N
0.18998574759549694,0.0040204053776043535,1000.0
