ZL,error,N
0.17519089420612788,0.004746792542217194,1000.0
