ZL,error,N
-0.0010552197101615613,0.004402108901454708,1000.0
