ZL,error,N
0.02422788222597329,0.00429011316009021,1000.0
