ZL,error,N
-0.061008954918699704,0.004933929040983179,1000.0
