ZL,error,N
0.05064620307519119,0.0038690084658604424,1000.0
