ZL,error,N
0.09197217043282647,0.0035092496017731485,1000.0
