ZL,error,N
-0.046735585561342705,0.004735222862347959,1000.0
