ZL,error,N
-0.020835364625974222,0.004555454331471289,1000.0
