O^z,error,N,total_data
-0.09423708576837278,0.0004978849158616644,1000.0,32000.0
