O^z,error,N,total_data
-0.10927623248359843,0.0005531875672053395,1000.0,28000.0
