O^z,error,N,total_data
-0.18231066566186552,0.0008786228536048039,1000.0,16000.0
