O^z,error,N,total_data
-0.23147984547433964,0.0010802927289831476,1000.0,12000.0
