O^z,error,N,total_data
-0.12620231490627487,0.0006250359080223418,1000.0,24000.0
