O^z,error,N,total_data
-0.15023398484173628,0.0007337308594814524,1000.0,20000.0
