O^z,error,N,total_data
-0.3188158673058997,0.003998603981534908,1000.0,1000.0
