ZL,error,N
0.031876611611963965,0.0016003505321608214,3000.0
