ZL,error,N
0.003028599275084768,0.0024062489219231547,1000.0
