ZL,error,N
0.009582792057434612,0.0025155429778354267,1000.0
