ZL,error,N
0.019108000582709048,0.0014821182984707086,3000.0
