ZL,error,N
0.057208820608827184,0.0017108543084090242,3000.0
