ZL,error,N
0.023666795085487087,0.001507080913106468,3000.0
