ZL,error,N
0.016556954601494648,0.0014360812926408572,3000.0
