ZL,error,N
0.0429923657761098,0.0016541070050633865,3000.0
