ZL,error,N
0.0007740350752552993,0.002384097646797618,1000.0
