ZL,error,N
0.028447551532882524,0.001546167555667593,3000.0
