O^z,error,N,total_data
-0.028039285687992233,0.0002298544922340057,1000.0,16000.0
