O^z,error,N,total_data
-0.0022186109834628808,4.336004722075137e-05,1000.0,32000.0
