O^z,error,N,total_data
-0.006492869621915084,9.316275642699907e-05,1000.0,24000.0
