O^z,error,N,total_data
-0.013992202855808985,0.00015833718285010554,1000.0,20000.0
