O^z,error,N,total_data
-0.0035910833624543887,6.723013139503989e-05,1000.0,28000.0
