O^z,error,N,total_data
-0.1428907066194606,0.0016031673947777506,1000.0,1000.0
