O^z,error,N,total_data
-0.06201384032702762,0.00036494991936788693,1000.0,12000.0
