O^z,error,N,total_data
-0.0007031970964696897,0.0006381193413069862,1.0,20.0
