O^z,error,N,total_data
-0.0002590077784922452,0.0003322661352749576,1.0,32.0
