O^z,error,N,total_data
-0.0054740125834788515,0.0002612619526855761,1.0,12.0
