O^z,error,N,total_data
-0.00014844258411026652,0.0003225137393200962,1.0,24.0
