O^z,error,N,total_data
0.00013753113429123217,0.0005517745837270222,1.0,28.0
