O^z,error,N,total_data
-0.0007828220810559256,0.0003396493026213545,1.0,16.0
