ZL,error,N
-0.004874806454142742,0.000919307330373334,10000.0
