ZL,error,N
-0.00565404670591235,0.0009319831678234311,10000.0
