ZL,error,N
-0.004715280203397931,0.0009195100580039179,10000.0
