ZL,error,N
-0.0007002981000591567,0.0009093269237186394,10000.0
