O^z,error,N,total_data
-0.11705631256333902,0.0032675746582825384,2998.0,2998.0
