O^z,error,N,total_data
-0.015700102353194082,0.0003039809922577289,2980.0,71520.0
