O^z,error,N,total_data
-0.036516577570152094,0.0005090516227517042,2994.0,47904.0
