O^z,error,N,total_data
-0.011053383530908886,0.0002531432444606937,2966.0,83048.0
