O^z,error,N,total_data
-0.0073703314509518955,0.00020218553076307275,2953.0,94496.0
