O^z,error,N,total_data
-0.06137173023549619,0.0007260428969168503,2996.0,35952.0
