O^z,error,N,total_data
-0.024017488073540278,0.00037991191777888374,2982.0,59640.0
