ZL,error,N
-0.20871735952535042,0.0053507600758175245,1000.0
