ZL,error,N
-0.2215221781612754,0.00462701990614296,1000.0
