ZL,error,N
-0.21842601338189319,0.0033410735099082592,2000.0
