ZL,error,N
-0.20861834376021696,0.0051905780148140054,1000.0
