ZL,error,N
-0.20956566974452803,0.003871603704164946,2000.0
