ZL,error,N
-0.2063156510026344,0.004124761091674461,2000.0
