ZL,error,N
-0.21077990136732563,0.0036574315766467274,2000.0
