ZL,error,N
-0.20417727187647983,0.005757374792248112,1000.0
