ZL,error,N
0.022708561924546643,0.009446898743763992,1000.0
