ZL,error,N
-0.07562681476899669,0.008131830957718106,1000.0
