ZL,error,N
0.07933580562653547,0.009604230038116729,1000.0
