ZL,error,N
0.126488225250387,0.00993087999676706,1000.0
