O^z,error,N,total_data
-0.002022855448595451,4.754548067394281e-05,1000.0,32000.0
