O^z,error,N,total_data
-0.12691681256873907,0.0026104520177359838,1000.0,1000.0
