O^z,error,N,total_data
-0.05767682783350623,0.0005447911200429766,1000.0,12000.0
