O^z,error,N,total_data
-0.0037846704148527884,7.552603777915544e-05,1000.0,28000.0
