O^z,error,N,total_data
-0.013384469986916153,0.00018053645599312517,1000.0,20000.0
