O^z,error,N,total_data
-0.006858938645177157,0.000100045020640015,1000.0,24000.0
