O^z,error,N,total_data
-0.02786966063374601,0.00032856322236975713,1000.0,16000.0
