ZL,error,N
0.027191537931365795,0.0017812925940366665,4999.0
