ZL,error,N
0.025640452156851,0.0012581173988394302,9994.0
