ZL,error,N
-0.002237573873969009,0.0012031587467865377,5000.0
