ZL,error,N
-0.003221429688285469,0.0015504465446238111,3000.0
