ZL,error,N
0.012269288055599865,0.001122688599426989,9998.0
