ZL,error,N
0.0010713643595586671,0.0009718180433456465,9999.0
