ZL,error,N
0.0004052172461143306,0.0017875417627753137,3000.0
