ZL,error,N
-0.0028408253560926154,0.0009472336124645178,8000.0
