ZL,error,N
0.012807097908384156,0.0012586854694574333,7998.0
