ZL,error,N
-0.0034129627729182445,0.0008460424449533928,10000.0
