ZL,error,N
0.013455212403631858,0.002055354944094339,2999.0
