ZL,error,N
0.001310017483152004,0.0013919152948679773,5000.0
