ZL,error,N
0.013940048254252794,0.0015834436318404458,4998.0
