ZL,error,N
0.025872000089891174,0.0014119494082876737,7996.0
