ZL,error,N
0.0014989964134196627,0.0010905368246955371,7999.0
