ZL,error,N
0.02630817093578627,0.0022713901173610804,3000.0
