O^z,error,N,total_data
-0.20582035576631927,0.00045099813016263786,1000.0,24000.0
