O^z,error,N,total_data
-0.23151799504981949,0.0005294566513401502,1000.0,20000.0
