O^z,error,N,total_data
-0.40137424529454807,0.0031314350978178065,1000.0,1000.0
