O^z,error,N,total_data
-0.3179414497401847,0.0008292774898604682,1000.0,12000.0
