O^z,error,N,total_data
-0.16922537695103176,0.00035821304754768223,1000.0,32000.0
