O^z,error,N,total_data
-0.26750611820254916,0.0006455832026831698,1000.0,16000.0
