O^z,error,N,total_data
-0.18652996361556623,0.0003986051408653763,1000.0,28000.0
