ZL,error,N
-0.0042503193714228645,0.0009250085029517542,10000.0
