ZL,error,N
0.003647817949030626,0.0009150561218510014,10000.0
