ZL,error,N
-0.0027914352476972474,0.001011893059043948,8000.0
