ZL,error,N
-0.003922351788403441,0.0009220527403595045,10000.0
