ZL,error,N
-0.0016049493199937843,0.0012930231413510725,5000.0
