ZL,error,N
0.024727640141838612,0.0009595346444558342,10000.0
