ZL,error,N
-0.004273203933426275,0.001034310832270083,8000.0
