ZL,error,N
-0.003366975930576654,0.0009081458544260494,10000.0
