ZL,error,N
-0.0033685793798287327,0.0009076001486632004,10000.0
