ZL,error,N
0.024441461627671225,0.001075011390605198,8000.0
