ZL,error,N
0.00372864619811713,0.001018999046384904,8000.0
