ZL,error,N
-0.004151862275782945,0.0009243317915488885,10000.0
