ZL,error,N
-0.004334022619788782,0.001312416657396878,5000.0
