ZL,error,N
-0.00469673791580739,0.0016924366136428655,3000.0
