ZL,error,N
0.0023624801387756096,0.0016590107178525066,3000.0
