ZL,error,N
0.0033401247407533205,0.00129940046238942,5000.0
