ZL,error,N
0.024705211730073433,0.001360118409735764,5000.0
