O^z,error,N,total_data
-0.22618907055979412,0.00024139009496159416,10000.0,160000.0
