O^z,error,N,total_data
-0.12352353266792014,0.00027191886461260895,3000.0,108000.0
