O^z,error,N,total_data
-0.19437579661931603,0.0002134237416045736,10000.0,200000.0
