O^z,error,N,total_data
-0.3538191304892694,0.0009601282502753931,10000.0,10000.0
