O^z,error,N,total_data
-0.09582264804059965,0.00021867572748595458,3000.0,144000.0
