O^z,error,N,total_data
-0.10354607324169383,0.00023184759642557167,3000.0,132000.0
