O^z,error,N,total_data
-0.11091547404196536,0.00024535867952456237,3000.0,120000.0
