O^z,error,N,total_data
-0.15137212983974052,0.00017300822107326413,10000.0,280000.0
