O^z,error,N,total_data
-0.1932834271712796,0.00038452389601395477,3000.0,60000.0
