O^z,error,N,total_data
-0.2263658662899284,0.0004399176702866276,3000.0,48000.0
