O^z,error,N,total_data
-0.1362092198270411,0.00016059804580296626,10000.0,320000.0
