O^z,error,N,total_data
-0.1696098498544535,0.0001906595247857791,10000.0,240000.0
