O^z,error,N,total_data
-0.16944330692963336,0.0003485079613510566,3000.0,72000.0
