O^z,error,N,total_data
-0.15149570793689862,0.00031498116350119434,3000.0,84000.0
