O^z,error,N,total_data
-0.13566926294197074,0.0002935509277229545,3000.0,96000.0
