O^z,error,N,total_data
-0.2717145956776077,0.0002833597772023485,10000.0,120000.0
