O^z,error,N,total_data
-0.018602146592438463,0.00019080908945273456,3000.0,96000.0
