O^z,error,N,total_data
-0.03375790659729542,0.00017897535423544724,8000.0,192000.0
