O^z,error,N,total_data
-0.16648976027576823,0.0019469851248682488,8000.0,8000.0
