O^z,error,N,total_data
-0.018851483354926018,0.00014991943558849744,4999.0,159968.0
