O^z,error,N,total_data
-0.034016065664199305,0.00015994176812416928,10000.0,240000.0
