O^z,error,N,total_data
-0.06719153813432077,0.0005082724084440766,3000.0,48000.0
