O^z,error,N,total_data
-0.16693792003478924,0.0017489481883255738,10000.0,10000.0
