O^z,error,N,total_data
-0.0672229200824993,0.00031141565063338734,8000.0,128000.0
