O^z,error,N,total_data
-0.03224230120802999,0.00028552005908855,3000.0,72000.0
