O^z,error,N,total_data
-0.16691816346113553,0.0017482795630345993,10000.0,10000.0
