O^z,error,N,total_data
-0.16799639487910642,0.0024446116501376093,5000.0,5000.0
