O^z,error,N,total_data
-0.10195833576860518,0.00039369455873809587,10000.0,120000.0
