O^z,error,N,total_data
-0.01911173268122883,0.00011900688730904818,7999.0,255968.0
