O^z,error,N,total_data
-0.06716659838951027,0.0002787475043384354,10000.0,160000.0
