O^z,error,N,total_data
-0.019064561418833788,0.00010587186788769193,9999.0,319968.0
