O^z,error,N,total_data
-0.033594425523985456,0.00022554227462050024,5000.0,120000.0
