O^z,error,N,total_data
-0.17156120592497504,0.00320450223926656,3000.0,3000.0
