O^z,error,N,total_data
-0.06778721896978153,0.0003938717491857152,5000.0,80000.0
