ZL,error,N
0.016549635183364476,0.005417909590346973,1000.0
