ZL,error,N
-0.06623686723534046,0.0040136385035616454,1000.0
