ZL,error,N
-0.042182134107556904,0.004521802944474578,1000.0
