ZL,error,N
-0.07741048006116791,0.0023058275838188057,1000.0
