ZL,error,N
-0.0941932000570439,0.002604099793353079,1000.0
