ZL,error,N
-0.010255581090131357,0.005062813984078009,1000.0
