ZL,error,N
-0.08607786397894675,0.0033323825178591545,1000.0
