O^z,error,N,total_data
-0.07086530126999177,0.00043475261043115674,4999.0,79984.0
