O^z,error,N,total_data
-0.022891785005324006,0.00022977990233667036,3000.0,96000.0
