O^z,error,N,total_data
-0.037029815059060375,0.0003298302180770887,2999.0,71976.0
