O^z,error,N,total_data
-0.021771821755963566,0.00012488072839894363,9999.0,319968.0
