O^z,error,N,total_data
-0.03700982059953667,0.00025842251357532405,4998.0,119952.0
