O^z,error,N,total_data
-0.1741812472136926,0.001879643977900827,10000.0,10000.0
