O^z,error,N,total_data
-0.07049643423309891,0.00030676929931681274,9999.0,159984.0
