O^z,error,N,total_data
-0.021701766846585837,0.0001389439517890318,7999.0,255968.0
