O^z,error,N,total_data
-0.17779786148093793,0.003431491078743335,3000.0,3000.0
