O^z,error,N,total_data
-0.07180794888999349,0.000559283413686231,3000.0,48000.0
