O^z,error,N,total_data
-0.02228883746298355,0.0001771702310434046,5000.0,160000.0
