O^z,error,N,total_data
-0.037295376293604694,0.00018396262816924676,9998.0,239952.0
