O^z,error,N,total_data
-0.17614648007592096,0.0026596538455001136,5000.0,5000.0
