O^z,error,N,total_data
-0.07079557998534447,0.00034186121904773053,7999.0,127984.0
