O^z,error,N,total_data
-0.17340159602195204,0.002107350862890752,8000.0,8000.0
