O^z,error,N,total_data
-0.03692632164596286,0.00020488177426035924,7998.0,191952.0
