ZL,error,N
-0.15283033188613732,0.004330318084073173,1000.0
