ZL,error,N
-0.15662022382307592,0.003926232775516968,1000.0
