ZL,error,N
-0.11108829162848265,0.002576857383815243,1000.0
