ZL,error,N
-0.16240023405513218,0.003402572860097963,1000.0
