ZL,error,N
-0.15571126262003934,0.0030956327462539944,1000.0
