ZL,error,N
-0.05915297653349071,0.002630401654293221,1000.0
