ZL,error,N
-0.1417830852768912,0.0027453675532186825,1000.0
