O^z,error,N,total_data
-0.009087934940146924,0.00014453151535242321,1000.0,80000.0
