O^z,error,N,total_data
-0.05268461346221568,0.00031173304337536235,3000.0,84000.0
