O^z,error,N,total_data
-0.15558368149651744,0.0008104334283105264,3000.0,36000.0
