O^z,error,N,total_data
-0.2385837452291098,0.0033436277808583372,3000.0,3000.0
