O^z,error,N,total_data
-0.023134107384318033,0.00028678764976162996,1000.0,48000.0
