O^z,error,N,total_data
-0.06694204627452101,0.0003751608352818552,3000.0,72000.0
