O^z,error,N,total_data
-0.08428464383924925,0.0004635443304730103,3000.0,60000.0
