O^z,error,N,total_data
-0.04450082908045843,0.00026549632725757113,3000.0,96000.0
