O^z,error,N,total_data
-0.11058537896092055,0.0005970534141345119,3000.0,48000.0
