O^z,error,N,total_data
-0.013320404612888807,0.00019899991125500377,1000.0,64000.0
