O^z,error,N,total_data
-0.01610326415809322,0.00034059658014677733,1000.0,32000.0
