O^z,error,N,total_data
-0.15041751779232063,0.005517107835905601,1000.0,1000.0
