O^z,error,N,total_data
-0.05616295723747592,0.0008554259768068065,1000.0,16000.0
