O^z,error,N,total_data
-0.027884931467100898,0.0005166755935567824,1000.0,24000.0
