O^z,error,N,total_data
0.002811386763637189,0.0001454549970336951,991.0,23784.0
