O^z,error,N,total_data
0.027171450620087245,0.0021576466615192288,997.0,997.0
