O^z,error,N,total_data
0.006797603828730321,0.00026850731194163075,997.0,15952.0
