O^z,error,N,total_data
0.001257586673729967,8.596768597076901e-05,978.0,31296.0
