index,x2-x1,corr
0,47,-1.123591148132161
1,47,-1.1061618585531607
2,47,-1.0800804526216832
3,47,-0.8928786184199221
4,47,-0.7064071638587034
5,47,-0.9404143264989686
6,47,-0.9848591380692616
7,47,-0.8635222211220315
8,47,-0.5364091395732926
9,47,-0.8395989383655653
