index,x2-x1,corr
0,63,-1.0032032538045834
1,63,-1.1801446778292146
2,63,-0.9453145836741356
3,63,-0.7019531875254456
4,63,-1.089353330112522
5,63,-0.9254561434281297
6,63,-1.1370941980689
7,63,-1.1971510026525034
8,63,-1.0814941220951133
9,63,-0.9448080378587402
