index,x2-x1,corr
0,15,-1.1836122788897112
1,15,-1.2540923942722038
2,15,-1.2192246460590752
3,15,-1.0847616699825597
4,15,-1.4846060795070115
5,15,-0.8225394671297924
6,15,-1.236573436043283
7,15,-1.5584758294293122
8,15,-1.1328670637045208
9,15,-1.0970904574134221
