O^z,error,N,total_data
-0.05951346734325824,0.00028625293336826595,5000.0,120000.0
