O^z,error,N,total_data
-0.10170282645036233,0.0003588696843239663,8000.0,128000.0
