O^z,error,N,total_data
-0.05964442702587459,0.0002024426419705092,10000.0,240000.0
