O^z,error,N,total_data
-0.21762359379550836,0.0018231110834393146,10000.0,10000.0
