O^z,error,N,total_data
-0.03830210460778555,0.0001551664283498886,8000.0,256000.0
