O^z,error,N,total_data
-0.03855794049007647,0.00013891918571902652,10000.0,320000.0
