O^z,error,N,total_data
-0.05969602873487918,0.00036842988840422896,3000.0,72000.0
