O^z,error,N,total_data
-0.05940603112235085,0.00022641986145916055,8000.0,192000.0
