O^z,error,N,total_data
-0.038453780986750646,0.0001959133065361066,5000.0,160000.0
