O^z,error,N,total_data
-0.10211280876829236,0.0003219814741215741,10000.0,160000.0
