O^z,error,N,total_data
-0.1020596294018522,0.0005841699482293402,3000.0,48000.0
