O^z,error,N,total_data
-0.1017042045384434,0.00045296797786624254,5000.0,80000.0
