O^z,error,N,total_data
-0.03820470716742928,0.0002520783164158723,3000.0,96000.0
