O^z,error,N,total_data
-0.21976936555268825,0.0025489154347315577,5000.0,5000.0
