O^z,error,N,total_data
-0.2175079940298313,0.002034511363274938,8000.0,8000.0
