O^z,error,N,total_data
-0.22266874756943722,0.0033114145649169886,3000.0,3000.0
