ZL,error,N
0.2674701581759456,0.003927988354186536,1000.0
