ZL,error,N
0.2546755641214521,0.0031996590222613227,1000.0
