ZL,error,N
0.26255366800447727,0.0036093586008209056,1000.0
