ZL,error,N
0.2457131168653733,0.0023665963530676687,1000.0
