O^z,error,N,total_data
0.0054355449684652625,0.00014893930924067173,1000.0,32000.0
