O^z,error,N,total_data
0.06441830489108649,0.0028989780302726203,1000.0,1000.0
