O^z,error,N,total_data
7.750702276065572e-05,1.6521612439171347e-05,936.0,119808.0
