O^z,error,N,total_data
0.010664135425404208,0.0002416071081373869,1000.0,24000.0
