O^z,error,N,total_data
0.0008489211666618807,4.57618426686883e-05,997.0,63808.0
