O^z,error,N,total_data
0.021927785255638457,0.00043259163668476043,1000.0,16000.0
