O^z,error,N,total_data
0.3032931502893019,0.004001598979149047,1.0,16.0
