O^z,error,N,total_data
0.2800693818093813,0.0019259805069520082,1.0,128.0
