O^z,error,N,total_data
0.2988271037127771,0.003932714854770921,1.0,32.0
