O^z,error,N,total_data
0.2834753459442993,0.0027947379958835226,1.0,64.0
