O^z,error,N,total_data
-0.2683350470006874,0.0010769384922876444,1000.0,12000.0
