O^z,error,N,total_data
-0.1895398641307265,0.0007309600607808804,1000.0,20000.0
