O^z,error,N,total_data
-0.13723027420928696,0.0005075585809777558,1000.0,32000.0
