O^z,error,N,total_data
-0.16698834435947904,0.0006384266435342883,1000.0,24000.0
