O^z,error,N,total_data
-0.22010470261869738,0.0008762849607127049,1000.0,16000.0
