O^z,error,N,total_data
-0.14953319371116525,0.0005645701673940383,1000.0,28000.0
