O^z,error,N,total_data
-0.35022081271805583,0.003991281920084133,1000.0,1000.0
