O^z,error,N,total_data
-0.08112408082664158,0.0003585136236311925,500.0,32000.0
