O^z,error,N,total_data
-0.06703792619304816,0.0002982125433573663,500.0,40000.0
