O^z,error,N,total_data
-0.26243392534943555,0.0005392431716272767,1000.0,20000.0
