O^z,error,N,total_data
-0.24125808074131325,0.0004738573386683139,1000.0,24000.0
