O^z,error,N,total_data
-0.3374041847591796,0.0007566780131842679,1000.0,12000.0
