O^z,error,N,total_data
-0.21524700874965527,0.0003938902423447716,1000.0,32000.0
