O^z,error,N,total_data
-0.29180856620920875,0.0006416899917488845,1000.0,16000.0
