O^z,error,N,total_data
-0.42213872852405765,0.0028008367717231564,1000.0,1000.0
