O^z,error,N,total_data
-0.22610608525745993,0.00043133937337826156,1000.0,28000.0
