O^z,error,N,total_data
-0.1321960907181088,0.0005199737501182084,1000.0,32000.0
