O^z,error,N,total_data
-0.09440272516868031,0.00026645384061222744,2000.0,96000.0
