O^z,error,N,total_data
-0.10978146758434389,0.0003045833847591326,2000.0,80000.0
