O^z,error,N,total_data
-0.14525461165391554,0.0005589894671201107,1000.0,28000.0
