O^z,error,N,total_data
-0.09235414173201296,0.0003690303546456965,1000.0,48000.0
