O^z,error,N,total_data
-0.269124743969624,0.000940593771907662,1000.0,12000.0
