O^z,error,N,total_data
-0.10045681857011463,0.00039934700920127015,1000.0,44000.0
