O^z,error,N,total_data
-0.10885503012232164,0.0004255591281862639,1000.0,40000.0
