O^z,error,N,total_data
-0.12126658075853355,0.0004736638075459887,1000.0,36000.0
