O^z,error,N,total_data
-0.10095508295259821,0.00028406502054921864,2000.0,88000.0
