O^z,error,N,total_data
-0.18983942047568525,0.0006877590872758018,1000.0,20000.0
