O^z,error,N,total_data
-0.12031590395340874,0.00033999128605245846,2000.0,72000.0
