ZL,error,N
0.14797060270853538,0.003326871616876718,1000.0
