ZL,error,N
0.1668246982651582,0.002750266740845066,1000.0
