ZL,error,N
0.12628980221241531,0.004115693874289119,1000.0
