ZL,error,N
0.15408820820794383,0.003154067802804237,1000.0
