ZL,error,N
0.14400331042482908,0.003487092335622468,1000.0
