ZL,error,N
0.13906804122030955,0.0036665755819157058,1000.0
