ZL,error,N
0.13607761518349404,0.0037896966399957248,1000.0
