ZL,error,N
0.04661259463525836,0.0032699519471661113,1000.0
