ZL,error,N
-0.0499318384182455,0.004949736589439149,1000.0
