ZL,error,N
0.09429346477765456,0.002297545275371265,1000.0
