ZL,error,N
-0.1641927553757211,0.00705877156079255,1000.0
