ZL,error,N
-0.1347178614821175,0.006224431100875055,1000.0
