ZL,error,N
-0.007621932845965112,0.004162805778144487,1000.0
