ZL,error,N
-0.09237555649578827,0.005567284202591614,1000.0
