O^z,error,N,total_data
-0.03548073745783977,0.0020499491599032813,1.0,12.0
