O^z,error,N,total_data
-0.0006984761077718461,0.0004547240017865199,1.0,32.0
