O^z,error,N,total_data
-0.010868401334133474,0.0015743898832471426,1.0,16.0
