O^z,error,N,total_data
-0.001118671413889912,0.0009673800149234796,1.0,24.0
