O^z,error,N,total_data
-0.0018134821302427152,0.0007062620947469674,1.0,28.0
