O^z,error,N,total_data
-0.009743547597854837,0.0021634111646385503,1.0,20.0
