O^z,error,N,total_data
-0.25395325209201475,0.00014343998365629537,10000.0,240000.0
