O^z,error,N,total_data
-0.2346437714474901,0.00013543682779017366,10000.0,280000.0
