O^z,error,N,total_data
-0.28137149371460535,0.0004872176022418257,1000.0,20000.0
