O^z,error,N,total_data
-0.2536603501606831,0.0004548125465071211,1000.0,24000.0
