O^z,error,N,total_data
-0.2186998411521072,0.00013014264314836998,10000.0,320000.0
