O^z,error,N,total_data
-0.45341490065045525,0.0006553497904093917,10000.0,10000.0
