O^z,error,N,total_data
-0.3150631500271312,0.0005459356115813234,1000.0,16000.0
