O^z,error,N,total_data
-0.4568167806967074,0.0020027331804301435,1000.0,1000.0
