O^z,error,N,total_data
-0.21889447828263373,0.000407402171558209,1000.0,32000.0
