O^z,error,N,total_data
-0.2788012145026423,0.00015459637060472552,10000.0,200000.0
