O^z,error,N,total_data
-0.3645078440687148,0.00019695834402072272,10000.0,120000.0
