O^z,error,N,total_data
-0.23591717580560356,0.00042520533059549765,1000.0,28000.0
