O^z,error,N,total_data
-0.31411721193996206,0.0001705197376290203,10000.0,160000.0
