O^z,error,N,total_data
-0.3637837733808247,0.0006168738338733125,1000.0,12000.0
