ZL,error,N
0.18442829509748332,0.0010013420095134242,10000.0
