ZL,error,N
0.1855944156743135,0.0010289132377568856,10000.0
