ZL,error,N
0.18690961961704788,0.0007803720083977958,10000.0
