ZL,error,N
0.18512904183776918,0.0008841686908687934,10000.0
