ZL,error,N
0.18456235079473987,0.0009418062949848762,10000.0
