ZL,error,N
0.18764654288401017,0.0010985579298566025,10000.0
