ZL,error,N
0.1867487608585849,0.001072304310132407,10000.0
