ZL,error,N
0.0461217597928469,0.004610952393680254,1000.0
