ZL,error,N
0.09703032995969753,0.0039090711881470995,1000.0
