ZL,error,N
0.05964036369937571,0.004515504301557215,1000.0
