ZL,error,N
0.10996950717411139,0.003680624257833666,1000.0
