ZL,error,N
0.08041770058936536,0.004237975327077436,1000.0
