ZL,error,N
0.07077703039070767,0.0044095049735116115,1000.0
