ZL,error,N
0.13342478524467077,0.0031268378900340178,1000.0
