ZL,error,N
0.2091222699157496,0.003657549433353337,1000.0
