ZL,error,N
0.20924109922297904,0.0013852813615521248,10000.0
