ZL,error,N
0.2027627971960716,0.004271171670079648,1000.0
