ZL,error,N
0.20130510998931453,0.004457140301986898,1000.0
