ZL,error,N
0.21406562102055735,0.002243243859608574,1000.0
