ZL,error,N
0.21160690404345336,0.001130957493805661,10000.0
