ZL,error,N
0.21060984042385184,0.0031973577150924922,1000.0
