ZL,error,N
0.20880596371459215,0.0013127585923762234,10000.0
