ZL,error,N
0.20880812198013918,0.0012242336373312675,10000.0
