ZL,error,N
0.2160283756072689,0.0027925185904945334,1000.0
