ZL,error,N
0.21081072560813746,0.0038090328017578857,1000.0
