ZL,error,N
0.2111710263460442,0.0010218061197550155,10000.0
