ZL,error,N
0.2111800592779742,0.00070754730341861,10000.0
