ZL,error,N
0.21158225062917485,0.000879095549323587,10000.0
