ZL,error,N
0.19009270872114886,0.003038869403562246,1000.0
