ZL,error,N
0.19002693413222982,0.002799538368239974,1000.0
