ZL,error,N
0.1953448870326488,0.002398879638594782,1000.0
