ZL,error,N
0.19173394331181562,0.003280241291459209,1000.0
