ZL,error,N
0.18908567373613752,0.0035431828757920983,1000.0
