ZL,error,N
0.1898059368913695,0.0036396193136451556,1000.0
