ZL,error,N
0.19197475669402042,0.0033068353928718828,1000.0
