O^z,error,N,total_data
-0.1618432355045223,0.0038961772815145116,1000.0,1000.0
