O^z,error,N,total_data
-0.05179598119531264,0.0005811630321839303,1000.0,16000.0
