O^z,error,N,total_data
-0.020091809298082092,0.0002817536128832911,1000.0,24000.0
