O^z,error,N,total_data
-0.032626507777895955,0.000413394108145395,1000.0,20000.0
