O^z,error,N,total_data
-0.008997201829724081,0.00016533266741374848,1000.0,32000.0
