O^z,error,N,total_data
-0.013044982235990725,0.00020335266874186648,1000.0,28000.0
