O^z,error,N,total_data
-0.08966225890066128,0.0008894446180873278,1000.0,12000.0
