O^z,error,N,total_data
-0.1465840763887664,0.00045463030290799977,1000.0,32000.0
