O^z,error,N,total_data
-0.1789139748844877,0.0005798998536159065,1000.0,24000.0
