O^z,error,N,total_data
-0.16282349324465475,0.0005071938269751672,1000.0,28000.0
