O^z,error,N,total_data
-0.2840829291573144,0.0010320901085718078,1000.0,12000.0
