O^z,error,N,total_data
-0.20245444651587352,0.0006833858994396348,1000.0,20000.0
