O^z,error,N,total_data
-0.3690183783833301,0.004070209190176784,1000.0,1000.0
