O^z,error,N,total_data
-0.2361611258651316,0.000811510976432158,1000.0,16000.0
