ZL,error,N
0.09879563680010155,0.005115523821713688,1000.0
