ZL,error,N
-0.09444498485842749,0.0016541094632376806,1000.0
