ZL,error,N
0.14225615785734727,0.005233497850516336,1000.0
