ZL,error,N
-0.04500760096553783,0.003689254394457767,1000.0
