ZL,error,N
-0.08516882721650842,0.0027064947094899328,1000.0
