ZL,error,N
0.049047758078027866,0.004644573595947843,1000.0
