ZL,error,N
0.0010386583856472637,0.004406547243530095,1000.0
