ZL,error,N
-0.17637943598794975,0.0036689285821195766,1000.0
