ZL,error,N
0.011043531961553166,0.0032896819493215676,1000.0
