ZL,error,N
-0.15139019776622314,0.0036279130268591494,1000.0
