ZL,error,N
-0.046780089776563664,0.0035223485456537837,1000.0
