ZL,error,N
-0.1250394897599051,0.0036277539941400798,1000.0
