ZL,error,N
-0.08948917114835005,0.0036682422555361642,1000.0
