ZL,error,N
-0.18863638579958417,0.0038726385642918163,1000.0
