ZL,error,N
0.20882501098558182,0.004230765503977372,1000.0
