ZL,error,N
0.25752991311828655,0.00432879344122583,1000.0
