ZL,error,N
0.01969361676267762,0.0036380813722764384,1000.0
