ZL,error,N
-0.04650063158130629,0.00275002316504553,1000.0
