ZL,error,N
0.1510928475525822,0.004138626003041645,1000.0
