ZL,error,N
0.08504519323017438,0.00410133443452924,1000.0
