ZL,error,N
-0.09090364126315355,0.0014805883755797877,1000.0
