ZL,error,N
-0.07202883773748923,0.00447032544199376,1000.0
