ZL,error,N
-0.04759253411648919,0.004351309551457887,1000.0
