ZL,error,N
0.022411480336424355,0.0039198362603452335,1000.0
