ZL,error,N
0.06970205805145079,0.00338355029122253,1000.0
