ZL,error,N
-0.12149748520532316,0.004634568630727532,1000.0
