ZL,error,N
-0.014804324065322476,0.004208551938979695,1000.0
