ZL,error,N
-0.09881689892928251,0.004610997238651533,1000.0
