O^z,error,N,total_data
-0.0791200877851871,0.0010053609827225458,1000.0,16000.0
