O^z,error,N,total_data
-0.04352580887143739,0.0006050175319445158,1000.0,24000.0
