O^z,error,N,total_data
-0.025555792885678642,0.00041035970541419825,1000.0,32000.0
