O^z,error,N,total_data
-0.18919786015796392,0.0056337200376690155,1000.0,1000.0
