ZL,error,N
-0.03941894999506972,0.0017224752462806604,1000.0
