ZL,error,N
0.05051155721860438,0.002871697349325999,1000.0
