O^z,error,N,total_data
-0.1752866537963083,0.000472953465996762,1000.0,28000.0
