O^z,error,N,total_data
-0.16155954815246992,0.0004288920607136814,1000.0,32000.0
