O^z,error,N,total_data
-0.3821348014096464,0.0036985187205876074,1000.0,1000.0
