O^z,error,N,total_data
-0.2998028394402882,0.0009558089827944985,1000.0,12000.0
