O^z,error,N,total_data
-0.21748840219224488,0.0006352554394340174,1000.0,20000.0
