O^z,error,N,total_data
-0.191685508872833,0.0005598793616940112,1000.0,24000.0
