O^z,error,N,total_data
-0.24907569718786757,0.0007749049494084633,1000.0,16000.0
