O^z,error,N,total_data
-0.4085873224589687,0.0030302706388057677,1000.0,1000.0
