O^z,error,N,total_data
-0.28027403413666985,0.0006718904736112501,1000.0,16000.0
