O^z,error,N,total_data
-0.2166170780392835,0.00045867710569212,1000.0,28000.0
