O^z,error,N,total_data
-0.23284811881921438,0.0005064865707592911,1000.0,24000.0
