O^z,error,N,total_data
-0.32763564921823884,0.0008134900177842924,1000.0,12000.0
