O^z,error,N,total_data
-0.20533268381076894,0.00042968535131202663,1000.0,32000.0
