O^z,error,N,total_data
-0.2531678906076357,0.0005738172386781771,1000.0,20000.0
