O^z,error,N,total_data
-0.21562115456324116,0.0006895855964820452,1000.0,20000.0
