O^z,error,N,total_data
-0.16393544263277388,0.0005143530739104335,1000.0,32000.0
