O^z,error,N,total_data
-0.28983930153227183,0.0009473710552854389,1000.0,12000.0
