O^z,error,N,total_data
-0.17787064334298824,0.0005631247618310981,1000.0,28000.0
