O^z,error,N,total_data
-0.3735350948894149,0.003409725172027516,1000.0,1000.0
