O^z,error,N,total_data
-0.191621351047548,0.0006167647975063872,1000.0,24000.0
