O^z,error,N,total_data
-0.24580731711828083,0.0007928095774462145,1000.0,16000.0
