O^z,error,N,total_data
-0.3317722383830297,0.0007702388780838716,1000.0,12000.0
