O^z,error,N,total_data
-0.27584384361979836,0.0005648610573441531,1000.0,16000.0
