O^z,error,N,total_data
-0.23700729083708594,0.00047990264887138554,1000.0,20000.0
