O^z,error,N,total_data
-0.20774644726040406,0.00038164060619368855,1000.0,24000.0
