O^z,error,N,total_data
-0.4325511422805317,0.002580565899960018,1000.0,1000.0
