O^z,error,N,total_data
-0.18586035362581457,0.00032856123195054417,1000.0,28000.0
