O^z,error,N,total_data
-0.1678857619154136,0.0002892029673115082,1000.0,32000.0
