O^z,error,N,total_data
-0.18613447094042174,0.0004020838250804769,1000.0,32000.0
