O^z,error,N,total_data
-0.32030700689625297,0.0008479294582749398,1000.0,12000.0
