O^z,error,N,total_data
-0.20078154216179536,0.0004421304010746232,1000.0,28000.0
