O^z,error,N,total_data
-0.24050492349584074,0.000570287162500819,1000.0,20000.0
