ZL,error,N
0.00700189184604986,0.0010390523512936165,5000.0
