ZL,error,N
0.0029592273528952075,0.0007128799235538226,9991.0
