ZL,error,N
0.01715321645552784,0.0008798084979252888,8000.0
