ZL,error,N
0.007364652934845274,0.001339072699848215,3000.0
