ZL,error,N
0.004679600787013721,0.0012981775218569246,2999.0
