ZL,error,N
0.017371082365508158,0.0007891086789667388,10000.0
