ZL,error,N
0.004118601610395953,0.0010080120606107354,4996.0
