ZL,error,N
0.003944919305920914,0.0008211769208974889,7984.0
