ZL,error,N
0.0035519585786354703,0.0007367257944640371,9979.0
