ZL,error,N
0.0037851916800606166,0.0010514579152960974,4994.0
