ZL,error,N
0.007235300431165628,0.0008086300017663807,7999.0
