ZL,error,N
0.017320434309558642,0.0011204213465928821,5000.0
