ZL,error,N
0.006916899423052022,0.0007214156976931813,9996.0
