ZL,error,N
0.0167433370017201,0.0014409720290067254,3000.0
