ZL,error,N
0.003469241242306936,0.000797781553786454,7994.0
