ZL,error,N
0.004892655995045748,0.0013589361364677323,2998.0
