ZL,error,N
0.09365324754534302,0.0083898240087103,999.0
