ZL,error,N
0.10704998415538886,0.00856019709716639,994.0
