ZL,error,N
0.07895113265634268,0.007943324662973459,999.0
