ZL,error,N
0.03162347051243656,0.007405749145158884,999.0
