O^z,error,N,total_data
-0.026592174919331992,0.00019761550568449333,7993.0,191832.0
