O^z,error,N,total_data
-0.014781313647682565,0.00022316469330608703,2995.0,95840.0
