O^z,error,N,total_data
-0.014942143600549242,0.00012092322735986968,9980.0,319360.0
