O^z,error,N,total_data
-0.05547722620273537,0.0005469264688194544,3000.0,48000.0
