O^z,error,N,total_data
-0.05423951234360685,0.0003298221262909975,8000.0,128000.0
