O^z,error,N,total_data
-0.026626270082607848,0.00017644844008447285,9992.0,239808.0
