O^z,error,N,total_data
-0.014975479145524086,0.00017289431040220181,4993.0,159776.0
