O^z,error,N,total_data
-0.026792111440804525,0.0002514475969937432,4996.0,119904.0
