O^z,error,N,total_data
-0.14770641858916744,0.0018623720626856958,10000.0,10000.0
