O^z,error,N,total_data
-0.05427322914657357,0.0002973210168663491,9999.0,159984.0
