O^z,error,N,total_data
-0.1486711448082623,0.0026171281713875923,5000.0,5000.0
