O^z,error,N,total_data
-0.026957783692174362,0.0003253028762201717,2998.0,71952.0
