O^z,error,N,total_data
-0.15346179958252715,0.0034335213723090557,3000.0,3000.0
