O^z,error,N,total_data
-0.14737091312006767,0.002076913025233844,8000.0,8000.0
