O^z,error,N,total_data
-0.05479762101725601,0.00042107612072768267,5000.0,80000.0
