O^z,error,N,total_data
-0.014962684648537623,0.00013511401355213517,7982.0,255424.0
