O^z,error,N,total_data
0.0951661439211884,0.0032247791049311446,1000.0,1000.0
