O^z,error,N,total_data
0.022303679843777582,0.00033529111920023864,1000.0,24000.0
