O^z,error,N,total_data
0.041735964989131194,0.0005579963646350612,1000.0,16000.0
