O^z,error,N,total_data
0.013545781300597423,0.00022536215442816692,1000.0,32000.0
