O^z,error,N,total_data
-0.21175935969555176,0.0005004054985241214,1000.0,28000.0
