O^z,error,N,total_data
-0.2752495445433352,0.0006142021432996201,1000.0,16000.0
