O^z,error,N,total_data
-0.24596081525743357,0.0005575497388214276,1000.0,20000.0
