O^z,error,N,total_data
-0.19873692724587846,0.00047433682697704403,1000.0,32000.0
