O^z,error,N,total_data
-0.3911878867869906,0.00226933342388438,1000.0,1000.0
