O^z,error,N,total_data
-0.22655825423544254,0.0005235658652765673,1000.0,24000.0
