O^z,error,N,total_data
-0.3163418782958953,0.0006752879358213427,1000.0,12000.0
