O^z,error,N,total_data
-0.046526722806393674,0.0003576060074248649,1000.0,32000.0
