O^z,error,N,total_data
-0.2640951082066668,0.003920171799157244,1000.0,1000.0
