O^z,error,N,total_data
-0.07272943705208693,0.0004989185901992422,1000.0,24000.0
