O^z,error,N,total_data
-0.17903314676006876,0.001023101518869879,1000.0,12000.0
