O^z,error,N,total_data
-0.05694775894789509,0.00041579070668515693,1000.0,28000.0
