O^z,error,N,total_data
-0.09577371866549977,0.0006225885779768478,1000.0,20000.0
