O^z,error,N,total_data
-0.12783878892421788,0.000782943428795726,1000.0,16000.0
