ZL,error,N
0.05429334731930813,0.007672952298060638,999.0
