ZL,error,N
0.10944843849946684,0.008517761787990352,999.0
