ZL,error,N
0.11804443657029381,0.00898250771980718,999.0
