ZL,error,N
0.14610288610164823,0.009250237466763749,995.0
