ZL,error,N
-0.1343583949528385,0.004394051392045627,1000.0
