ZL,error,N
-0.14614553732321986,0.003168230297568503,1000.0
