ZL,error,N
-0.14599984496324148,0.003533998167219161,1000.0
