ZL,error,N
-0.1310281850351513,0.0028791558184581016,1000.0
