ZL,error,N
-0.10509132716886833,0.0026705953598804644,1000.0
