ZL,error,N
-0.05730148209448323,0.0026983879885051393,1000.0
