ZL,error,N
-0.14453375097095744,0.003990945199637537,1000.0
