O^z,error,N,total_data
0.055055151602899324,0.002735317335549574,1000.0,1000.0
