O^z,error,N,total_data
0.008061095911153173,0.0002199604060540457,1000.0,24000.0
