O^z,error,N,total_data
0.0036627123515436634,0.0001336696378365595,1000.0,32000.0
