O^z,error,N,total_data
0.01857099113734117,0.0003948980453763311,1000.0,16000.0
