O^z,error,N,total_data
-0.3499889153069699,0.00021619641433198597,10000.0,120000.0
