O^z,error,N,total_data
-0.293339944305926,0.000563471172383117,1000.0,16000.0
