O^z,error,N,total_data
-0.3499563294347143,0.0006831144073782494,1000.0,12000.0
