O^z,error,N,total_data
-0.1835781044527816,0.00035849379962361015,1000.0,32000.0
