O^z,error,N,total_data
-0.224743015648977,0.00013691725167028036,10000.0,240000.0
