O^z,error,N,total_data
-0.20261476197862952,0.00038916949429851746,1000.0,28000.0
