O^z,error,N,total_data
-0.2934311718057,0.00017978812328877704,10000.0,160000.0
