O^z,error,N,total_data
-0.1830150292675984,0.00011287745922973713,10000.0,320000.0
