O^z,error,N,total_data
-0.43972959996549704,0.002303127393149048,1000.0,1000.0
