O^z,error,N,total_data
-0.44046899675115136,0.0007220544652396939,10000.0,10000.0
