O^z,error,N,total_data
-0.20158606380397529,0.00012337939771726175,10000.0,280000.0
