O^z,error,N,total_data
-0.25361471074089076,0.0001549841993011767,10000.0,200000.0
