O^z,error,N,total_data
-0.25625105509601864,0.00048126964053525764,1000.0,20000.0
