O^z,error,N,total_data
-0.2248823467027704,0.00043259173185976264,1000.0,24000.0
