ZL,error,N
-0.08175412776829345,0.0020481814925399308,1000.0
