ZL,error,N
-0.08779405851536151,0.0027193748785421146,1000.0
