ZL,error,N
0.04147159001799985,0.005254992204502538,1000.0
