ZL,error,N
-0.0627799480252334,0.0035891346975985942,1000.0
