ZL,error,N
0.0018716154597434558,0.004778365901725924,1000.0
