ZL,error,N
-0.03279609433899803,0.004389026779354393,1000.0
