ZL,error,N
0.07286776643195329,0.005664769664491567,1000.0
