O^z,error,N,total_data
0.0010318683190030586,2.9233177450112533e-05,999.0,127872.0
