O^z,error,N,total_data
0.006188951012973994,0.00010328124485031562,1000.0,64000.0
