ZL,error,N
0.01716481060512791,0.0012554268713843462,5000.0
