ZL,error,N
0.0038329714775174207,0.0015703003115750626,3000.0
