ZL,error,N
0.017416531493548663,0.0009980065494514729,8000.0
