ZL,error,N
0.002605727351479068,0.0009528673409554849,8000.0
