ZL,error,N
0.002518171269605453,0.001212622409725215,5000.0
