ZL,error,N
0.017464564211474323,0.0008957105580483732,10000.0
