ZL,error,N
0.03970325604877142,0.0009706876512522711,10000.0
