ZL,error,N
0.0028699653550939125,0.000849904179883282,10000.0
