ZL,error,N
0.007066902699475402,0.0009665441052374919,8000.0
