ZL,error,N
0.04059130449736839,0.0013788027565820368,5000.0
