ZL,error,N
0.006561399848070981,0.0008679901365038058,10000.0
