ZL,error,N
0.006919225611362734,0.0012256119938573824,5000.0
