ZL,error,N
0.039196892076774265,0.0017930337681535563,3000.0
