ZL,error,N
0.007607876343405748,0.0015685087095703959,3000.0
