ZL,error,N
0.03990937349795126,0.0010857863103431774,8000.0
