ZL,error,N
0.017572628104063986,0.0016158254994587857,3000.0
