O^z,error,N,total_data
-0.017557446162649263,0.0022263824102445855,1.0,128.0
