O^z,error,N,total_data
-0.37869971490951415,0.021386182305664938,1.0,12.0
