O^z,error,N,total_data
-0.31627259043255945,0.01584903642280238,1.0,16.0
