O^z,error,N,total_data
-0.13427593296592497,0.005136859908693326,1.0,64.0
