O^z,error,N,total_data
-0.23327221828480343,0.009684019548612333,1.0,28.0
