O^z,error,N,total_data
-0.2505248178836967,0.010460624359667967,1.0,24.0
