O^z,error,N,total_data
-0.16166241823417762,0.007525974035976862,1.0,48.0
