O^z,error,N,total_data
-0.2099096610941755,0.010395836896777593,1.0,32.0
