O^z,error,N,total_data
-0.27948174201944154,0.013475183669161167,1.0,20.0
