ZL,error,N
-0.06847678699480261,0.0044350812697957105,1000.0
