ZL,error,N
-0.13190190130018684,0.0033373119214978983,1000.0
