ZL,error,N
-0.03603884013748785,0.004921476615927829,1000.0
