ZL,error,N
-0.14910112032981052,0.0016533005248649479,1000.0
