O^z,error,N,total_data
-0.4334325199489675,0.0026856037666335274,1000.0,1000.0
