O^z,error,N,total_data
-0.22583451779628425,0.00040326630659228547,1000.0,28000.0
