O^z,error,N,total_data
-0.21246793739664516,0.00037730897947855477,1000.0,32000.0
