O^z,error,N,total_data
-0.264980726922858,0.0005017451427123914,1000.0,20000.0
