O^z,error,N,total_data
-0.29642150116013155,0.0005938531916541027,1000.0,16000.0
