O^z,error,N,total_data
-0.24265792807754435,0.0004454288644134972,1000.0,24000.0
