O^z,error,N,total_data
-0.343173992036184,0.0007291152600045427,1000.0,12000.0
