O^z,error,N,total_data
0.02953955300521427,0.002158251261389185,997.0,997.0
