O^z,error,N,total_data
0.001292035305664811,8.922215850821494e-05,981.0,31392.0
