O^z,error,N,total_data
0.0026242859728099655,0.0001479787917863795,992.0,23808.0
