O^z,error,N,total_data
0.00765159200271869,0.0002938463757227573,995.0,15920.0
