ZL,error,N
0.19806651015210422,0.003149942930727438,1000.0
