ZL,error,N
0.19737355607080095,0.0010073947646051867,10000.0
