ZL,error,N
0.19828153017176342,0.002730864427004136,1000.0
