ZL,error,N
0.1988900066141352,0.003302068232222217,1000.0
