ZL,error,N
0.1997719634052489,0.0010323316379501702,10000.0
