ZL,error,N
0.19648758592563934,0.0023972652430897124,1000.0
