ZL,error,N
0.19406486151102775,0.0009183810790921785,10000.0
