ZL,error,N
0.1939242393432505,0.0008544955050448803,10000.0
