ZL,error,N
0.19695961396849618,0.002872998494825638,1000.0
