ZL,error,N
0.19605789956374728,0.0009832356969411012,10000.0
