ZL,error,N
0.19380760778614525,0.003543811490688166,1000.0
