ZL,error,N
0.19982766567352128,0.003232982953438687,1000.0
