ZL,error,N
0.19325681206486628,0.0007594256604790246,10000.0
