ZL,error,N
0.19864597630867992,0.0010875362316960647,10000.0
