O^z,error,N,total_data
-0.2283932190117562,0.002061331334225755,8000.0,8000.0
