O^z,error,N,total_data
-0.06489772700248249,0.00023141235294955008,8000.0,192000.0
