O^z,error,N,total_data
-0.10925166783681699,0.0003656453439990254,8000.0,128000.0
