O^z,error,N,total_data
-0.04316730832746202,0.00014697547705142707,10000.0,320000.0
