O^z,error,N,total_data
-0.024645878351552446,0.0003835606898905414,1000.0,32000.0
