O^z,error,N,total_data
-0.04159698044008388,0.0005790510755771182,1000.0,24000.0
