O^z,error,N,total_data
-0.07730540526167323,0.0009491002833201536,1000.0,16000.0
