O^z,error,N,total_data
-0.18512000284843672,0.005754287543168527,1000.0,1000.0
