ZL,error,N
0.13553745231773065,0.0030695735830017076,1000.0
