ZL,error,N
-0.11625781809998428,0.0008081189453494808,1000.0
