ZL,error,N
0.18873598279374443,0.0030680084329630635,1000.0
