ZL,error,N
0.027864724379376853,0.0025960770851903184,1000.0
