ZL,error,N
0.08611306431602188,0.002696752548911195,1000.0
