ZL,error,N
-0.03354478353048744,0.002190856937022274,1000.0
