ZL,error,N
-0.08799546847544264,0.0014489528740904171,1000.0
