O^z,error,N,total_data
-0.019453451577868715,0.000229410820583288,1000.0,32000.0
