O^z,error,N,total_data
-0.12661624094330867,0.0009659235748832137,1000.0,12000.0
