O^z,error,N,total_data
-0.20964478655671598,0.004038327617784234,1000.0,1000.0
