O^z,error,N,total_data
-0.036735702027813275,0.00035920676499642514,1000.0,24000.0
