O^z,error,N,total_data
-0.08109679669057444,0.0006787476626166398,1000.0,16000.0
