O^z,error,N,total_data
-0.027460467178451416,0.0002863105848413412,1000.0,28000.0
