O^z,error,N,total_data
-0.05468588212530434,0.0005081307253160427,1000.0,20000.0
