ZL,error,N
0.10609427837901322,0.010241596747153905,1000.0
