ZL,error,N
0.16459955279610594,0.010584856705347371,1000.0
