ZL,error,N
0.03767953732907575,0.009904852060516516,1000.0
