ZL,error,N
-0.07166487933385529,0.008513630819413446,1000.0
