ZL,error,N
0.02443554978731958,0.0026681307466600184,1000.0
