ZL,error,N
0.010733615950060815,0.0023436999711334127,1000.0
