ZL,error,N
0.04721168346084721,0.0028916747747480525,1000.0
