ZL,error,N
0.018265198360255263,0.0025864550436972044,1000.0
