O^z,error,N,total_data
-0.016920887935553162,0.0003398016869879629,500.0,24000.0
