O^z,error,N,total_data
-0.0053328073349643524,0.00010200309706663285,999.0,79920.0
