O^z,error,N,total_data
-0.009059880423158282,0.0002179081976521037,500.0,32000.0
