ZL,error,N
0.07263873256146931,0.002676177266627728,3000.0
