ZL,error,N
0.12779666217736513,0.0019097668667872546,3000.0
