ZL,error,N
0.04773109710880086,0.0029755981052669075,3000.0
