ZL,error,N
0.099571394416498,0.0023057752668627436,3000.0
