ZL,error,N
-6.0260731907695525e-05,0.0036835324407750334,3000.0
