ZL,error,N
0.0224791906599598,0.003314354445990378,3000.0
