ZL,error,N
0.15385145682549292,0.0014349070855505935,3000.0
