O^z,error,N,total_data
-0.03325215459241001,0.00031072482782952424,1000.0,24000.0
