O^z,error,N,total_data
-0.07857426335002403,0.0005950148453806364,1000.0,16000.0
