O^z,error,N,total_data
-0.05101706846695009,0.000440551858017683,1000.0,20000.0
