O^z,error,N,total_data
-0.01626661585470557,0.00018320944282513711,1000.0,32000.0
