O^z,error,N,total_data
-0.12517886641320752,0.0008614938041745695,1000.0,12000.0
