O^z,error,N,total_data
-0.2107383166104825,0.0035289290861795558,1000.0,1000.0
