O^z,error,N,total_data
-0.02313637103558519,0.00024058725272587596,1000.0,28000.0
