ZL,error,N
0.020236527650096037,0.0026503679952227612,1000.0
