ZL,error,N
0.01418754795923107,0.002490144907397441,1000.0
