ZL,error,N
0.008661808104871868,0.002497259339927249,1000.0
