ZL,error,N
0.04846213246839132,0.0028585965071641468,1000.0
