O^z,error,N,total_data
-0.27117265388601586,0.0005046962426746848,1000.0,20000.0
