O^z,error,N,total_data
-0.22068333691072736,0.00037941228466908814,1000.0,32000.0
