O^z,error,N,total_data
-0.43845292795170415,0.0025707088563556553,1000.0,1000.0
