O^z,error,N,total_data
-0.34617985926654465,0.0007420190331950485,1000.0,12000.0
