O^z,error,N,total_data
-0.2480593998516003,0.0004476923990001212,1000.0,24000.0
