O^z,error,N,total_data
-0.23267970993099815,0.0004120918980257384,1000.0,28000.0
