O^z,error,N,total_data
-0.30015413180227946,0.0005990443989367048,1000.0,16000.0
