O^z,error,N,total_data
-0.14332254400613983,0.0006753283847227063,1000.0,20000.0
