O^z,error,N,total_data
-0.09879650836303741,0.000499700131983433,1000.0,28000.0
