O^z,error,N,total_data
-0.08344591786466396,0.0004473625455550963,1000.0,32000.0
