O^z,error,N,total_data
-0.2296615624124412,0.0009730732671157678,1000.0,12000.0
