ZL,error,N
0.22781405139614672,0.0007960825974734017,10000.0
