ZL,error,N
0.2228233342469947,0.0006437794151879521,10000.0
