ZL,error,N
0.23856515838159922,0.003699391131791082,1000.0
