ZL,error,N
0.24550825109261704,0.0012240104644935027,10000.0
