ZL,error,N
0.23663822572210405,0.0010133301267261508,10000.0
