ZL,error,N
0.23481994294749992,0.003503049308573909,1000.0
