ZL,error,N
0.23296715467430096,0.0032780642313277987,1000.0
