ZL,error,N
0.22873576584663444,0.002502725074716348,1000.0
