ZL,error,N
0.24271087893654272,0.0011678811100919548,10000.0
