ZL,error,N
0.23152226974256696,0.002924474006650092,1000.0
