ZL,error,N
0.23763955729354633,0.0010970420790293771,10000.0
