ZL,error,N
0.2324868450535609,0.0009193877077721998,10000.0
