ZL,error,N
0.24091894184226428,0.003919626216637025,1000.0
