ZL,error,N
0.22591567430161297,0.001978905697847698,1000.0
