O^z,error,N,total_data
-0.3194222687562396,0.0005658821338706539,1000.0,16000.0
