O^z,error,N,total_data
-0.2678049930703781,0.00041254079447072416,1000.0,28000.0
