O^z,error,N,total_data
-0.26003374180766625,0.00039285704701151294,1000.0,32000.0
