O^z,error,N,total_data
-0.27844026871034694,0.0004431459535997694,1000.0,24000.0
