O^z,error,N,total_data
-0.3593178538502706,0.0006731793901610033,1000.0,12000.0
