O^z,error,N,total_data
-0.2959858658810208,0.0004885965081399825,1000.0,20000.0
