O^z,error,N,total_data
-0.44010950258811204,0.0023415942167416153,1000.0,1000.0
