O^z,error,N,total_data
-9.792921231395433e-05,1.3532880714687475e-05,1.0,16.0
