O^z,error,N,total_data
-0.00011144242519587395,0.000481520838073851,1.0,32.0
