O^z,error,N,total_data
-0.0014466258444470617,7.078635665690717e-05,1.0,12.0
