O^z,error,N,total_data
0.0014620109067094646,0.0005962263801972641,1.0,28.0
