O^z,error,N,total_data
-0.0006979804983488473,0.0003982952713192215,1.0,20.0
