O^z,error,N,total_data
-0.00040509186306648026,0.0004333444692022532,1.0,24.0
