O^z,error,N,total_data
-0.17111857659231858,0.0008335925069274187,1000.0,16000.0
