O^z,error,N,total_data
-0.09505351298844648,0.0005167807129297134,1000.0,28000.0
