O^z,error,N,total_data
-0.22135414584119897,0.0010392784141871818,1000.0,12000.0
