O^z,error,N,total_data
-0.11388114556840863,0.0005960872450565112,1000.0,24000.0
