O^z,error,N,total_data
-0.08082494227089851,0.0004539196771140965,1000.0,32000.0
