O^z,error,N,total_data
-0.3066488843470824,0.0038219664046997546,1000.0,1000.0
