O^z,error,N,total_data
-0.1379729704390805,0.000701814583241865,1000.0,20000.0
