O^z,error,N,total_data
-0.3399808334717978,0.003812925399743825,1000.0,1000.0
