O^z,error,N,total_data
-0.20417868125511707,0.0008519698501656793,1000.0,16000.0
