O^z,error,N,total_data
-0.1319160290064727,0.0005661858572572898,1000.0,28000.0
