O^z,error,N,total_data
-0.2547022356357022,0.0010365759007981326,1000.0,12000.0
