O^z,error,N,total_data
-0.17340475265712474,0.0007333836814871669,1000.0,20000.0
