O^z,error,N,total_data
-0.11720447099476426,0.0005185852392922852,1000.0,32000.0
