O^z,error,N,total_data
-0.14834133581750153,0.0006378811902044073,1000.0,24000.0
