ZL,error,N
-0.17250642147420572,0.0019088395042140584,1000.0
