ZL,error,N
-0.16516132777118192,0.0013762263202068041,1000.0
