ZL,error,N
-0.12834057696892062,0.0011081722706647867,1000.0
