ZL,error,N
-0.06809009877226332,0.003872837124816498,1000.0
