ZL,error,N
-0.09814267465632104,0.003389468587059389,1000.0
