ZL,error,N
-0.13013745497793092,0.002940515584050657,1000.0
