ZL,error,N
-0.15473182338548336,0.0023865521773741463,1000.0
