ZL,error,N
0.1265015290548342,0.004206714553349306,1000.0
