ZL,error,N
0.1513503128624416,0.003340232991259595,1000.0
