ZL,error,N
0.16739357180828318,0.0028243234995936413,1000.0
