ZL,error,N
0.10041543581831369,0.0047825443530033875,1000.0
