ZL,error,N
0.11701783115302727,0.004330855699528251,1000.0
