ZL,error,N
0.13920240515629095,0.003842762073151492,1000.0
