ZL,error,N
0.11086155183020653,0.004639894496615086,1000.0
