ZL,error,N
-0.36600497602513726,0.0036953822589201454,1000.0
