ZL,error,N
-0.12057702707336646,0.002026768537767113,1000.0
