ZL,error,N
-0.19394177200831908,0.0024079327367014848,1000.0
