ZL,error,N
-0.40920542258926573,0.0035174642123260544,1000.0
