ZL,error,N
-0.031895347330774364,0.001584313647445262,1000.0
