ZL,error,N
-0.3142619199837342,0.0032467001071835935,1000.0
