ZL,error,N
-0.26409969242518094,0.002747763225096909,1000.0
