O^z,error,N,total_data
-0.009624421281330352,0.00016103126775228875,1000.0,32000.0
