O^z,error,N,total_data
-0.03340918217159673,0.00039541182210846656,1000.0,20000.0
