O^z,error,N,total_data
-0.012591296335078309,0.00018785233056696672,1000.0,28000.0
