O^z,error,N,total_data
-0.020100843676664575,0.0002644089834879942,1000.0,24000.0
