O^z,error,N,total_data
-0.05277142795037484,0.0005520331747539345,1000.0,16000.0
