O^z,error,N,total_data
-0.09133192178167711,0.0008537267643388784,1000.0,12000.0
