O^z,error,N,total_data
-0.16817841866006833,0.0038026868586165646,1000.0,1000.0
