ZL,error,N
0.14193001385030965,0.0035957932704400067,1000.0
