ZL,error,N
-0.013508057349623678,0.002699286351616264,1000.0
