ZL,error,N
-0.07768296441353519,0.0014974667606539394,1000.0
