ZL,error,N
0.3184676258294102,0.003666832591302438,1000.0
