ZL,error,N
0.20604792398924007,0.0038791248784895128,1000.0
