ZL,error,N
0.26834670926892995,0.0038262667320294696,1000.0
