ZL,error,N
0.06495401279657588,0.003503083138424102,1000.0
