ZL,error,N
0.1510764231363772,0.004782773734120958,1000.0
