ZL,error,N
-0.07022711809230435,0.002788906607243445,1000.0
