ZL,error,N
-0.017672113138981593,0.0037212740586474477,1000.0
