ZL,error,N
0.09749720386194413,0.0044894081401082595,1000.0
