ZL,error,N
0.04286404411452687,0.004280755878780431,1000.0
