ZL,error,N
0.20034004647107534,0.004817787084513363,1000.0
