ZL,error,N
-0.09691654501461369,0.0014810422012074508,1000.0
