O^z,error,N,total_data
-0.18857114924556015,0.0006221719093452667,1000.0,24000.0
