O^z,error,N,total_data
-0.2861823084887932,0.0009778768980341398,1000.0,12000.0
