O^z,error,N,total_data
-0.17242568273283254,0.0005584846907486464,1000.0,28000.0
