O^z,error,N,total_data
-0.3709439567275172,0.003513096588965091,1000.0,1000.0
