O^z,error,N,total_data
-0.15797452361007436,0.0005091102563522633,1000.0,32000.0
