O^z,error,N,total_data
-0.2110287203625801,0.0007066793720502048,1000.0,20000.0
