O^z,error,N,total_data
-0.2399639964275175,0.000822801502367694,1000.0,16000.0
