O^z,error,N,total_data
-0.3822346816702985,0.003166478088557469,1000.0,1000.0
