O^z,error,N,total_data
-0.23056504945574458,0.0006640121179836246,1000.0,20000.0
