O^z,error,N,total_data
-0.3031787326986937,0.0008720110711829874,1000.0,12000.0
