O^z,error,N,total_data
-0.1943531718995794,0.000544367084439561,1000.0,28000.0
