O^z,error,N,total_data
-0.2591586351883412,0.0007406410979279161,1000.0,16000.0
