O^z,error,N,total_data
-0.18030280892619321,0.0005120577227613213,1000.0,32000.0
