O^z,error,N,total_data
-0.2091490845877875,0.0005931003571776792,1000.0,24000.0
