ZL,error,N
0.2496444593461672,0.0025286834253243928,1000.0
