ZL,error,N
0.2668734493400025,0.0010357336583330127,10000.0
