ZL,error,N
0.23891813662175668,0.0007224112150191827,10000.0
