ZL,error,N
0.2549178732877679,0.0009104226965045173,10000.0
