ZL,error,N
0.26869954462129797,0.003476270863704304,1000.0
