ZL,error,N
0.23023904440982415,0.0005905375432870179,10000.0
