ZL,error,N
0.2642094141662449,0.0032972045094287602,1000.0
