ZL,error,N
0.26156879005323586,0.0009682707136647966,10000.0
