ZL,error,N
0.2613861613538485,0.003147892155408973,1000.0
