ZL,error,N
0.2431700101590033,0.002198710585650642,1000.0
