ZL,error,N
0.2724751742116419,0.001075472508449381,10000.0
