ZL,error,N
0.24764569268078826,0.000831159432067591,10000.0
