ZL,error,N
0.25341678532690637,0.002850123427786724,1000.0
