ZL,error,N
0.23187672384784674,0.0018941016815661328,1000.0
