ZL,error,N
-0.0008341937973647737,0.002812185091456093,1000.0
