ZL,error,N
-0.0030393199621195337,0.003917851210332921,500.0
