ZL,error,N
-0.0010210706312369679,0.0041396376245192434,500.0
