O^z,error,N,total_data
-0.08452359662222211,0.0010238819904262312,1000.0,1000.0
