O^z,error,N,total_data
-0.0022310765650757213,9.629944650519329e-05,1000.0,24000.0
