O^z,error,N,total_data
-0.0038033191002564207,0.0001353657285157205,1000.0,20000.0
