O^z,error,N,total_data
-0.001399470418515881,6.400005533139826e-05,1000.0,28000.0
