O^z,error,N,total_data
-0.0007546451455458446,4.048579620298812e-05,1000.0,32000.0
