O^z,error,N,total_data
-0.02604208420654142,0.0002523600267951166,1000.0,12000.0
