O^z,error,N,total_data
-0.009011056052966262,0.00018169384859728394,1000.0,16000.0
