ZL,error,N
0.19210684749757898,0.0020744009550313857,1000.0
