ZL,error,N
0.10626813917474896,0.006353306904281228,1000.0
