ZL,error,N
0.18040525166746477,0.0029976063724393757,1000.0
