ZL,error,N
0.12859462608084007,0.005392613757383567,1000.0
