ZL,error,N
0.13829114269390222,0.004700282161899012,1000.0
