ZL,error,N
0.0987365774971259,0.007077040085338576,1000.0
