ZL,error,N
0.1597354105957967,0.003918267419205602,1000.0
