ZL,error,N
-0.0004967604844103846,0.004819899484723127,1000.0
