ZL,error,N
-0.14472968940619685,0.0017348801286268865,1000.0
