ZL,error,N
-0.036637185284881045,0.004449526431274075,1000.0
