ZL,error,N
-0.07776093459305261,0.003948112618055254,1000.0
