ZL,error,N
-0.13824937201562817,0.0026148202554828826,1000.0
