ZL,error,N
-0.11922412297333157,0.0012221482029195093,1000.0
