ZL,error,N
-0.11111606157618073,0.003403753091992987,1000.0
