O^z,error,N,total_data
-0.02657730968920381,0.00014571355412590893,10000.0,240000.0
