O^z,error,N,total_data
-0.014439445185237827,9.331758731154151e-05,10000.0,320000.0
