O^z,error,N,total_data
-0.1485333893391039,0.0016881855192514212,10000.0,10000.0
