O^z,error,N,total_data
-0.05512414025112092,0.00047160974852164907,3000.0,48000.0
