O^z,error,N,total_data
-0.1523865364525391,0.0031002058082870245,3000.0,3000.0
