O^z,error,N,total_data
-0.05543786549123503,0.0002602151671116082,10000.0,160000.0
