O^z,error,N,total_data
-0.026071569053176733,0.00026791748237716995,3000.0,72000.0
