O^z,error,N,total_data
-0.05577566047069888,0.0003663786439301511,5000.0,80000.0
