O^z,error,N,total_data
-0.14960628427782677,0.002372365950625395,5000.0,5000.0
