O^z,error,N,total_data
-0.026247589277103633,0.0002066545808436946,5000.0,120000.0
