O^z,error,N,total_data
-0.14811193913068577,0.001883440342390008,8000.0,8000.0
