O^z,error,N,total_data
-0.01346665287774752,0.00016480802811527612,3000.0,96000.0
