O^z,error,N,total_data
-0.14860065841214548,0.0016893535330592918,10000.0,10000.0
