O^z,error,N,total_data
-0.013934560162277202,0.00013099174916608212,5000.0,160000.0
