O^z,error,N,total_data
-0.055549079228370796,0.0002904187799059938,8000.0,128000.0
