O^z,error,N,total_data
-0.014319278404377434,0.00010387848234870149,8000.0,256000.0
