O^z,error,N,total_data
-0.026518577800416023,0.0001639493243217914,8000.0,192000.0
