O^z,error,N,total_data
-0.08756756709928487,0.0003773280121635845,10000.0,120000.0
