O^z,error,N,total_data
-0.21720008679655467,0.0006259944461671436,1000.0,20000.0
