O^z,error,N,total_data
-0.2507101760986867,0.00023877257556843379,10000.0,160000.0
