O^z,error,N,total_data
-0.1738268164442543,0.00047005206801949953,1000.0,28000.0
