O^z,error,N,total_data
-0.19351856839836834,0.00016921141486587508,10000.0,240000.0
