O^z,error,N,total_data
-0.16035868372157625,0.00013175573133382786,10000.0,320000.0
