O^z,error,N,total_data
-0.2177069954130469,0.00019681459325557435,10000.0,200000.0
