O^z,error,N,total_data
-0.30029233108869563,0.0003000981446737287,10000.0,120000.0
