O^z,error,N,total_data
-0.3809961551998117,0.0011322869484578996,10000.0,10000.0
