O^z,error,N,total_data
-0.17495351422159142,0.00014789827015040545,10000.0,280000.0
