O^z,error,N,total_data
-0.3013129645680609,0.0009525279873229881,1000.0,12000.0
