O^z,error,N,total_data
-0.1606808935384336,0.00042307739044563763,1000.0,32000.0
