O^z,error,N,total_data
-0.25104404516122836,0.0007434857313179851,1000.0,16000.0
