O^z,error,N,total_data
-0.19199540388765834,0.0005391865241015231,1000.0,24000.0
