O^z,error,N,total_data
-0.3830040403262423,0.0036238577158059352,1000.0,1000.0
