O^z,error,N,total_data
-0.16058067685661412,0.0004266542246057392,1000.0,32000.0
