O^z,error,N,total_data
-0.250664837611795,0.0007578656964126895,1000.0,16000.0
