O^z,error,N,total_data
-0.38554311760186777,0.003614661149174512,1000.0,1000.0
