O^z,error,N,total_data
-0.21847217238001743,0.0006287810792402657,1000.0,20000.0
