O^z,error,N,total_data
-0.17685689624210046,0.0004673833205341128,1000.0,28000.0
