O^z,error,N,total_data
-0.1934321603379984,0.0005345991954646891,1000.0,24000.0
