O^z,error,N,total_data
-0.3017384328975506,0.0009511779559720037,1000.0,12000.0
