ZL,error,N
0.1520713638792131,0.00256583992793309,1000.0
