ZL,error,N
0.03105260277252262,0.0018154357253861685,1000.0
