ZL,error,N
0.006042541219246651,0.0034340640701958952,1000.0
