ZL,error,N
-0.009464688540297788,0.0029507698895115224,1000.0
