ZL,error,N
-0.002602443735760421,0.0033309754645384393,1000.0
