ZL,error,N
0.0010570179893884377,0.002813231479498671,1000.0
