O^z,error,N,total_data
-5.0562895326539614e-05,2.316115059527173e-05,1.0,24.0
