O^z,error,N,total_data
-4.988593346443082e-05,4.7152504224666725e-05,1.0,28.0
