O^z,error,N,total_data
-5.032933345799653e-05,2.376576117839316e-05,1.0,20.0
