O^z,error,N,total_data
1.7113714752305651e-09,1.4190699347069053e-09,1.0,12.0
