O^z,error,N,total_data
3.076124295072646e-12,2.349253525626582e-12,1.0,16.0
