O^z,error,N,total_data
-2.7527664092893018e-05,5.319101441921631e-05,1.0,32.0
