O^z,error,N,total_data
-0.0013172198987698059,3.865106682609704e-05,1000.0,24000.0
