O^z,error,N,total_data
-0.06726382119286618,0.002206353249744553,1000.0,1000.0
