O^z,error,N,total_data
-0.00025744526330014354,1.4975946773446681e-05,1000.0,32000.0
