O^z,error,N,total_data
-0.0005664869410625793,3.28345550966592e-05,1000.0,28000.0
