O^z,error,N,total_data
-0.023005901338861438,0.0003611274023651987,1000.0,12000.0
