O^z,error,N,total_data
-0.008680170718493556,0.00017177373906515856,1000.0,16000.0
