O^z,error,N,total_data
-0.0034336465724303274,7.867995140299573e-05,1000.0,20000.0
