O^z,error,N,total_data
-0.2129566712558209,0.006209458293283652,1.0,28.0
