O^z,error,N,total_data
-0.31215417660414435,0.012437238866611145,1.0,16.0
