O^z,error,N,total_data
-0.37143636612650605,0.015846651252857284,1.0,12.0
