O^z,error,N,total_data
-0.22620333221649366,0.009534863268228272,1.0,24.0
