O^z,error,N,total_data
-0.2432626992910904,0.011571330077348561,1.0,20.0
