O^z,error,N,total_data
-0.19716234241989855,0.005114124518985953,1.0,32.0
