ZL,error,N
-0.1477351975562269,0.0037810667245784272,1000.0
