ZL,error,N
-0.13894353251881952,0.004200485436440415,1000.0
