ZL,error,N
-0.12043953361068838,0.0030080981458099868,1000.0
