ZL,error,N
-0.04221339969496674,0.002904734293421647,1000.0
