ZL,error,N
-0.1385759534824108,0.003237813117673622,1000.0
