ZL,error,N
-0.1444908123957816,0.0034827405905637565,1000.0
