ZL,error,N
-0.09367879272544863,0.002847670468314469,1000.0
