ZL,error,N
0.1861466679004896,0.004342962444591695,1000.0
