ZL,error,N
-0.10900757500575915,0.001181930868034087,1000.0
