ZL,error,N
0.07902994994781165,0.004136663273394257,1000.0
