ZL,error,N
0.02588246312033195,0.003745032994283101,1000.0
