ZL,error,N
0.13795251533446204,0.004331545536261139,1000.0
