ZL,error,N
-0.08783085868255765,0.0022870490857004374,1000.0
