ZL,error,N
-0.03486148483817275,0.0032848891848973466,1000.0
