O^z,error,N,total_data
-0.13161477324778992,0.000810166103321496,1000.0,16000.0
