O^z,error,N,total_data
-0.0999338461215051,0.0006508382676917849,1000.0,20000.0
