O^z,error,N,total_data
-0.07690578248431844,0.0005270703163322437,1000.0,24000.0
