O^z,error,N,total_data
-0.04965701148441444,0.00037546550477322876,1000.0,32000.0
