O^z,error,N,total_data
-0.05990417699516095,0.0004277158185485584,1000.0,28000.0
