O^z,error,N,total_data
-0.2675021012306943,0.004097745544254902,1000.0,1000.0
