O^z,error,N,total_data
-0.18146999775624942,0.0010466289923817156,1000.0,12000.0
