ZL,error,N
0.16936554314910265,0.003320703280658767,1000.0
