ZL,error,N
0.15763126087884707,0.0041304727166538375,1000.0
