ZL,error,N
0.17718377568592047,0.0030078699754233925,1000.0
