ZL,error,N
0.1614989109592279,0.003821334659090556,1000.0
