ZL,error,N
0.1821957186814239,0.002661148884802905,1000.0
