ZL,error,N
0.15043158294104772,0.0043448548235695255,1000.0
