ZL,error,N
0.16435718371552455,0.0036253257743318677,1000.0
