O^z,error,N,total_data
-0.13777543978018938,0.0033132242864555763,3000.0,3000.0
