O^z,error,N,total_data
-0.05015162311456679,0.00040526292507589044,5000.0,80000.0
