O^z,error,N,total_data
-0.012401790139577056,0.00011454073493165191,9974.0,319168.0
