O^z,error,N,total_data
-0.022607113033399167,0.0001871303336829239,7987.0,191688.0
