O^z,error,N,total_data
-0.012105878759889757,0.0001282466159559111,7980.0,255360.0
