O^z,error,N,total_data
-0.022247481812385297,0.00023856972843488107,4992.0,119808.0
