O^z,error,N,total_data
-0.13750016263941708,0.001843585266070556,10000.0,10000.0
