O^z,error,N,total_data
-0.022963556474702277,0.00016735795429125328,9986.0,239664.0
