O^z,error,N,total_data
-0.012106739109854929,0.00021142102521497932,2996.0,95872.0
