O^z,error,N,total_data
-0.04953743983073587,0.0002846481536082312,9998.0,159968.0
