O^z,error,N,total_data
-0.012361850542247258,0.00016596929732845593,4990.0,159680.0
