O^z,error,N,total_data
-0.05042234753240657,0.0005269070414146191,3000.0,48000.0
