O^z,error,N,total_data
-0.13630029867023075,0.002063318325513081,8000.0,8000.0
