O^z,error,N,total_data
-0.022514835995410026,0.00030662352344285374,2994.0,71856.0
