O^z,error,N,total_data
-0.0496504665962676,0.0003177959690029944,7998.0,127968.0
