O^z,error,N,total_data
-0.13720126461152538,0.002555770939087622,5000.0,5000.0
