ZL,error,N
-0.06670396526675246,0.010099983825002344,1000.0
