ZL,error,N
-0.14439594175644896,0.009331456308266985,1000.0
