ZL,error,N
-0.20352356582320458,0.007535872384769429,1000.0
