ZL,error,N
-0.10005291186613277,0.009758455310722974,1000.0
