O^z,error,N,total_data
-0.20208462367199673,0.0007079342557675116,1000.0,20000.0
