O^z,error,N,total_data
-0.17842126743461714,0.0006363085147373614,1000.0,24000.0
