O^z,error,N,total_data
-0.23155185354421737,0.000823276179801056,1000.0,16000.0
