O^z,error,N,total_data
-0.14448691843886693,0.0005177931564483474,1000.0,32000.0
