O^z,error,N,total_data
-0.36183787367173736,0.0034873933592050634,1000.0,1000.0
