O^z,error,N,total_data
-0.16320949077137645,0.0005674086193153241,1000.0,28000.0
