O^z,error,N,total_data
-0.2786671934066444,0.0009822462139611027,1000.0,12000.0
