ZL,error,N
0.10411587198424042,0.002134318950344672,1000.0
