ZL,error,N
0.28687420692818516,0.0025724141139401306,1000.0
