ZL,error,N
0.20325042022341772,0.002487028844302084,1000.0
