ZL,error,N
0.41454876640583843,0.002504599007929732,1000.0
