ZL,error,N
0.46169106466522086,0.0023864532343326385,1000.0
