ZL,error,N
0.3557578365823845,0.0025617470518269803,1000.0
