ZL,error,N
-0.004984331972503985,0.001276289653948484,1000.0
