ZL,error,N
-0.019384614731691594,0.0031383695925244173,1000.0
