ZL,error,N
-0.1416322626423351,0.0034233024186375548,1000.0
