ZL,error,N
-0.07521437191813751,0.003168092945832567,1000.0
