ZL,error,N
-0.1162135725601901,0.003338525262774728,1000.0
