ZL,error,N
-0.18706097583373243,0.0037100382637789827,1000.0
