ZL,error,N
-0.18011501285755627,0.003541560973261735,1000.0
