ZL,error,N
-0.1631262990592202,0.003347650187347762,1000.0
