ZL,error,N
0.025677496445395628,0.0016052485244036903,3000.0
