ZL,error,N
0.0109529479745822,0.0010997801624803645,5000.0
