ZL,error,N
0.026652849050162707,0.001233534051687206,5000.0
