ZL,error,N
0.0038560102449937254,0.0007529713096199235,10000.0
