ZL,error,N
0.010449179219258238,0.0014392826220267856,3000.0
