ZL,error,N
0.0022133128826553323,0.0007656466946637245,9996.0
