ZL,error,N
0.0021703627693773,0.001072582779708946,4999.0
