ZL,error,N
0.0028500303288196936,0.0008543967255452628,7997.0
