ZL,error,N
0.003986432827706414,0.0008444981385409057,8000.0
