ZL,error,N
0.00944450667046848,0.0007779685089646685,10000.0
