ZL,error,N
0.003475549842017628,0.001072176759871934,5000.0
