ZL,error,N
0.0253786557800691,0.000871047620362852,10000.0
