ZL,error,N
0.01016079504088506,0.0008683179158715913,8000.0
