ZL,error,N
0.025518723388156368,0.0009709811697893021,8000.0
