ZL,error,N
0.001693089278630322,0.0013857686222738899,3000.0
