ZL,error,N
0.002967931732963155,0.0014012931300027211,3000.0
