ZL,error,N
-0.10973403864080787,0.004214870665204656,1000.0
