ZL,error,N
-0.11162517435985428,0.004155244501706693,1000.0
