ZL,error,N
-0.10518359627909962,0.004445657334801826,1000.0
