ZL,error,N
-0.08560445520652733,0.006707287418672297,500.0
