ZL,error,N
-0.08082997146168575,0.005469037698630746,1000.0
