ZL,error,N
-0.09592603170560697,0.006412878745983848,500.0
