ZL,error,N
-0.10709697657804541,0.0040001495633133965,1000.0
