O^z,error,N,total_data
-0.0607544493817327,0.0016345386889574664,1000.0,1000.0
