O^z,error,N,total_data
-0.000920254627675431,2.589010769932811e-05,1000.0,24000.0
