O^z,error,N,total_data
-0.0027735604255610773,6.986086662366369e-05,1000.0,20000.0
