O^z,error,N,total_data
-0.020498371761774364,0.0003023389735860851,1000.0,12000.0
