O^z,error,N,total_data
-0.00016401900150130936,8.917976033404658e-06,1000.0,32000.0
