O^z,error,N,total_data
-0.007209614464405274,0.00012835905547301492,1000.0,16000.0
