O^z,error,N,total_data
-0.0004093629197007058,1.6122542906130604e-05,1000.0,28000.0
