O^z,error,N,total_data
0.049808151165193014,0.0005931190937996045,1000.0,16000.0
