O^z,error,N,total_data
0.016433259954984094,0.0002435802078096566,1000.0,32000.0
