O^z,error,N,total_data
0.10592087613599274,0.00329191323617536,1000.0,1000.0
