O^z,error,N,total_data
0.028690342075217864,0.0003713546557697782,1000.0,24000.0
