O^z,error,N,total_data
-0.20457024612475608,0.005779157875697934,1000.0,1000.0
