O^z,error,N,total_data
-0.05214720580433604,0.0006301121683615159,1000.0,24000.0
