O^z,error,N,total_data
-0.03315459446349354,0.00043671644933590754,999.0,31968.0
