O^z,error,N,total_data
-0.09534333523017123,0.0010292998217417805,1000.0,16000.0
