ZL,error,N
0.003299150583670082,0.0007393417883057598,7990.0
