ZL,error,N
0.020819205733534536,0.0007701610333718041,10000.0
