ZL,error,N
0.003775651722721335,0.0007631375372126854,7982.0
