ZL,error,N
0.005057789326654427,0.0012895852662325722,2993.0
