ZL,error,N
0.003197525706329326,0.0006664575645539189,9989.0
