ZL,error,N
0.021058213204722405,0.0011039157787063277,5000.0
