ZL,error,N
0.00394114430450333,0.0009752344718616679,4987.0
