ZL,error,N
0.007771631560768025,0.0006926074591664146,9997.0
