ZL,error,N
0.008135312838851142,0.0007720453435128039,7999.0
