ZL,error,N
0.00882382948844187,0.001279093576371265,2999.0
