ZL,error,N
0.005594000433792462,0.0012067325259550266,2996.0
