ZL,error,N
0.009266140067865612,0.0009856928796980813,4999.0
