ZL,error,N
0.021282967845981656,0.001438206695741442,3000.0
