ZL,error,N
0.02052982000822785,0.0008600908249793794,8000.0
