ZL,error,N
0.0037931700789557614,0.0009349227231456468,4993.0
