ZL,error,N
0.003421948912610892,0.0006769323351060615,9981.0
