ZL,error,N
0.010169354929737282,0.001461441531350612,3000.0
