ZL,error,N
0.00715820527062608,0.0012449053327841593,4990.0
