ZL,error,N
0.011121571884621428,0.0008882559003008068,8000.0
