ZL,error,N
0.005024806261529224,0.0014993482044788893,2994.0
