ZL,error,N
0.010874188245263795,0.0011251993764582167,5000.0
