ZL,error,N
0.004378868183512065,0.001437665670042456,3000.0
