ZL,error,N
0.011096407703847375,0.0007904527945904434,10000.0
