ZL,error,N
0.005043509225513903,0.0011515348991403274,4992.0
