ZL,error,N
0.0075070376409240745,0.0016111041640204955,2996.0
