ZL,error,N
0.0056456451226422335,0.0011095576240588891,5000.0
