ZL,error,N
0.004402479424888768,0.0008045418681621219,9986.0
