ZL,error,N
0.006548222241513423,0.000869122030820345,7998.0
