ZL,error,N
0.0065910881364621395,0.0007820913967352405,9998.0
