ZL,error,N
0.004699306319283978,0.0009046535232799385,7987.0
