ZL,error,N
0.006915598689806076,0.0008711860665701532,9974.0
