ZL,error,N
0.00705846109969595,0.0009792505841726452,7980.0
