O^z,error,N,total_data
-0.34254294257114837,0.0007499005619607618,1000.0,12000.0
