O^z,error,N,total_data
-0.30145330404452253,0.0006138130419650482,1000.0,16000.0
