O^z,error,N,total_data
-0.24109807588087637,0.0004336769477863908,1000.0,28000.0
