O^z,error,N,total_data
-0.2319652101942274,0.0004061541871607933,1000.0,32000.0
