O^z,error,N,total_data
-0.2736512370032784,0.0005391580798065862,1000.0,20000.0
