O^z,error,N,total_data
-0.42357732021329414,0.0027600295321051085,1000.0,1000.0
