O^z,error,N,total_data
-0.2538946727751487,0.0004794201527605915,1000.0,24000.0
