O^z,error,N,total_data
-0.06477574186095843,0.00020639911591193786,10000.0,240000.0
