O^z,error,N,total_data
-0.11043140368785388,0.0005909840548533386,3000.0,48000.0
