O^z,error,N,total_data
-0.23623195679147663,0.003315040243182026,3000.0,3000.0
