O^z,error,N,total_data
-0.10939854441628766,0.0004617711657987221,5000.0,80000.0
