O^z,error,N,total_data
-0.04278573808800644,0.00020513689225136358,5000.0,160000.0
