O^z,error,N,total_data
-0.04279965124823279,0.00014582960688880295,10000.0,320000.0
