O^z,error,N,total_data
-0.10899183192721948,0.00036452951843579716,8000.0,128000.0
