O^z,error,N,total_data
-0.2288068694205187,0.0018172450045054458,10000.0,10000.0
