O^z,error,N,total_data
-0.10933868388281992,0.0003259260689823073,10000.0,160000.0
