O^z,error,N,total_data
-0.042981143047438546,0.0002649299838228453,3000.0,96000.0
