O^z,error,N,total_data
-0.06515862799243,0.0002920552012783605,5000.0,120000.0
