O^z,error,N,total_data
-0.042610162784600274,0.0001622903081445481,8000.0,256000.0
