O^z,error,N,total_data
-0.23202716029245243,0.0025529161569808833,5000.0,5000.0
