O^z,error,N,total_data
-0.064556219652792,0.00023014897114630276,8000.0,192000.0
