O^z,error,N,total_data
-0.22916691924203375,0.002030936474017159,8000.0,8000.0
