O^z,error,N,total_data
-0.0646455454082704,0.0003740350203755345,3000.0,72000.0
