ZL,error,N
0.050482195113956234,0.005622130396810967,1000.0
