ZL,error,N
-0.023026667914115406,0.004607005439030847,1000.0
