ZL,error,N
-0.08100290687170966,0.0033971044044529405,1000.0
