ZL,error,N
-0.0876605096533658,0.0020118296282350223,1000.0
