ZL,error,N
-0.09962429043663577,0.0025488234018876295,1000.0
