ZL,error,N
0.016968934523909702,0.005213603020984679,1000.0
