ZL,error,N
-0.05462820259087579,0.004180550434719643,1000.0
