ZL,error,N
0.22563192384064146,0.0006987060752434822,10000.0
