ZL,error,N
0.06490429438064636,0.0017383979788839616,1000.0
