ZL,error,N
-0.10663596546770793,0.0001901840737918418,10000.0
