ZL,error,N
0.22506681742562742,0.0022133684552459293,1000.0
