ZL,error,N
-0.0009638004402152163,0.0014789752909672347,1000.0
