ZL,error,N
0.17585997774881562,0.0006680197748831953,10000.0
