ZL,error,N
-0.0011581860536123909,0.0004557151648953366,10000.0
