ZL,error,N
0.12195832636983236,0.0006105402183305849,10000.0
