ZL,error,N
0.1755904993549976,0.0019841927841492478,1000.0
