ZL,error,N
-0.06470328531402529,0.0003256920857056781,10000.0
