ZL,error,N
-0.06516198249135326,0.0010555143394120866,1000.0
