ZL,error,N
-0.1059095529783139,0.0005830765021370963,1000.0
