ZL,error,N
0.12230613484964233,0.001911836143394653,1000.0
