ZL,error,N
0.06202168173942137,0.0005553577446916945,10000.0
