O^z,error,N,total_data
-0.00015701637814933704,1.3312638939278206e-05,1000.0,32000.0
