O^z,error,N,total_data
-0.00024008735457964713,1.75168987281928e-05,1000.0,28000.0
