O^z,error,N,total_data
-0.05088155001293473,0.000960047951985574,1000.0,1000.0
