O^z,error,N,total_data
-0.00041506700918960684,2.6759594581028207e-05,1000.0,24000.0
