O^z,error,N,total_data
-0.0011506078096640247,5.3000729186779034e-05,1000.0,20000.0
