O^z,error,N,total_data
-0.003390232454665677,8.733706048126969e-05,1000.0,16000.0
