O^z,error,N,total_data
-0.0135082736241433,0.00018046597516598744,1000.0,12000.0
