ZL,error,N
0.01034390934584281,0.002476442229101404,1000.0
