ZL,error,N
0.01662601389753846,0.002660918871181988,1000.0
