ZL,error,N
0.04037335100873655,0.002890857689494581,1000.0
