ZL,error,N
0.004759859761770398,0.002491979510836191,999.0
