ZL,error,N
0.04240637730307069,0.0076839498850858915,1000.0
