ZL,error,N
0.36645519238976576,0.003834560255296149,1000.0
