ZL,error,N
0.29895150614815047,0.0039057840030694113,1000.0
