ZL,error,N
0.468042731084864,0.003662715972756529,1000.0
