ZL,error,N
0.4251064463840202,0.0036629736610140086,1000.0
