ZL,error,N
0.2188820471434055,0.003874622092962576,1000.0
