ZL,error,N
0.01055503285606531,0.002649018276923114,1000.0
