ZL,error,N
0.11876733047814518,0.0035053222340907493,1000.0
