O^z,error,N,total_data
-0.00019900286115999123,0.00010143867468544656,1.0,16.0
