O^z,error,N,total_data
-0.00014539828962942627,0.00016637306095251074,1.0,32.0
