O^z,error,N,total_data
-0.00022888755151345098,0.00016871814183475753,1.0,24.0
