O^z,error,N,total_data
-3.4510121645954587e-07,5.2326554257372516e-08,1.0,12.0
