O^z,error,N,total_data
-0.00039305315988932886,0.0001620539174827493,1.0,20.0
