O^z,error,N,total_data
-0.0003042141873344419,0.00017819353729231862,1.0,28.0
