O^z,error,N,total_data
-0.18150115548153894,0.0004819823948380273,1000.0,28000.0
