O^z,error,N,total_data
-0.20042865744039884,0.0005357038111574098,1000.0,24000.0
