O^z,error,N,total_data
-0.22347930643242314,0.0006332859925913443,1000.0,20000.0
