O^z,error,N,total_data
-0.25588229562999115,0.0007351171672689128,1000.0,16000.0
