O^z,error,N,total_data
-0.3853121820655051,0.003472758928899734,1000.0,1000.0
