O^z,error,N,total_data
-0.30559950694470983,0.0009293219763967443,1000.0,12000.0
