O^z,error,N,total_data
-0.16931383894296528,0.0004339984197399942,1000.0,32000.0
