O^z,error,N,total_data
-0.16502196323961904,0.00043543958871268437,1000.0,32000.0
