O^z,error,N,total_data
-0.2506057836337,0.0007664654332517217,1000.0,16000.0
