O^z,error,N,total_data
-0.1781066941560964,0.0004830814952037787,1000.0,28000.0
