O^z,error,N,total_data
-0.21979886208903188,0.0006426877256331755,1000.0,20000.0
