O^z,error,N,total_data
-0.30178403206454746,0.0009398743858265256,1000.0,12000.0
