O^z,error,N,total_data
-0.3795239400846115,0.0036934333905760627,1000.0,1000.0
