O^z,error,N,total_data
-0.19412332807437516,0.000555363961995211,1000.0,24000.0
