ZL,error,N
0.06678829006226918,0.003576885032846566,1000.0
