ZL,error,N
-0.048363559241852365,0.002825029709783286,1000.0
