ZL,error,N
-0.11681749838866212,0.0009467331077693197,1000.0
