ZL,error,N
0.17126114972864814,0.0038656744805870124,1000.0
