ZL,error,N
-0.09611761393862599,0.001839285096427308,1000.0
