ZL,error,N
0.12336935232447505,0.003933340826541883,1000.0
