ZL,error,N
0.00992858680080243,0.003298285316908006,1000.0
