ZL,error,N
-0.16035182113466917,0.011409033184807396,848.0
