O^z,error,N,total_data
0.08562947208593931,0.0002946651735738875,882.0,112896.0
