ZL,error,N
-0.18972596352507878,0.0034737880433216664,1000.0
