ZL,error,N
-0.17202220347538166,0.003207054445997784,1000.0
