ZL,error,N
-0.15342812127628552,0.003282162906897862,1000.0
