ZL,error,N
-0.026157114880490818,0.0030392808176099677,1000.0
