ZL,error,N
-0.084894957689217,0.0030496106471060813,1000.0
