ZL,error,N
-0.1254725435109103,0.003132098673138108,1000.0
