ZL,error,N
-0.18862998825399627,0.003739071268173294,1000.0
