ZL,error,N
0.2581107063542719,0.0027981020120178106,1000.0
