ZL,error,N
0.27038219972529637,0.003486577933903316,1000.0
