ZL,error,N
0.2594356178896604,0.0032491906908747184,1000.0
