ZL,error,N
0.2728365532116107,0.0038597972914158557,1000.0
