ZL,error,N
0.25089819155414383,0.0022997406051442257,1000.0
