ZL,error,N
0.2696956077053168,0.004345342673712701,1000.0
