ZL,error,N
0.2424542546656185,0.0017652086590392686,1000.0
