ZL,error,N
0.011076246382371415,0.0014668883491467631,3000.0
