ZL,error,N
0.006564747413701241,0.0007700065885594325,9999.0
