ZL,error,N
0.006967555503427873,0.0008594790078044179,7999.0
