ZL,error,N
0.004679350325583524,0.0007915377328241013,9995.0
