ZL,error,N
0.005451699231709613,0.0014560299328331787,2998.0
