ZL,error,N
0.007608031599681834,0.0008610237820580951,9982.0
