ZL,error,N
0.004947962541120349,0.0011381619454225748,4998.0
