ZL,error,N
0.009026580893323444,0.0012225743414539859,4991.0
