ZL,error,N
0.012462212651201884,0.0008002051642378943,10000.0
