ZL,error,N
0.007306826730337625,0.0010937337393284398,4999.0
