ZL,error,N
0.00815103340445314,0.0009639450986225511,7986.0
