ZL,error,N
0.006765457417000039,0.0014120132433151102,2999.0
