ZL,error,N
0.009073307018610394,0.0015953673149218793,2995.0
