ZL,error,N
0.005020666756573744,0.000891793565110442,7996.0
