ZL,error,N
0.012223821508979939,0.0011416976035041198,5000.0
