ZL,error,N
0.012465364549467206,0.0008980384350205523,8000.0
