O^z,error,N,total_data
-0.16205379546379806,0.0003412402536982362,2000.0,72000.0
