O^z,error,N,total_data
-0.1507268434703976,0.00031971565143238653,2000.0,80000.0
