O^z,error,N,total_data
-0.13819105760217518,0.00040792174676159397,1000.0,48000.0
