O^z,error,N,total_data
-0.13841648920949698,0.0002902669721774014,2000.0,96000.0
