O^z,error,N,total_data
-0.1442124342053953,0.0004263088715422168,1000.0,44000.0
