O^z,error,N,total_data
-0.16242405532697946,0.0004765255117619643,1000.0,36000.0
