O^z,error,N,total_data
-0.14455967730613614,0.00030582892431997946,2000.0,88000.0
