O^z,error,N,total_data
-0.15008187875548346,0.00044976656553579727,1000.0,40000.0
