O^z,error,N,total_data
-0.3740153215773436,0.010858178241120262,1.0,16.0
