O^z,error,N,total_data
-0.3350910100173907,0.0063667345676425525,1.0,28.0
