O^z,error,N,total_data
-0.34474286798058706,0.0060874317594526725,1.0,24.0
