O^z,error,N,total_data
-0.3573001804508077,0.007507030243997279,1.0,20.0
