O^z,error,N,total_data
-0.3262758312369567,0.004923402848891543,1.0,32.0
