O^z,error,N,total_data
-0.41173013784525486,0.012625105568409243,1.0,12.0
