O^z,error,N,total_data
-0.004398006933847238,0.00017829042492453374,499.0,39920.0
