O^z,error,N,total_data
-0.066426835531279,0.00023849572007206583,10000.0,200000.0
