O^z,error,N,total_data
-0.05106112077544812,0.00018886491862222366,10000.0,240000.0
