O^z,error,N,total_data
-0.013253080535867748,0.0002912780731340177,500.0,24000.0
