O^z,error,N,total_data
-0.007757413270346,0.0002245623073004265,500.0,32000.0
