O^z,error,N,total_data
-0.0402235814947774,0.00015671901873054485,10000.0,280000.0
