O^z,error,N,total_data
-0.17753613134246984,0.0004519478117342275,1000.0,28000.0
