O^z,error,N,total_data
-0.1638899156931389,0.00041060118922770417,1000.0,32000.0
