O^z,error,N,total_data
-0.3038618926938306,0.0009220611585501529,1000.0,12000.0
