O^z,error,N,total_data
-0.2530884539297196,0.0007402240928706596,1000.0,16000.0
