O^z,error,N,total_data
-0.19539039696496505,0.0005272013019634684,1000.0,24000.0
