O^z,error,N,total_data
-0.21964170419457676,0.0006114070078657387,1000.0,20000.0
