O^z,error,N,total_data
-0.3881282499030958,0.0035978575355970575,1000.0,1000.0
