ZL,error,N
0.1479430671804377,0.009693661873023564,1000.0
