ZL,error,N
-0.028892597605712604,0.008040566718212369,1000.0
