ZL,error,N
0.10961921835009379,0.009288177143531213,1000.0
