ZL,error,N
0.060489712330938555,0.00907548358679412,1000.0
