O^z,error,N,total_data
0.0017516932996408444,3.755934718308937e-05,1000.0,128000.0
