O^z,error,N,total_data
0.008311274326385109,0.00011617141930400444,1000.0,64000.0
