O^z,error,N,total_data
-0.09623976194086865,0.0005619570270740645,1000.0,24000.0
