O^z,error,N,total_data
-0.2907746901859626,0.003923711660375398,1000.0,1000.0
