O^z,error,N,total_data
-0.07805034258866154,0.00047664494700156633,1000.0,28000.0
