O^z,error,N,total_data
-0.12179235519786098,0.0006815019223023936,1000.0,20000.0
