O^z,error,N,total_data
-0.20469195818169697,0.0010387414080908202,1000.0,12000.0
