O^z,error,N,total_data
-0.06553709625897526,0.0004145412783364884,1000.0,32000.0
