O^z,error,N,total_data
-0.1551948720782093,0.0008255341014015338,1000.0,16000.0
