O^z,error,N,total_data
-0.0002773764410358163,0.0005580400650950232,1.0,24.0
