O^z,error,N,total_data
-0.0006543698864436818,0.0005129071704214246,1.0,20.0
