O^z,error,N,total_data
-0.000644643710046265,4.763977930379728e-05,1.0,12.0
