O^z,error,N,total_data
-0.0002256813130853817,0.0006000897323542227,1.0,32.0
