O^z,error,N,total_data
0.0016540998517723198,0.0005920864355473378,1.0,28.0
