O^z,error,N,total_data
-5.3878890172034895e-05,7.375345335441409e-06,1.0,16.0
