ZL,error,N
0.13160279556914034,0.0037096170854428426,1000.0
