ZL,error,N
0.1226529905015604,0.003856196583425561,1000.0
