ZL,error,N
0.16068874213200526,0.0028499729662070155,1000.0
