ZL,error,N
0.11987283293324179,0.004126873278761569,1000.0
