ZL,error,N
0.15042714537988416,0.0031833279025169346,1000.0
