ZL,error,N
0.13857830800805476,0.003532627763611298,1000.0
