ZL,error,N
0.12772064014366372,0.003792788484357136,1000.0
