O^z,error,N,total_data
-0.0009243832876544482,0.00013424562569241117,916.0,58624.0
