O^z,error,N,total_data
-0.0015958441758526553,0.00019100858065811715,956.0,45888.0
