O^z,error,N,total_data
-0.013619747487457513,0.000452545450471345,992.0,23808.0
