O^z,error,N,total_data
-0.0005144215874431847,0.000107983095874901,885.0,70800.0
