O^z,error,N,total_data
-0.006032745222994986,0.0003366974456225232,976.0,31232.0
