O^z,error,N,total_data
-0.28066514676926324,0.0006311276426179222,1000.0,16000.0
