O^z,error,N,total_data
-0.2470893998248088,0.0005331400035127994,1000.0,20000.0
