O^z,error,N,total_data
-0.41485701606829706,0.0030031252611983908,1000.0,1000.0
