O^z,error,N,total_data
-0.24669010459720947,0.00016866043905413704,10000.0,200000.0
