O^z,error,N,total_data
-0.19122791197776975,0.0003840466021152064,1000.0,32000.0
