O^z,error,N,total_data
-0.41254128597604733,0.0009450515094795994,10000.0,10000.0
