O^z,error,N,total_data
-0.20465742777681203,0.000131151226301658,10000.0,280000.0
