O^z,error,N,total_data
-0.20414801225539922,0.00041563221855781066,1000.0,28000.0
