O^z,error,N,total_data
-0.27935972557298533,0.00020226819479327227,10000.0,160000.0
