O^z,error,N,total_data
-0.2229313937581253,0.00014695728374385133,10000.0,240000.0
