O^z,error,N,total_data
-0.32847476419047944,0.00025064248687972667,10000.0,120000.0
