O^z,error,N,total_data
-0.3285941836724603,0.0007855903124010437,1000.0,12000.0
