O^z,error,N,total_data
-0.19012059925169975,0.00011904457488199176,10000.0,320000.0
