O^z,error,N,total_data
-0.2223957016012248,0.00046408758749998775,1000.0,24000.0
