O^z,error,N,total_data
-0.17592726242439588,0.00048803556207313673,1000.0,28000.0
