O^z,error,N,total_data
-0.1619944485350477,0.0004345569137563182,1000.0,32000.0
