O^z,error,N,total_data
-0.29914362062342714,0.0009614523147999775,1000.0,12000.0
