O^z,error,N,total_data
-0.21746320855707188,0.000646187007477252,1000.0,20000.0
