O^z,error,N,total_data
-0.19252641667633263,0.000555254532783354,1000.0,24000.0
