O^z,error,N,total_data
-0.2483146728394579,0.0007768470175046007,1000.0,16000.0
