O^z,error,N,total_data
-0.37929489846003756,0.0036849363072261514,1000.0,1000.0
