ZL,error,N
-0.15896412522798675,0.002271929384513429,1000.0
