ZL,error,N
-0.1257093979055343,0.001133367067653648,1000.0
