ZL,error,N
-0.13490636700779907,0.0029314027555410044,1000.0
