ZL,error,N
-0.07472450346065063,0.004099429934324225,1000.0
