ZL,error,N
-0.10462333608662533,0.0035580183994470185,1000.0
