ZL,error,N
-0.1573804894581163,0.0014779699764688773,1000.0
