ZL,error,N
-0.03888910551791136,0.00459495811870046,1000.0
