O^z,error,N,total_data
-0.0029733672756196965,6.196705719386158e-05,1000.0,32000.0
