O^z,error,N,total_data
-0.16887890913065867,0.0011929372161425865,1000.0,1000.0
