O^z,error,N,total_data
-0.034377206597620766,0.00020073568901107547,1000.0,16000.0
