O^z,error,N,total_data
-0.07412424223016656,0.0002984285946285282,1000.0,12000.0
