O^z,error,N,total_data
-0.008680338562025805,0.0001127553113334676,1000.0,24000.0
