O^z,error,N,total_data
-0.004733840249617138,7.87024054386897e-05,1000.0,28000.0
