O^z,error,N,total_data
-0.01649309553636611,0.0001410350980016922,1000.0,20000.0
