ZL,error,N
0.006429083654425355,0.00243362086286287,1000.0
