ZL,error,N
0.01475061802385042,0.0025251302142826415,1000.0
