ZL,error,N
0.023287221824947336,0.002655092205258922,1000.0
