ZL,error,N
0.04726605623746979,0.0028482520973295766,1000.0
