ZL,error,N
0.19314291606413087,0.010305150025751834,1000.0
