ZL,error,N
0.1373257524507068,0.009822310787158497,1000.0
