O^z,error,N,total_data
0.13939029584582166,0.0033941751617950137,1000.0,1000.0
