O^z,error,N,total_data
0.08131400948504579,0.0007093408379576118,1000.0,16000.0
