O^z,error,N,total_data
0.051427188798561264,0.0004844188737908756,1000.0,24000.0
