O^z,error,N,total_data
0.036505586081955095,0.0003533283044105921,1000.0,32000.0
