O^z,error,N,total_data
0.0038253498880601805,5.498384803000471e-05,1000.0,128000.0
