O^z,error,N,total_data
0.014193418393927858,0.00015796051217019646,1000.0,64000.0
