ZL,error,N
0.0895864467268914,0.008689411330801996,998.0
