ZL,error,N
0.07069738366073912,0.008355308151945436,1000.0
