ZL,error,N
0.11357625388512639,0.0105456585934916,941.0
