ZL,error,N
0.10677762345819622,0.00882281131308853,1000.0
