ZL,error,N
0.09115495323450193,0.008491436337140964,1000.0
