ZL,error,N
-0.00952280871477667,0.007579038043581221,1000.0
