ZL,error,N
0.049970667526729726,0.008473524801444105,1000.0
