ZL,error,N
0.12107965189096903,0.00937603764635374,998.0
