ZL,error,N
0.16891476497536803,0.004041502936104498,1000.0
