ZL,error,N
0.17066345593414947,0.0038021721814854993,1000.0
