ZL,error,N
0.173394155689586,0.0035997995916504655,1000.0
