ZL,error,N
0.16727539494761093,0.004288178859915744,1000.0
