ZL,error,N
0.17560634390608798,0.0033992885103879414,1000.0
