ZL,error,N
0.19125350604747157,0.0025193257558807384,1000.0
