ZL,error,N
0.18442676985317588,0.0029668914931752057,1000.0
