O^z,error,N,total_data
-0.041094160863354205,0.00014354650108710818,9998.0,319936.0
