O^z,error,N,total_data
-0.22390251747118808,0.0020424165172227946,8000.0,8000.0
