O^z,error,N,total_data
-0.008271932913143733,0.00018653185533315893,499.0,39920.0
