O^z,error,N,total_data
-0.011809643849780222,0.0002508219888554598,500.0,32000.0
