O^z,error,N,total_data
-0.105775506821443,0.00036307133280509134,8000.0,128000.0
