O^z,error,N,total_data
-0.008212764831833232,0.00013346553010613654,999.0,79920.0
