O^z,error,N,total_data
-0.02027042353270878,0.00037961582827224135,500.0,24000.0
