O^z,error,N,total_data
-0.0630871849430911,0.00022878601999468866,8000.0,192000.0
