corr,error,N
1.5563470830791237,0.034676568417547765,1000.0
