corr,error,N
1.7509304027766164,0.03622420066403873,1000.0
