corr,error,N
2.4607306024167497,0.03941759423614826,1000.0
