corr,error,N
1.959326281596255,0.03706078829247477,1000.0
