O^z,error,N,total_data
-0.2558851641220698,0.000685143751811787,1000.0,16000.0
