O^z,error,N,total_data
-0.20093507672508182,0.0005632468552587046,1000.0,24000.0
