O^z,error,N,total_data
-0.17091598990105708,0.0004984515093968351,1000.0,32000.0
