O^z,error,N,total_data
-0.378645725070108,0.00260371470585392,1000.0,1000.0
