O^z,error,N,total_data
-0.18506598981500424,0.0005254060222113769,1000.0,28000.0
