O^z,error,N,total_data
-0.22389888064240387,0.0006139451988986752,1000.0,20000.0
