ZL,error,N
0.07798511326643703,0.0053143417092887755,1000.0
