ZL,error,N
0.11719148907642674,0.005643143421007381,1000.0
