ZL,error,N
0.03556603900197196,0.004970294796211569,1000.0
