ZL,error,N
-0.08239397627818594,0.0019893766341947954,1000.0
