ZL,error,N
-0.0049174020644615025,0.004539361746670971,1000.0
