ZL,error,N
-0.07804141300001141,0.0028766269019418586,1000.0
