ZL,error,N
-0.04599949612541614,0.003807437682426134,1000.0
