ZL,error,N
0.015943573338778265,0.004035457203582551,832.0
