ZL,error,N
0.016137890975090798,0.005171497962212506,455.0
