ZL,error,N
0.02388251911164878,0.005548475063560842,432.0
