O^z,error,N,total_data
-0.34645291183728005,0.00048795836992210454,1000.0,16000.0
