O^z,error,N,total_data
-0.30455324937730266,0.00041875033711509177,1000.0,24000.0
