O^z,error,N,total_data
-0.384964379492605,0.0005495535660128352,1000.0,12000.0
