O^z,error,N,total_data
-0.2919949224199101,0.0004122149588288318,1000.0,28000.0
