O^z,error,N,total_data
-0.2823551612662396,0.0004022299286443098,1000.0,32000.0
