O^z,error,N,total_data
-0.32145549711994126,0.00044901671801918447,1000.0,20000.0
