O^z,error,N,total_data
-0.4661964777392417,0.0017949757356175583,1000.0,1000.0
