O^z,error,N,total_data
-0.05157150113369579,0.0006208978046155634,1000.0,24000.0
