O^z,error,N,total_data
-0.20283143412409005,0.005820396815064312,1000.0,1000.0
