O^z,error,N,total_data
-0.09507194303761422,0.0010000429923551382,1000.0,16000.0
