O^z,error,N,total_data
-0.031394157489848196,0.00043414631638568257,999.0,31968.0
