ZL,error,N
0.036974526809317475,0.005285784950417435,1000.0
