ZL,error,N
-0.12139477933204769,0.0021747773640860314,1000.0
