ZL,error,N
-9.7880413958699e-05,0.004963462435715325,1000.0
