ZL,error,N
-0.07649296048389607,0.003922737464525009,1000.0
