O^z,error,N,total_data
-0.0747163789453806,0.000954580627411837,1000.0,16000.0
