O^z,error,N,total_data
-0.03944224179628641,0.0005764762752006041,1000.0,24000.0
