O^z,error,N,total_data
-0.18329233665734715,0.005881618296829876,1000.0,1000.0
