O^z,error,N,total_data
-0.021381615576712518,0.00039423540601369564,1000.0,32000.0
