ZL,error,N
0.06654619694450982,0.009258604377040987,1000.0
