ZL,error,N
0.1270944099989971,0.009354632745539198,1000.0
