ZL,error,N
0.319416279547987,0.0026586232805798854,1000.0
