ZL,error,N
0.37467016415933474,0.0027898591517206907,1000.0
