ZL,error,N
0.25107727537511076,0.002696739870829381,1000.0
