ZL,error,N
0.07206901746400456,0.0020724951445257552,1000.0
