ZL,error,N
0.16931085775861165,0.002490918960421018,1000.0
