ZL,error,N
-0.0291739748291598,0.0011976164519164726,1000.0
