ZL,error,N
0.42609928154902244,0.002557862133035808,1000.0
