O^z,error,N,total_data
-0.24494243408942817,0.00043493232928756853,1000.0,32000.0
