O^z,error,N,total_data
-0.2814629746091244,0.0005161229634361991,1000.0,20000.0
