O^z,error,N,total_data
-0.26407898260751256,0.00048565014537451767,1000.0,24000.0
