O^z,error,N,total_data
-0.41016839290252155,0.0022021087033216613,1000.0,1000.0
