O^z,error,N,total_data
-0.34126758855850664,0.0006340784819286124,1000.0,12000.0
