O^z,error,N,total_data
-0.25170028688815915,0.0004768833378943745,1000.0,28000.0
