O^z,error,N,total_data
-0.30440395767286227,0.0005620536394662973,1000.0,16000.0
