O^z,error,N,total_data
0.0008088667693109592,0.0004630836562509927,1.0,24.0
