O^z,error,N,total_data
-0.0001284299008457529,1.4463590239971523e-05,1.0,12.0
