O^z,error,N,total_data
0.0003114062914215378,0.00023543191117261365,1.0,20.0
