O^z,error,N,total_data
0.001235160184875708,0.000729001009821145,1.0,28.0
