O^z,error,N,total_data
-0.0006758187487326728,0.0006409530473998474,1.0,32.0
