O^z,error,N,total_data
-2.095645687509057e-06,7.358305541674042e-07,1.0,16.0
