O^z,error,N,total_data
-0.21191770933526521,0.000389796588587601,1000.0,24000.0
