O^z,error,N,total_data
-0.4303790091520235,0.002681003956956335,1000.0,1000.0
