O^z,error,N,total_data
-0.23993837768468876,0.00046126182222043494,1000.0,20000.0
