O^z,error,N,total_data
-0.1745407459013435,0.00030321304110469044,1000.0,32000.0
