O^z,error,N,total_data
-0.27865033842766934,0.0005590011708706343,1000.0,16000.0
