O^z,error,N,total_data
-0.33431838388530305,0.0007215959238327462,1000.0,12000.0
