O^z,error,N,total_data
-0.19202258154100402,0.0003451803189308544,1000.0,28000.0
