O^z,error,N,total_data
-0.23529662437012466,0.0008424128549554133,1000.0,16000.0
