O^z,error,N,total_data
-0.36103256793781924,0.003865838076988661,1000.0,1000.0
