O^z,error,N,total_data
-0.18053525191289302,0.000619843416550365,1000.0,24000.0
