O^z,error,N,total_data
-0.2813013532494955,0.0010388530136218644,1000.0,12000.0
