O^z,error,N,total_data
-0.16397544163360697,0.0005423163672993993,1000.0,28000.0
