O^z,error,N,total_data
-0.1490257272912423,0.0004948910206573745,1000.0,32000.0
