O^z,error,N,total_data
-0.20162931607367202,0.000711816405015995,1000.0,20000.0
