ZL,error,N
0.14352050337131325,0.0034247512286261256,1000.0
