ZL,error,N
0.10851560125173391,0.00425672274163012,1000.0
