ZL,error,N
0.12050959980785975,0.0040334842527399994,1000.0
