ZL,error,N
0.10105507151070264,0.004473378667610057,1000.0
