ZL,error,N
0.15849100205869027,0.0029193003847649483,1000.0
