ZL,error,N
0.12915097074284573,0.003862357332359859,1000.0
