ZL,error,N
0.09442585257576015,0.004667395522890393,1000.0
