ZL,error,N
-0.11569064621893133,0.0014202761210961362,1000.0
