ZL,error,N
-0.1493678375989813,0.0031761425649518365,1000.0
