ZL,error,N
-0.1285288753312288,0.0038898391053296807,1000.0
