ZL,error,N
-0.10133536696842764,0.00445541870476408,1000.0
