ZL,error,N
-0.15528565999453953,0.001606085141781941,1000.0
