ZL,error,N
-0.06923229815450684,0.004899500591206546,1000.0
