ZL,error,N
-0.16292822352321895,0.0023812809460755664,1000.0
