ZL,error,N
0.174165936688024,0.0029881908364721723,1000.0
