ZL,error,N
0.15900029940223717,0.003685040004947756,1000.0
