ZL,error,N
0.16133933332098724,0.003594213930200233,1000.0
