ZL,error,N
0.18103157111278134,0.0026245560807747997,1000.0
