ZL,error,N
0.16593021542417075,0.0033425419946427606,1000.0
