ZL,error,N
0.15376352475771027,0.004091147994870825,1000.0
