ZL,error,N
0.15213669712005518,0.004100661621934015,1000.0
