ZL,error,N
0.19481941384450716,0.0029496666510218142,1000.0
