ZL,error,N
0.17495161524621122,0.004524505426791763,1000.0
