ZL,error,N
0.17812569869056427,0.004260042062641587,1000.0
