ZL,error,N
0.18329691751932023,0.0037841183469015075,1000.0
