corr,error,N
0.32568734296081703,0.016816644197501635,3000.0
