corr,error,N
0.8194312344876014,0.02473477457388773,3000.0
