corr,error,N
0.552420911984518,0.021014316354839205,3000.0
