corr,error,N
0.2645467657719308,0.015045225826972165,3000.0
