corr,error,N
0.44853569474922933,0.019713590911561454,3000.0
