corr,error,N
1.445793921133654,0.029957981827277713,3000.0
