ZL,error,N
0.1726581509087797,0.010279379769051394,995.0
