ZL,error,N
0.13885235498141754,0.009215454972614888,1000.0
