O^z,error,N,total_data
-0.2399395301947726,0.0006387387900284841,1000.0,20000.0
