O^z,error,N,total_data
-0.21656806724865008,0.0005670197644258686,1000.0,24000.0
