O^z,error,N,total_data
-0.20328025786375534,0.0005081900780845407,1000.0,28000.0
