O^z,error,N,total_data
-0.3965233582696254,0.0032910003657605435,1000.0,1000.0
