O^z,error,N,total_data
-0.1905018811716702,0.00046676515805803916,1000.0,32000.0
