O^z,error,N,total_data
-0.31113939263164475,0.0009002463277740205,1000.0,12000.0
