O^z,error,N,total_data
-0.26765097319703995,0.0007315313185080164,1000.0,16000.0
