ZL,error,N
-0.013156239525205523,0.0009365054077764497,10000.0
