ZL,error,N
-0.012459127142650654,0.000980933946975974,10000.0
