ZL,error,N
0.07220866290451373,0.0054348969652305255,998.0
