ZL,error,N
0.004478784644039892,0.0037468116620569467,1000.0
