ZL,error,N
0.035634149857435043,0.00448267942602883,999.0
