ZL,error,N
-0.003602679642680605,0.003414691186018,1000.0
