ZL,error,N
0.05025074894894637,0.004843264973509288,999.0
