ZL,error,N
-0.010150719697383206,0.0010184598641834962,10000.0
