ZL,error,N
0.01695446512562466,0.007908327638470875,1000.0
