O^z,error,N,total_data
-0.07138563429267632,0.002647749046952806,1000.0,1000.0
