O^z,error,N,total_data
-0.0010448617497846248,4.805883656867567e-05,1000.0,28000.0
