O^z,error,N,total_data
-0.004985182012246682,0.00012817684015445434,1000.0,20000.0
