O^z,error,N,total_data
-0.002131073986637092,7.802654859855946e-05,1000.0,24000.0
