O^z,error,N,total_data
-0.010712052967261059,0.00023727182084330188,1000.0,16000.0
