O^z,error,N,total_data
-0.0006123384810350662,3.820726537914164e-05,1000.0,32000.0
