O^z,error,N,total_data
-0.026042232905466898,0.0004751490213329227,1000.0,12000.0
