O^z,error,N,total_data
-0.3977784200302655,0.0032914246881361182,1000.0,1000.0
