O^z,error,N,total_data
-0.26637344538972246,0.0007346257826555807,1000.0,16000.0
