O^z,error,N,total_data
-0.1888722714818779,0.000440559682634156,1000.0,32000.0
