O^z,error,N,total_data
-0.31380204033130554,0.000875891952513523,1000.0,12000.0
