O^z,error,N,total_data
-0.23784901890013432,0.0006160850276875986,1000.0,20000.0
