O^z,error,N,total_data
-0.1998211789780882,0.0004896066393936394,1000.0,28000.0
