O^z,error,N,total_data
-0.21535369470787058,0.0005468146347640699,1000.0,24000.0
