O^z,error,N,total_data
-0.07423892982204465,0.000519822166175591,1000.0,24000.0
