O^z,error,N,total_data
-0.05848193979926879,0.0004262278467739951,1000.0,28000.0
