O^z,error,N,total_data
-0.0965295538128664,0.0006553072988168117,1000.0,20000.0
