O^z,error,N,total_data
-0.12945432806038,0.0008210616031376614,1000.0,16000.0
