O^z,error,N,total_data
-0.04757709698022584,0.00037360888670644096,1000.0,32000.0
