O^z,error,N,total_data
-0.17688457597240662,0.001066872469513198,1000.0,12000.0
