O^z,error,N,total_data
-0.2634498279448362,0.004089093201671102,1000.0,1000.0
