ZL,error,N
0.0023110077896231354,0.0027614103168930367,1000.0
