ZL,error,N
0.013866061138791495,0.0027168707633739883,1000.0
