ZL,error,N
0.027109870679124706,0.002947981779716352,1000.0
