ZL,error,N
-0.0008248191083121554,0.0026580933272991113,1000.0
