ZL,error,N
0.21599304010066586,0.00186369124139689,1000.0
