ZL,error,N
0.1927432608228175,0.0019632228677797705,10000.0
