ZL,error,N
0.21773812545890592,0.002674761550459538,1000.0
