ZL,error,N
0.21466926416520915,0.0008354047416378719,10000.0
