ZL,error,N
0.21519020326554847,0.0005953672071186608,10000.0
