ZL,error,N
0.1890235934698668,0.006105077885997766,1000.0
