ZL,error,N
0.21007450141879175,0.003487005136927359,1000.0
