ZL,error,N
0.21061072872507539,0.0013046170538803573,10000.0
