ZL,error,N
0.21140706043762608,0.0010752722969515464,10000.0
