ZL,error,N
0.2024831172727882,0.0015289642314485724,10000.0
