ZL,error,N
0.20272610363822333,0.004815507247728975,1000.0
