ZL,error,N
0.19766233594528795,0.0017539434584436147,10000.0
