ZL,error,N
0.19141262063442732,0.005584749488225573,1000.0
