ZL,error,N
0.2028712159794874,0.0041670086693636355,1000.0
