O^z,error,N,total_data
-0.003126845965224687,0.00020080808996648244,498.0,31872.0
