O^z,error,N,total_data
-0.006732034041757398,0.0002908895448860523,499.0,23952.0
