O^z,error,N,total_data
-0.002034602537455422,0.0001081713116275507,992.0,79360.0
