O^z,error,N,total_data
0.03289949365572242,0.0005008548580336203,1000.0,16000.0
