O^z,error,N,total_data
0.08094564881708273,0.0030771390851837403,1000.0,1000.0
