O^z,error,N,total_data
0.01738899195977301,0.00029352875405172285,1000.0,24000.0
