O^z,error,N,total_data
0.009534229555702226,0.0001827280550308471,1000.0,32000.0
