O^z,error,N,total_data
-0.08492338062832328,0.0006133783007408445,1000.0,20000.0
