O^z,error,N,total_data
-0.11482454557794128,0.0007720072010209735,1000.0,16000.0
