O^z,error,N,total_data
-0.03702400145881292,0.0003259416459284863,1000.0,32000.0
