O^z,error,N,total_data
-0.0626000162474155,0.0004750838546051654,1000.0,24000.0
