O^z,error,N,total_data
-0.047988517586298456,0.0003860324600439587,1000.0,28000.0
