O^z,error,N,total_data
-0.24935206217056563,0.004079271021397958,1000.0,1000.0
