O^z,error,N,total_data
-0.16407636382233495,0.00102839057076694,1000.0,12000.0
