ZL,error,N
-0.0002241269596124163,0.0029079623144834107,1000.0
