ZL,error,N
0.01727860600236646,0.002844244314137249,1000.0
