ZL,error,N
-0.00037610604515940065,0.002845889994618929,1000.0
