ZL,error,N
-0.005864931491025165,0.0028385544286968025,1000.0
