O^z,error,N,total_data
-0.26322125760649306,0.0005066248430314402,1000.0,20000.0
