O^z,error,N,total_data
-0.3421733800128302,0.0007344593111154065,1000.0,12000.0
