O^z,error,N,total_data
-0.2082709579617802,0.00037103790244052596,1000.0,32000.0
