O^z,error,N,total_data
-0.22278429229124136,0.00040869940622776085,1000.0,28000.0
