O^z,error,N,total_data
-0.31496367050884294,0.0008638608162647361,1000.0,12000.0
