O^z,error,N,total_data
-0.2121324048428512,0.0005185356222708258,1000.0,28000.0
