O^z,error,N,total_data
-0.2461629210044088,0.000630085410286921,1000.0,20000.0
