O^z,error,N,total_data
-0.20222251510121217,0.00048667795059819134,1000.0,32000.0
