ZL,error,N
0.1731758932550008,0.003886095689109022,1000.0
