ZL,error,N
0.17518110865294428,0.003466803792776387,1000.0
