ZL,error,N
0.1750931261351753,0.0035582689791851378,1000.0
