ZL,error,N
0.18206199913216564,0.002918296486698194,1000.0
