ZL,error,N
0.16600446902251584,0.0040625701814447,1000.0
