ZL,error,N
0.18853598868810875,0.002529199968912796,1000.0
