ZL,error,N
0.17422099383074666,0.003272435603647698,1000.0
