ZL,error,N
0.07660201640991432,0.0030650174395906457,1000.0
