ZL,error,N
0.1533874267315177,0.0033168878840719057,1000.0
