ZL,error,N
-0.006510669599982063,0.002389621587693503,1000.0
