ZL,error,N
-0.07624397416907228,0.001290387663054758,1000.0
