ZL,error,N
0.27838997354470496,0.003521520653026263,1000.0
