ZL,error,N
0.3283045794920651,0.0034308274407046503,1000.0
