ZL,error,N
0.2174929624488646,0.003428924000130726,1000.0
