ZL,error,N
0.003960884814862174,0.0024700988962253856,1000.0
