ZL,error,N
0.027120398658803,0.002829636663235378,1000.0
