ZL,error,N
0.009380797901374648,0.002652973514766586,1000.0
