ZL,error,N
0.0032323743753112396,0.0024871789332801915,1000.0
