ZL,error,N
-0.0019362102794505992,0.0030012636245011683,1000.0
