ZL,error,N
-0.002137149946944788,0.0027602819675561093,1000.0
