ZL,error,N
0.009216781939751348,0.002705890707405342,1000.0
