ZL,error,N
0.008823120410917693,0.003227716677167808,1000.0
