index,x2-x1,corr
0,47,-1.2856736620269746
1,47,-0.9969331063140572
2,47,-1.0079616517961005
3,47,-0.513763591942193
4,47,-1.0889834994167678
5,47,-0.639093922502964
6,47,-0.9081018102445629
7,47,0.6273801264104586
8,47,-1.3368420469500362
9,47,0.4415051694796668
