index,x2-x1,corr
0,63,-1.0227636262847188
1,63,-1.010899505133684
2,63,-0.14614995045869864
3,63,-0.08523802406933917
4,63,-0.7317246687982442
5,63,-0.6811754143910644
6,63,-1.3375774350981482
7,63,-0.7213403762423688
8,63,-1.5155486928865864
9,63,0.184748153429545
