index,x2-x1,corr
0,31,-1.374049091033704
1,31,-1.0296608726518153
2,31,-0.672434301450075
3,31,0.07024415463263892
4,31,-1.2434724961912973
5,31,-0.6993128304017945
6,31,-0.925766853476159
7,31,-1.1346431362666451
8,31,-1.4049812730586781
9,31,-0.1895506972700264
