index,x2-x1,corr
0,15,-1.1208859911116191
1,15,-1.0009481053708091
2,15,-1.2450241801110882
3,15,-0.6521361810925522
4,15,-1.6690057529045086
5,15,-0.30699223722595376
6,15,-1.3396927479820697
7,15,-1.707422908695781
8,15,-1.4209728025657071
9,15,-0.6735071929451272
