O^z,error,N,total_data
-0.15701031378506525,0.00042988235158764347,1000.0,32000.0
