O^z,error,N,total_data
-0.29744688379734635,0.0009703217729807592,1000.0,12000.0
