O^z,error,N,total_data
-0.24529560949008014,0.0007773632087606053,1000.0,16000.0
