O^z,error,N,total_data
-0.1719468812087301,0.00047801443613684796,1000.0,28000.0
