O^z,error,N,total_data
-0.189777502777253,0.0005462512685261629,1000.0,24000.0
