O^z,error,N,total_data
-0.3788193580565787,0.003839691455845653,1000.0,1000.0
