O^z,error,N,total_data
-0.21572477288503006,0.0006386759775933962,1000.0,20000.0
