O^z,error,N,total_data
-0.2507451280085007,0.0007652074634661963,1000.0,16000.0
