O^z,error,N,total_data
-0.21971675947009256,0.0006250673132939012,1000.0,20000.0
