O^z,error,N,total_data
-0.30243462606209,0.0009474809848556409,1000.0,12000.0
