O^z,error,N,total_data
-0.1625136305428211,0.00042737645582718636,1000.0,32000.0
