O^z,error,N,total_data
-0.3844166237262552,0.0036398203320190323,1000.0,1000.0
