O^z,error,N,total_data
-0.19520542059591003,0.0005383709879249805,1000.0,24000.0
