O^z,error,N,total_data
-0.17774919733871072,0.00047039777353978355,1000.0,28000.0
