O^z,error,N,total_data
-0.2574652403063658,0.00045215017242396526,1000.0,24000.0
