O^z,error,N,total_data
-0.4391954928929164,0.002445611628991675,1000.0,1000.0
