O^z,error,N,total_data
-0.24348011959875146,0.00041917268236396795,1000.0,28000.0
