O^z,error,N,total_data
-0.27840147833977774,0.0005022917237224703,1000.0,20000.0
