O^z,error,N,total_data
-0.30733833074723577,0.0005770050592394658,1000.0,16000.0
