O^z,error,N,total_data
-0.23360245540815025,0.0003882986720852213,1000.0,32000.0
