O^z,error,N,total_data
-0.3505566678860989,0.0007040642090531391,1000.0,12000.0
