ZL,error,N
-0.03627483608101867,0.004260998293162967,1000.0
