ZL,error,N
0.018321441302394163,0.003964839464983502,1000.0
