ZL,error,N
-0.01364069031803937,0.004225264682691368,1000.0
