ZL,error,N
0.06039844649272331,0.003545254658171325,1000.0
