ZL,error,N
-0.05490762002079712,0.004391549313053462,1000.0
