ZL,error,N
-0.08601766074814063,0.004403890276364845,1000.0
