ZL,error,N
-0.07079822725264266,0.004384554806467334,1000.0
