O^z,error,N,total_data
-0.4621156765342953,0.0019406917329135122,1000.0,1000.0
