O^z,error,N,total_data
-0.3418269918537913,0.0005196423200389739,1000.0,16000.0
