O^z,error,N,total_data
-0.2848172707231773,0.0003981792925129514,1000.0,32000.0
