O^z,error,N,total_data
-0.3197212853497352,0.00045275847380290635,1000.0,20000.0
