O^z,error,N,total_data
-0.38170085170964513,0.0005799924338098089,1000.0,12000.0
