O^z,error,N,total_data
-0.30365197430808616,0.00040999465665826146,1000.0,24000.0
