O^z,error,N,total_data
-0.29350397155799796,0.00040423138052811825,1000.0,28000.0
