ZL,error,N
0.013792217483629757,0.002847938249167377,1000.0
