ZL,error,N
0.0014540767617202618,0.002917059825608003,1000.0
