ZL,error,N
-0.00615314106377827,0.0029439661664074617,1000.0
