ZL,error,N
-0.0007581541942208978,0.002798112516139738,1000.0
