ZL,error,N
-0.27593971297257447,0.003938173059583077,1000.0
