ZL,error,N
-0.23828134694928504,0.0038909697517074578,1000.0
