ZL,error,N
-0.04089214100348231,0.0034301954316778315,1000.0
