ZL,error,N
0.022246173324191067,0.0028219814068253597,1000.0
