ZL,error,N
-0.19190304809903574,0.003742437072826689,1000.0
