ZL,error,N
-0.15066144129720252,0.0038490851633961806,1000.0
