ZL,error,N
-0.09827669823725323,0.0036814387559904625,1000.0
