ZL,error,N
0.03778354634105193,0.004493158295231643,974.0
