ZL,error,N
0.022893626734259386,0.0034107890072724175,997.0
