ZL,error,N
0.03227229492358765,0.004071243779651322,989.0
