ZL,error,N
0.04304243137129566,0.004899325181200899,939.0
