ZL,error,N
0.013496099058949317,0.003141877466055121,997.0
