ZL,error,N
-0.25163664496251986,0.0051175980362467965,1000.0
