ZL,error,N
-0.2503809714809003,0.005671140066965268,1000.0
