ZL,error,N
-0.2520628181723653,0.004385638907220738,1000.0
