ZL,error,N
-0.2495971183217112,0.005035283329795807,1000.0
