ZL,error,N
-0.2004804594215221,0.005328290756274967,1000.0
