ZL,error,N
-0.20238614401940158,0.005192803993323591,1000.0
