ZL,error,N
-0.20327260403000585,0.003637358932396727,2000.0
