ZL,error,N
-0.2072259425228366,0.003387127609708568,2000.0
