ZL,error,N
-0.19274832079084772,0.0058345226558249,1000.0
