ZL,error,N
-0.19569234077089664,0.0041753986887136324,2000.0
