ZL,error,N
-0.21140254822569912,0.004678924679777337,1000.0
