ZL,error,N
-0.199152579403999,0.003896878031745478,2000.0
