ZL,error,N
-0.31026453216377303,0.011922706284301062,868.0
