ZL,error,N
0.020031895314161077,0.0066174375613736085,1000.0
