ZL,error,N
-0.09372346568734947,0.004200519234677466,1000.0
