ZL,error,N
-0.06377616773419378,0.005354153760261439,1000.0
