ZL,error,N
-0.10508852168749319,0.003663723109448388,1000.0
