ZL,error,N
-0.02665901776448537,0.005975797019895137,1000.0
