ZL,error,N
0.07866773074928755,0.0022434751272072603,3000.0
