ZL,error,N
-0.015764963607936507,0.002901507587052963,3000.0
