ZL,error,N
0.013661536999914396,0.002686538320181167,3000.0
