ZL,error,N
0.11313793036043561,0.0019306388298722733,3000.0
