ZL,error,N
0.0326206191862799,0.0026099147541170367,3000.0
