ZL,error,N
-0.004560080875572544,0.002801683405417312,3000.0
