ZL,error,N
0.055000547261839776,0.002437620764041361,3000.0
