O^z,error,N,total_data
-0.04714857716205479,0.0003871859329888358,1000.0,24000.0
