O^z,error,N,total_data
-0.06849865603925114,0.0005185265308082513,1000.0,20000.0
