O^z,error,N,total_data
-0.23384659615475556,0.003574097511856538,1000.0,1000.0
