O^z,error,N,total_data
-0.09756288360360273,0.000666600603033918,1000.0,16000.0
