O^z,error,N,total_data
-0.03339051094928353,0.00029873243623544535,1000.0,28000.0
