O^z,error,N,total_data
-0.02430853290605953,0.00023162133936110353,1000.0,32000.0
