O^z,error,N,total_data
-0.14724556506492673,0.0009082824199664751,1000.0,12000.0
