O^z,error,N,total_data
-0.166823360873247,0.0004527898928185247,1000.0,32000.0
