O^z,error,N,total_data
-0.19758077599289284,0.0005633743392792326,1000.0,24000.0
