O^z,error,N,total_data
-0.21855505699784544,0.0006796279861610393,1000.0,20000.0
