O^z,error,N,total_data
-0.2503551444043345,0.0007885744259860591,1000.0,16000.0
