O^z,error,N,total_data
-0.18052939488697287,0.0005044559018201958,1000.0,28000.0
