O^z,error,N,total_data
-0.2992095344920017,0.0009675192930399661,1000.0,12000.0
