O^z,error,N,total_data
-0.38226280632777426,0.0035032877197783106,1000.0,1000.0
