O^z,error,N,total_data
-0.31960176151309144,0.0008171840908555207,1000.0,12000.0
