O^z,error,N,total_data
-0.18571618894144964,0.0003980999043579011,1000.0,28000.0
