O^z,error,N,total_data
-0.2669670195467157,0.0006530018255679307,1000.0,16000.0
