O^z,error,N,total_data
-0.20540387055910828,0.0004566538464220501,1000.0,24000.0
