O^z,error,N,total_data
-0.2325798383004111,0.0005331826075499719,1000.0,20000.0
