O^z,error,N,total_data
-0.40349490324138026,0.0030409641370307723,1000.0,1000.0
