O^z,error,N,total_data
-0.16922295479594648,0.0003544322567300683,1000.0,32000.0
