ZL,error,N
0.2431955800833781,0.004807206149657747,1000.0
