ZL,error,N
0.07922808221895807,0.004457129578877727,1000.0
