ZL,error,N
0.13786876953479035,0.004620922634789868,1000.0
