ZL,error,N
-0.08304439676904507,0.0017480992933921458,1000.0
