ZL,error,N
0.19415037681060993,0.004788693794664846,1000.0
