ZL,error,N
0.01779065865342635,0.003969082093568656,1000.0
