ZL,error,N
-0.04561244810110929,0.0030524995338234743,1000.0
