ZL,error,N
0.07004735704829657,0.004727675555111233,1000.0
