ZL,error,N
-0.03132790166465367,0.0037760823677385996,1000.0
