ZL,error,N
0.022318566891000053,0.004433557711598355,1000.0
