ZL,error,N
-0.07656722535728262,0.002785757814913264,1000.0
