ZL,error,N
-0.09357154536262054,0.0016645203954888112,1000.0
