ZL,error,N
0.17115784799612505,0.00515190393853448,1000.0
