ZL,error,N
0.12336101003403231,0.00503291547106743,1000.0
