ZL,error,N
0.20219839198459374,0.0010344906464579123,10000.0
