ZL,error,N
0.20324812306451198,0.0010825080874544506,10000.0
