ZL,error,N
0.2003047937792785,0.0009993768856152968,10000.0
