ZL,error,N
0.19670903662369219,0.0009105195048405884,10000.0
