ZL,error,N
0.19934212518581157,0.0009688435373725117,10000.0
