ZL,error,N
0.19503928203650495,0.0007474021654515305,10000.0
