ZL,error,N
0.19579424771887088,0.0008480880722880711,10000.0
