O^z,error,N,total_data
-0.3020177091854481,0.00029571833863113956,10000.0,120000.0
