O^z,error,N,total_data
-0.25277135747774465,0.00023617600783814154,10000.0,160000.0
