O^z,error,N,total_data
-0.1951889571591552,0.00016648401681128964,10000.0,240000.0
