O^z,error,N,total_data
-0.17624057414525995,0.0001473639431098985,10000.0,280000.0
