O^z,error,N,total_data
-0.3820069959659159,0.0011195244327437937,10000.0,10000.0
