O^z,error,N,total_data
-0.21906548451991972,0.00019547240796395713,10000.0,200000.0
