O^z,error,N,total_data
-0.16187055797994182,0.0001304061420932104,10000.0,320000.0
