ZL,error,N
0.08913084214794142,0.001915573069116822,3000.0
