ZL,error,N
0.09843730912601013,0.001891273560920892,3000.0
