ZL,error,N
0.09549538833628539,0.0019257792962605164,3000.0
