ZL,error,N
0.1211215074467433,0.0017353069906447744,3000.0
