ZL,error,N
0.08294786819164464,0.0019436248951358712,3000.0
