ZL,error,N
0.10682638303016383,0.0018565574326416783,3000.0
