ZL,error,N
0.07629723989701656,0.0019726122343369785,3000.0
