O^z,error,N,total_data
-1.2826325467810426e-05,1.8775384530162927e-06,1.0,16.0
