O^z,error,N,total_data
-0.00037720611824875746,2.881638755139098e-05,1.0,12.0
