O^z,error,N,total_data
-0.00013660114870209412,0.00041420590954464913,1.0,20.0
