O^z,error,N,total_data
0.0005967641269346513,0.000702742091273008,1.0,28.0
