O^z,error,N,total_data
0.0012104469331095816,0.0004547497107801899,1.0,24.0
