O^z,error,N,total_data
-0.00145619611702444,0.0006736319206022121,1.0,32.0
