O^z,error,N,total_data
-0.004016192049544281,0.001736860278740348,1.0,32.0
