O^z,error,N,total_data
-0.006080560694993061,0.0021580316470178173,1.0,24.0
