O^z,error,N,total_data
-0.008693402183592741,0.001534728185146252,1.0,20.0
