O^z,error,N,total_data
-0.05089920463413245,0.00155745785457157,1.0,12.0
