O^z,error,N,total_data
-0.019347822548852728,0.0024062120720348443,1.0,16.0
