O^z,error,N,total_data
-0.00943245140706818,0.002039147523779573,1.0,28.0
