O^z,error,N,total_data
-0.0414605815611217,0.0010898229956621153,1000.0,1000.0
