O^z,error,N,total_data
-0.010967501196942848,0.00016626720375200553,1000.0,12000.0
