ZL,error,N
0.3816482733947139,0.001217206113195833,3000.0
