ZL,error,N
0.37061109365541023,0.0011973525902243126,3000.0
