ZL,error,N
0.3196241641335157,0.0010092852497134036,3000.0
