ZL,error,N
0.2703154632873441,0.0006846109340695086,3000.0
