ZL,error,N
0.3402065154131498,0.001058541297986437,3000.0
