ZL,error,N
0.29576385494988505,0.0009633925360537188,3000.0
