ZL,error,N
0.35592552522081367,0.0011536992531895954,3000.0
