O^z,error,N,total_data
-0.004961096028468441,6.885487426896541e-05,1000.0,32000.0
