O^z,error,N,total_data
-0.09867483247565279,0.00032992377206874843,1000.0,12000.0
