O^z,error,N,total_data
-0.00780362294109815,8.181472258568905e-05,1000.0,28000.0
