O^z,error,N,total_data
-0.02498545792415699,0.00015489952652581045,1000.0,20000.0
