O^z,error,N,total_data
-0.04941556838156318,0.00022913966834857348,1000.0,16000.0
