O^z,error,N,total_data
-0.013697172355164954,0.00010887946533242885,1000.0,24000.0
