O^z,error,N,total_data
-0.20245518461241985,0.0012222106661367914,1000.0,1000.0
