O^z,error,N,total_data
-0.20076460917553382,0.0003246136438620041,1000.0,24000.0
