O^z,error,N,total_data
-0.40619097405495547,0.002395883568734353,1000.0,1000.0
