O^z,error,N,total_data
-0.16539714500801586,0.00025588793682612156,1000.0,32000.0
