O^z,error,N,total_data
-0.2573594081851161,0.00045442313499189664,1000.0,16000.0
