O^z,error,N,total_data
-0.19883468689525666,0.00041212267924393357,1000.0,24000.0
