O^z,error,N,total_data
-0.3241635421307925,0.00079185415620182,1000.0,12000.0
