O^z,error,N,total_data
-0.22737959352360537,0.0004659309417738438,1000.0,20000.0
