O^z,error,N,total_data
-0.17701150918388933,0.0003344112923064914,1000.0,28000.0
