O^z,error,N,total_data
-0.1592571288457031,0.00029053168628041104,1000.0,32000.0
