O^z,error,N,total_data
-0.41224641844153964,0.0029407746993708184,1000.0,1000.0
