O^z,error,N,total_data
-0.2662869401383587,0.0005864586518571724,1000.0,16000.0
