ZL,error,N
-0.26021520631268485,0.0051082760041271345,1000.0
