ZL,error,N
-0.25781991714559055,0.005698081779292414,1000.0
