ZL,error,N
-0.25578833866992096,0.005034535839704458,1000.0
