ZL,error,N
-0.26106465129557216,0.004411600807375083,1000.0
