ZL,error,N
-0.2590605693186865,0.0039973121110603235,2000.0
