ZL,error,N
-0.25942016103884824,0.003171073173842371,2000.0
