ZL,error,N
-0.25597831870656873,0.0035304411600555283,2000.0
