ZL,error,N
-0.25895949093420895,0.0037153018822158423,2000.0
