ZL,error,N
-0.0738361939521087,0.002848376796511655,1000.0
