O^z,error,N,total_data
-0.04455919672819631,0.0036007484063966793,1.0,28.0
