O^z,error,N,total_data
-0.22433233220598503,0.005108108319810164,1.0,12.0
