O^z,error,N,total_data
-0.07553580147824372,0.0030758581785633836,1.0,24.0
