O^z,error,N,total_data
-0.1166026868931617,0.004519138936918275,1.0,20.0
