O^z,error,N,total_data
-0.032264338622007255,0.0028913553004429066,1.0,32.0
