O^z,error,N,total_data
-0.1593406005907283,0.011633612189957464,1.0,16.0
