O^z,error,N,total_data
-0.3989609590351051,0.0031001658488762243,1000.0,1000.0
