O^z,error,N,total_data
-0.21837303428614857,0.0005092305187498857,1000.0,28000.0
