O^z,error,N,total_data
-0.2770575132580804,0.0007071818911369613,1000.0,16000.0
