O^z,error,N,total_data
-0.25186168557847083,0.0006228523288139546,1000.0,20000.0
