O^z,error,N,total_data
-0.23123381679415736,0.0005619842073587449,1000.0,24000.0
