O^z,error,N,total_data
-0.31883060828965126,0.0008505043435100946,1000.0,12000.0
