O^z,error,N,total_data
-0.2067157523338305,0.0004735574675299742,1000.0,32000.0
