O^z,error,N,total_data
-0.14787152810292511,0.0071806400675944945,1.0,48.0
