O^z,error,N,total_data
-0.37429795141551775,0.021356777287549724,1.0,12.0
