O^z,error,N,total_data
-0.2237625076415107,0.009546148335994287,1.0,28.0
