O^z,error,N,total_data
-0.24269955615212646,0.010405236687946033,1.0,24.0
