O^z,error,N,total_data
-0.19878908533045486,0.010212034251306405,1.0,32.0
