O^z,error,N,total_data
-0.10196709417062712,0.0047800654801562,1.0,64.0
