O^z,error,N,total_data
-0.31096083611970815,0.01578757732175203,1.0,16.0
