O^z,error,N,total_data
-0.27306116954290055,0.013438041710663836,1.0,20.0
