O^z,error,N,total_data
-0.017555015745424566,0.0017304532259532377,1.0,128.0
