O^z,error,N,total_data
-0.06989384652954729,0.004242624906555213,1.0,80.0
