O^z,error,N,total_data
-0.19708638275001758,0.0005145707732609536,1000.0,24000.0
