O^z,error,N,total_data
-0.1780513612047023,0.00045171526533780554,1000.0,28000.0
