O^z,error,N,total_data
-0.25413641393575637,0.0007353390096252023,1000.0,16000.0
