O^z,error,N,total_data
-0.2206326091457404,0.0006113130433730122,1000.0,20000.0
