O^z,error,N,total_data
-0.164303935014554,0.0004079018073754718,1000.0,32000.0
