O^z,error,N,total_data
-0.39111641837679656,0.003524252510844548,1000.0,1000.0
