O^z,error,N,total_data
-0.30557934930237995,0.0009011367380687103,1000.0,12000.0
