ZL,error,N
-0.20764570345496094,0.002636706051472982,1000.0
