ZL,error,N
-0.1604352672298552,0.0017689771059603032,1000.0
