ZL,error,N
-0.10027011052232171,0.0017687824912148288,1000.0
