ZL,error,N
-0.21047104370835096,0.0038684364180112964,1000.0
