ZL,error,N
-0.2008418857785228,0.004470149609771046,1000.0
