ZL,error,N
-0.19273357048665016,0.002127709826546807,1000.0
