ZL,error,N
-0.21366947322528249,0.0031972578995690323,1000.0
