ZL,error,N
-0.07989248927861993,0.012812832945924677,1000.0
