ZL,error,N
-0.18472200070194356,0.012346469334728364,1000.0
