ZL,error,N
0.2845730049735628,0.0033422679168274515,1000.0
