ZL,error,N
0.286872468871041,0.0035737603468294814,1000.0
