ZL,error,N
0.2565514239839101,0.0021720485731905243,1000.0
