ZL,error,N
0.26834404982864224,0.002867517536943594,1000.0
