O^z,error,N,total_data
0.00038229907594645557,0.0012315540727766213,1.0,20.0
