O^z,error,N,total_data
-0.0009704385498487116,0.0006146497255003423,1.0,28.0
