O^z,error,N,total_data
0.00014685343139235065,0.0009050160654217114,1.0,24.0
