O^z,error,N,total_data
-0.006057425253025265,0.0012161132574830336,1.0,16.0
