O^z,error,N,total_data
-0.013989343063845834,0.002100054566791736,1.0,12.0
