O^z,error,N,total_data
-0.001490852788076702,0.0008869238007166976,1.0,32.0
