O^z,error,N,total_data
-0.2139114105029504,0.00046156981092629996,1000.0,28000.0
