O^z,error,N,total_data
-0.41175608700175,0.003130107138883593,1000.0,1000.0
