O^z,error,N,total_data
-0.2791355586387053,0.000685909906066375,1000.0,16000.0
