O^z,error,N,total_data
-0.2024151214218651,0.00041846103643347957,1000.0,32000.0
