O^z,error,N,total_data
-0.3258294540200736,0.0008311069204547314,1000.0,12000.0
