O^z,error,N,total_data
-0.250021450215341,0.0005799976749697103,1000.0,20000.0
