O^z,error,N,total_data
-0.22966320424086895,0.0005015012559816125,1000.0,24000.0
