ZL,error,N
0.4713351772120419,0.001978656452221254,1000.0
