ZL,error,N
0.4253823263867802,0.0020124240396489274,1000.0
