ZL,error,N
0.3684882941389921,0.0019300457755054888,1000.0
