ZL,error,N
0.3023797590053392,0.0019018527473929256,1000.0
