ZL,error,N
0.005335407054358307,0.0008511698681564605,1000.0
