ZL,error,N
0.11939043257302627,0.0014355463583934482,1000.0
