ZL,error,N
0.22080131564465094,0.0017143423785144908,1000.0
