ZL,error,N
-0.10339164445215764,0.0041518574726948565,1000.0
