ZL,error,N
0.0016535090624720293,0.0038102223669099137,1000.0
