ZL,error,N
-0.07529760395275004,0.004137338687069584,1000.0
