ZL,error,N
-0.0513851764466012,0.004112794711265941,1000.0
