ZL,error,N
0.04767689792878329,0.0035235403554624506,1000.0
