ZL,error,N
-0.02739739995024451,0.004076168040173356,1000.0
