ZL,error,N
-0.0875515143364176,0.004145410042707033,1000.0
