ZL,error,N
-0.22809075150736624,0.003630658507355522,1000.0
