ZL,error,N
-0.13948884859352229,0.0037031119116872073,1000.0
