ZL,error,N
-0.05291709705960181,0.003458698010207133,1000.0
