ZL,error,N
-0.20250673724966098,0.003636443364800975,1000.0
