O^z,error,N,total_data
-0.314832434821716,0.0038665468088274133,1000.0,1000.0
