O^z,error,N,total_data
-0.08907326979833725,0.00048376074292221806,1000.0,32000.0
