O^z,error,N,total_data
-0.10304681473560466,0.0005368169501654086,1000.0,28000.0
