O^z,error,N,total_data
-0.14605830853222918,0.0007229540662344645,1000.0,20000.0
