O^z,error,N,total_data
-0.12178813797668338,0.0006128414960718199,1000.0,24000.0
