O^z,error,N,total_data
-0.2269673729450583,0.001059250747138773,1000.0,12000.0
