O^z,error,N,total_data
-0.17772580188578233,0.0008613486843525516,1000.0,16000.0
