ZL,error,N
0.17535255109980447,0.0031704910429449207,1000.0
