ZL,error,N
0.170079832623751,0.0037168725580359824,1000.0
