ZL,error,N
0.18507169422372152,0.0025568260284800763,1000.0
