ZL,error,N
0.17028367534671235,0.0038138081137578848,1000.0
