ZL,error,N
0.17117981497148124,0.0035111674968367063,1000.0
