ZL,error,N
0.17870961403003444,0.002892353611395144,1000.0
