ZL,error,N
0.1714218548624504,0.003349451686323409,1000.0
