O^z,error,N,total_data
-0.08894911410250643,0.00030797205971827866,10000.0,160000.0
