O^z,error,N,total_data
-0.06476412925072121,0.0002360725505550352,10000.0,200000.0
