O^z,error,N,total_data
-0.03826803540483432,0.00015352808690147774,10000.0,280000.0
