O^z,error,N,total_data
-0.04921829221664323,0.00018728195954397376,10000.0,240000.0
