ZL,error,N
0.2729635867613907,0.001261825068607968,1000.0
