ZL,error,N
0.37415151756547443,0.0020001710737868987,1000.0
