ZL,error,N
0.38830910939787233,0.0020452342002085138,1000.0
