ZL,error,N
0.3422649181221534,0.0020089949230199236,1000.0
