ZL,error,N
0.3228284389151723,0.0017453707274575699,1000.0
