ZL,error,N
0.36030337134535906,0.0018751770214165304,1000.0
