ZL,error,N
0.3015613127652541,0.0018166126745134778,1000.0
