ZL,error,N
0.3366792939857713,0.003189255815801526,1000.0
