ZL,error,N
0.31791838066425926,0.0029471305695756792,1000.0
