ZL,error,N
0.2574372698423008,0.0014011528182925484,1000.0
