ZL,error,N
0.2877426311916302,0.002387208845463202,1000.0
