ZL,error,N
0.3036844679897164,0.002780371138343862,1000.0
