ZL,error,N
0.2772902525034997,0.001908156572883014,1000.0
