ZL,error,N
0.3240271523589073,0.003161188814728998,1000.0
