O^z,error,N,total_data
-0.024116948190304962,0.0001458873428244502,7996.0,255872.0
