O^z,error,N,total_data
-0.04126826713051002,0.0002685354559770409,4998.0,119952.0
