O^z,error,N,total_data
-0.18512477193822743,0.0026399804115317736,5000.0,5000.0
