O^z,error,N,total_data
-0.0763057905154785,0.0003516914173389313,8000.0,128000.0
