O^z,error,N,total_data
-0.04063319849298843,0.0001885611338410603,9995.0,239880.0
