O^z,error,N,total_data
-0.0405119477150499,0.00021153833340797684,7996.0,191904.0
