O^z,error,N,total_data
-0.07636038096949863,0.0003143176400080793,9999.0,159984.0
