O^z,error,N,total_data
-0.1827908025772513,0.001875483593221114,10000.0,10000.0
