O^z,error,N,total_data
-0.024189716350379857,0.0002392023738110979,2999.0,95968.0
