O^z,error,N,total_data
-0.04214539796683999,0.00034186105241925676,2999.0,71976.0
