O^z,error,N,total_data
-0.18214230058004033,0.002091027963540002,8000.0,8000.0
