O^z,error,N,total_data
-0.07695398184728207,0.0004476804556377835,5000.0,80000.0
