O^z,error,N,total_data
-0.07768948882889119,0.0005759839393621866,3000.0,48000.0
