O^z,error,N,total_data
-0.1884535357648261,0.0034466823652577693,3000.0,3000.0
