O^z,error,N,total_data
-0.02399848090480912,0.00018539062944345744,4999.0,159968.0
