ZL,error,N
0.25975062005354155,0.0010922444710983843,10000.0
