ZL,error,N
0.24809696074945586,0.002218990976767127,1000.0
