ZL,error,N
0.26318631621899446,0.003928501378080932,1000.0
