ZL,error,N
0.25062277976228403,0.0030256132245904807,1000.0
