ZL,error,N
0.24546095996673925,0.0007289829525311967,10000.0
