ZL,error,N
0.27072882691733186,0.001586365495101408,10000.0
