ZL,error,N
0.2534682436926784,0.003498355171601512,1000.0
