ZL,error,N
0.26968845839763417,0.005037214498702703,1000.0
