ZL,error,N
0.23539441028532856,0.0016493892741761987,1000.0
