ZL,error,N
0.2670701270028068,0.001423653944367911,10000.0
