ZL,error,N
0.2625654878204897,0.0012557054763557456,10000.0
