ZL,error,N
0.2362560101074623,0.0005224506698570466,10000.0
