ZL,error,N
0.26085545083758527,0.004523722376419858,1000.0
