ZL,error,N
0.25208111620871165,0.0009211227611370485,10000.0
