ZL,error,N
0.008263973604415033,0.0007787845385003433,8000.0
