ZL,error,N
0.019005188044881913,0.001443489798402368,3000.0
