ZL,error,N
0.003582639288800731,0.0007806983784304096,7988.0
