ZL,error,N
0.0038573924456215113,0.0013099558909219417,2998.0
