ZL,error,N
0.019702131415824223,0.0011169709662478585,5000.0
