ZL,error,N
0.009887872403815135,0.001289545218032109,3000.0
