ZL,error,N
0.009177833281435944,0.0009998285582757701,5000.0
