ZL,error,N
0.003494516513786009,0.0007080312201894658,9982.0
