ZL,error,N
0.003935330864493569,0.0007002346908367697,9986.0
