ZL,error,N
0.0035650448746339745,0.0010187358549009241,4994.0
