ZL,error,N
0.00784967821436702,0.000699576666413271,9997.0
