ZL,error,N
0.0041518571554688515,0.0009936084142840543,4992.0
