ZL,error,N
0.01984863803615999,0.0008825542801783876,8000.0
