ZL,error,N
0.0038212341665674276,0.0007959291669419715,7988.0
