ZL,error,N
0.019701047644808914,0.0007907548573842358,10000.0
