ZL,error,N
0.004514190742189729,0.0013049038937829435,2996.0
