O^z,error,N,total_data
-0.0011797252218451882,0.0002176764326698273,444.0,28416.0
