O^z,error,N,total_data
-0.002158205330364334,0.0002616036924776877,467.0,22416.0
