O^z,error,N,total_data
8.705830034845439e-05,0.00014116146086135206,848.0,67840.0
