ZL,error,N
-0.03149282087769377,0.0030155426363755633,1000.0
