ZL,error,N
-0.14378800627840824,0.003173991510838953,1000.0
