ZL,error,N
-0.08635408884439927,0.002941872862820412,1000.0
