ZL,error,N
-0.15883636324760864,0.0033202488601385667,1000.0
