ZL,error,N
-0.1219004362888185,0.003084599524780416,1000.0
