ZL,error,N
-0.1727717962050245,0.0035542612994956192,1000.0
