ZL,error,N
-0.1714461364082041,0.003771099510111249,1000.0
