ZL,error,N
0.017105768242867872,0.0008340819571282279,10000.0
