ZL,error,N
0.011771097481788572,0.0007889627419429942,10000.0
