ZL,error,N
0.027976392533954633,0.0012503059549074773,5000.0
