ZL,error,N
0.011717027233390003,0.0008837140807048789,8000.0
