ZL,error,N
0.012133878853069362,0.0011231163481065928,5000.0
