ZL,error,N
0.017400207693179234,0.00118160746842213,5000.0
