ZL,error,N
0.0046449792427198395,0.0034732488807783586,500.0
