ZL,error,N
0.017096582288720755,0.0009324125004707161,8000.0
