ZL,error,N
0.0017235959265291863,0.0031779396196616578,500.0
