ZL,error,N
0.0185146970529359,0.001538803566987831,3000.0
