ZL,error,N
0.02740712062826013,0.0009821726106355678,8000.0
