ZL,error,N
0.02738449347372978,0.0008783858133490933,10000.0
