ZL,error,N
0.052167887367529656,0.001740518121923339,3000.0
