ZL,error,N
0.05182763066656638,0.0010558641980481433,8000.0
