ZL,error,N
0.012471604160354135,0.0014595504965326232,3000.0
