ZL,error,N
0.051564747702497235,0.000945306009980092,10000.0
