ZL,error,N
0.05267920058826968,0.0013409201530890187,5000.0
