ZL,error,N
0.027450097702960353,0.0016314543926595404,3000.0
