ZL,error,N
0.10553146850750063,0.004809708392391249,1000.0
