ZL,error,N
0.16267978170270594,0.003187035631333608,1000.0
