ZL,error,N
0.06622880051835467,0.0058987058867886345,1000.0
