ZL,error,N
0.0881866507761312,0.005424205356169615,1000.0
