ZL,error,N
0.1800188559805697,0.002394027370322659,1000.0
