ZL,error,N
0.12183178542210812,0.004458790883824299,1000.0
