ZL,error,N
0.14004399872957576,0.0038423720437820714,1000.0
