ZL,error,N
-0.19675472991186366,0.0035595194234613395,1000.0
