ZL,error,N
-0.13858783816871698,0.0033708557094688286,1000.0
