ZL,error,N
-0.24625307833922241,0.0034798821477492765,1000.0
