ZL,error,N
-0.33549809983265844,0.00377598998762841,1000.0
