ZL,error,N
-0.29334320610075654,0.0036915559559100295,1000.0
