ZL,error,N
-0.003557644492312008,0.0025784102223759754,1000.0
