ZL,error,N
-0.07553958577758642,0.0030804394675502745,1000.0
