O^z,error,N,total_data
-0.25331783038956013,0.0007439999484171941,1000.0,16000.0
