O^z,error,N,total_data
-0.3833701501104557,0.0035334310379034695,1000.0,1000.0
