O^z,error,N,total_data
-0.19676748640284827,0.000537874478379159,1000.0,24000.0
