O^z,error,N,total_data
-0.3030917474424279,0.0009356444181523703,1000.0,12000.0
