O^z,error,N,total_data
-0.2201794716279717,0.0006370164925233805,1000.0,20000.0
