O^z,error,N,total_data
-0.17983267762511898,0.0004760811668609692,1000.0,28000.0
