O^z,error,N,total_data
-0.16432015931197924,0.00043059171541568836,1000.0,32000.0
