O^z,error,N,total_data
-0.004121464804584271,7.007636251040017e-05,1000.0,32000.0
