O^z,error,N,total_data
-0.07566856616783456,0.0006241511306025691,1000.0,12000.0
