O^z,error,N,total_data
-0.1526868164835325,0.0028258442660132384,1000.0,1000.0
