O^z,error,N,total_data
-0.0068449221315680766,0.00010795729232847356,1000.0,28000.0
