O^z,error,N,total_data
-0.01154796027241555,0.00014482740140245963,1000.0,24000.0
