O^z,error,N,total_data
-0.039808721449342326,0.00039653804910701597,1000.0,16000.0
