O^z,error,N,total_data
-0.021832618293387337,0.0002503564155759315,1000.0,20000.0
