O^z,error,N,total_data
-0.20227338781558873,0.0007141003398404383,1000.0,20000.0
