O^z,error,N,total_data
-0.1464731012306431,0.0005245879929177144,1000.0,32000.0
