O^z,error,N,total_data
-0.36337863561420664,0.003516427861313371,1000.0,1000.0
