O^z,error,N,total_data
-0.1614742410465477,0.0005708290812747543,1000.0,28000.0
