O^z,error,N,total_data
-0.2786857878379128,0.0009773695526924511,1000.0,12000.0
