O^z,error,N,total_data
-0.1781435406719846,0.0006340574686892742,1000.0,24000.0
