O^z,error,N,total_data
-0.23301940375878688,0.0008356885802255791,1000.0,16000.0
