O^z,error,N,total_data
-0.023961560848132092,0.0004149422353144831,1000.0,32000.0
