O^z,error,N,total_data
-0.0419401871301398,0.0005934309023536832,999.0,23976.0
