O^z,error,N,total_data
-0.18948602933275038,0.005939210667752706,1000.0,1000.0
