O^z,error,N,total_data
-0.08087816895738206,0.0009955255040859081,1000.0,16000.0
