O^z,error,N,total_data
-0.022985289091900604,0.0003641250461562055,499.0,23952.0
