O^z,error,N,total_data
-0.01435752962001572,0.00027499079134208704,500.0,32000.0
