O^z,error,N,total_data
-0.0074650388898385555,0.0001284069995624426,1000.0,80000.0
