ZL,error,N
-0.004804738473775867,0.0016512570470181992,5000.0
