ZL,error,N
0.06092835476891936,0.0022908874878232407,5000.0
