ZL,error,N
0.027907680656777893,0.0019868333703193615,5000.0
