ZL,error,N
0.059956501659181684,0.001616761733587485,10000.0
