ZL,error,N
-0.006296335274130856,0.0021225291720970547,3000.0
