ZL,error,N
-0.020919736041648082,0.0009527018767574538,8000.0
