ZL,error,N
0.061581128875934844,0.00294366260985815,3000.0
