ZL,error,N
0.026998168251914957,0.0014045305687958292,10000.0
