ZL,error,N
-0.020843034786343223,0.0015718065075018043,3000.0
