ZL,error,N
-0.015793112839435585,0.0009901970072246958,10000.0
