ZL,error,N
-0.004442360427943108,0.0012922085673320192,8000.0
