ZL,error,N
0.027357136989664476,0.0015678110242641288,8000.0
