ZL,error,N
-0.021158873034446267,0.000852759328837896,10000.0
