ZL,error,N
0.028089918557264268,0.0025358581984957274,3000.0
