ZL,error,N
-0.004633456642240347,0.0011615886026306577,10000.0
