ZL,error,N
0.05968116123949127,0.001811545135834327,8000.0
