ZL,error,N
-0.02107096060140333,0.0008535816052147129,10000.0
