ZL,error,N
-0.020090362662201235,0.0012147492131554503,5000.0
