O^z,error,N,total_data
-0.023338339691028644,0.0002977689378030175,1000.0,20000.0
