O^z,error,N,total_data
-0.005391563705865239,0.00010718486915668697,1000.0,32000.0
