O^z,error,N,total_data
-0.14968821941239663,0.0033195344664606412,1000.0,1000.0
