O^z,error,N,total_data
-0.012992065569543016,0.000189303251591072,1000.0,24000.0
