O^z,error,N,total_data
-0.040302148627044794,0.0004411092769159141,1000.0,16000.0
