O^z,error,N,total_data
-0.00753321667265403,0.00012076105986726477,1000.0,28000.0
