O^z,error,N,total_data
-0.07637046254123293,0.000739633745916712,1000.0,12000.0
