O^z,error,N,total_data
5.8259741051538e-05,1.2657744560532977e-05,952.0,121856.0
