O^z,error,N,total_data
0.005371407249554386,0.0001492662681899164,1000.0,32000.0
