O^z,error,N,total_data
0.009408739410274161,0.00022636706458601993,1000.0,24000.0
