O^z,error,N,total_data
0.06078750462029231,0.002764632663420943,1000.0,1000.0
