O^z,error,N,total_data
0.0009322054689845369,4.5334716873540086e-05,996.0,63744.0
