O^z,error,N,total_data
0.021946334786884486,0.00042908252282674664,1000.0,16000.0
