O^z,error,N,total_data
-0.19516287418893655,0.00059945179463934,1000.0,24000.0
