O^z,error,N,total_data
-0.21756796991487795,0.0006952073308286537,1000.0,20000.0
