O^z,error,N,total_data
-0.16570940941475973,0.000498798252521325,1000.0,32000.0
