O^z,error,N,total_data
-0.2469859323641441,0.0007979412690830974,1000.0,16000.0
