O^z,error,N,total_data
-0.1798116396758176,0.0005411522689798538,1000.0,28000.0
