O^z,error,N,total_data
-0.3734213729808978,0.0035986854130604018,1000.0,1000.0
