O^z,error,N,total_data
-0.2938597293473436,0.000976883893080495,1000.0,12000.0
