ZL,error,N
0.08390762901745974,0.008251845462777376,999.0
