ZL,error,N
0.10648497071498869,0.008351841562341795,997.0
