ZL,error,N
0.04006648675357886,0.007496681449778512,999.0
