ZL,error,N
0.11048939812135017,0.008773329617859118,994.0
