O^z,error,N,total_data
-0.027531973282642994,0.0001880140944940376,1000.0,24000.0
