O^z,error,N,total_data
-0.04642592546476709,0.00027652190270108625,1000.0,20000.0
