O^z,error,N,total_data
-0.24091553332542898,0.0019191216430708912,1000.0,1000.0
