O^z,error,N,total_data
-0.019036280718897687,0.00015631546854986581,1000.0,28000.0
