O^z,error,N,total_data
-0.13380926172037877,0.0005079321066607889,1000.0,12000.0
