O^z,error,N,total_data
-0.07831612342542518,0.0003922509287105454,1000.0,16000.0
