O^z,error,N,total_data
-0.011648029193748199,0.00012270580301509715,1000.0,32000.0
