O^z,error,N,total_data
-0.012591947356811121,0.00021134203521905662,2995.0,95840.0
