O^z,error,N,total_data
-0.012689751257927526,0.00011469975170366113,9982.0,319424.0
