O^z,error,N,total_data
-0.0498711490103908,0.00031572132764090836,7999.0,127984.0
