O^z,error,N,total_data
-0.023613447714366076,0.00016704605722573512,9995.0,239880.0
