O^z,error,N,total_data
-0.1412372623167771,0.0025730660687734285,5000.0,5000.0
