O^z,error,N,total_data
-0.023782673685247686,0.00029984441698228964,2998.0,71952.0
