O^z,error,N,total_data
-0.050165898923341244,0.0005210148718379066,2999.0,47984.0
