O^z,error,N,total_data
-0.1418754809110918,0.0033282689786290746,3000.0,3000.0
