O^z,error,N,total_data
-0.04976234338348044,0.0002835878648295778,9999.0,159984.0
