O^z,error,N,total_data
-0.02359251192566493,0.00018736646605446117,7996.0,191904.0
