O^z,error,N,total_data
-0.14039375317257094,0.0018389103175994461,10000.0,10000.0
