O^z,error,N,total_data
-0.050123996497100254,0.0004009791782233897,4999.0,79984.0
