O^z,error,N,total_data
-0.012614977513962065,0.0001274841177098523,7986.0,255552.0
