O^z,error,N,total_data
-0.02369288914987157,0.00023541568864683841,4998.0,119952.0
