O^z,error,N,total_data
-0.13943201198220923,0.0020604400893469497,8000.0,8000.0
