O^z,error,N,total_data
-0.012697176499084755,0.0001634949399238663,4991.0,159712.0
