ZL,error,N
-0.10940852718461573,0.004390675317191935,1000.0
