ZL,error,N
-0.1045857930326139,0.004105813708423646,1000.0
