ZL,error,N
-0.10486052748779962,0.0041139467158615465,1000.0
