ZL,error,N
-0.09798541830855864,0.004140460170032357,1000.0
