O^z,error,N,total_data
0.2717142823180984,0.0003229788895252455,1000.0,64000.0
