O^z,error,N,total_data
0.2672540105622499,0.0002418338363256245,1000.0,128000.0
