O^z,error,N,total_data
-0.07422138874042525,0.0003465443944798502,8000.0,128000.0
