O^z,error,N,total_data
-0.005204069552325073,0.0002296442749393569,499.0,31936.0
