O^z,error,N,total_data
-0.0035580778573113736,0.00017854741473837552,497.0,39760.0
