O^z,error,N,total_data
-0.03916627022812855,0.00021132218604765467,7999.0,191976.0
