O^z,error,N,total_data
-0.02315833766441263,0.00012876934788954564,9998.0,319936.0
