O^z,error,N,total_data
-0.17931670547579998,0.0021043178562970212,8000.0,8000.0
