ZL,error,N
0.03415768686009107,0.0034994130694689894,1000.0
