ZL,error,N
-0.1054489985108665,0.004009930016156068,1000.0
