ZL,error,N
-0.11210814234565182,0.00413275564094044,1000.0
