ZL,error,N
-0.08489891317650629,0.004053527650133888,1000.0
