ZL,error,N
-0.044374539667993526,0.003922556584499619,1000.0
