ZL,error,N
-0.06588019399427326,0.0040238670067861675,1000.0
