ZL,error,N
-0.012835454235103301,0.003830690285064305,1000.0
