O^z,error,N,total_data
-0.31299418643451166,0.0008916652716356053,1000.0,12000.0
