O^z,error,N,total_data
-0.2679724766253316,0.0007277237245369392,1000.0,16000.0
