O^z,error,N,total_data
-0.23808202710048376,0.0006362967110693856,1000.0,20000.0
