O^z,error,N,total_data
-0.20170576399590678,0.0005024255786228609,1000.0,28000.0
