O^z,error,N,total_data
-0.2160498336677745,0.0005592627933291775,1000.0,24000.0
