O^z,error,N,total_data
-0.19103616679024077,0.00045874212891442194,1000.0,32000.0
