O^z,error,N,total_data
-0.3957322336510491,0.003298066461075381,1000.0,1000.0
