O^z,error,N,total_data
-0.3660295017801448,0.003898678339270965,1000.0,1000.0
