O^z,error,N,total_data
-0.14950371565345777,0.0004914969156844362,1000.0,32000.0
