O^z,error,N,total_data
-0.16391067372937532,0.0005420008197395696,1000.0,28000.0
