O^z,error,N,total_data
-0.28238284910467654,0.0010388367431975584,1000.0,12000.0
