O^z,error,N,total_data
-0.20542799359829664,0.000706141750124589,1000.0,20000.0
