O^z,error,N,total_data
-0.23486423636979192,0.0008320512391695851,1000.0,16000.0
