O^z,error,N,total_data
-0.18155698076030982,0.0006140584361270321,1000.0,24000.0
