ZL,error,N
-0.10683050927392333,0.0007151482650674867,5000.0
