ZL,error,N
-0.1512809606593692,0.0009323333424177187,8000.0
