ZL,error,N
-0.14937600291924133,0.002585456274230717,1000.0
