ZL,error,N
-0.10711802324648918,0.0015924803958914818,1000.0
