ZL,error,N
-0.12029065284381632,0.0012912494718566201,10000.0
