ZL,error,N
-0.14400185299247534,0.000593134707381274,10000.0
