ZL,error,N
-0.14253117687138703,0.0018657617737512203,1000.0
