ZL,error,N
-0.10723957465599256,0.0005090012136170206,10000.0
