ZL,error,N
-0.15135738372877405,0.0011800410081998737,5000.0
