ZL,error,N
-0.09400511155193671,0.001477091882300497,10000.0
