ZL,error,N
-0.15076005288538052,0.0008382245070116587,10000.0
