ZL,error,N
-0.1068769328244876,0.0005704724046220848,8000.0
