ZL,error,N
-0.14368164950270704,0.0008488175999827748,5000.0
