ZL,error,N
-0.14129609018218037,0.0010807235652617441,10000.0
