ZL,error,N
-0.135347671587074,0.0033865854215935844,1000.0
