ZL,error,N
-0.08616018124792846,0.0046480384915246874,1000.0
