ZL,error,N
-0.14423160232442805,0.0006624233009837085,8000.0
