ZL,error,N
-0.11861125240180906,0.004077599932417624,1000.0
