ZL,error,N
-0.058429175810701096,0.005138353590790628,1000.0
