O^z,error,N,total_data
-0.09695977725331037,0.0004477821904663503,1000.0,28000.0
