O^z,error,N,total_data
-0.3226727221591032,0.002775961298763636,1000.0,1000.0
