O^z,error,N,total_data
-0.14479061920814354,0.0006014139276623307,1000.0,20000.0
