O^z,error,N,total_data
-0.23514468833356364,0.0008248787148178703,1000.0,12000.0
