O^z,error,N,total_data
-0.18292521633353354,0.0007061303707383288,1000.0,16000.0
