O^z,error,N,total_data
-0.11705400746162575,0.0005277129419990396,1000.0,24000.0
