O^z,error,N,total_data
-0.07987203590912442,0.00040099021658368756,1000.0,32000.0
