ZL,error,N
-0.10716713186272185,0.003403534993307801,1000.0
