ZL,error,N
-0.06879806098470219,0.0032842920963082915,1000.0
