ZL,error,N
-0.13389597123730074,0.0033160064204556536,1000.0
