ZL,error,N
-0.15165279941478935,0.0033419201258318445,1000.0
