ZL,error,N
-0.16672283093572005,0.003738881048206939,1000.0
