ZL,error,N
-0.16364124187442694,0.0035758049637108634,1000.0
