ZL,error,N
-0.01629006950160101,0.0031645370314758643,1000.0
