ZL,error,N
0.14140072591335998,0.004907910773032225,1000.0
