ZL,error,N
0.16380364263307864,0.0041988416283988104,1000.0
