ZL,error,N
0.13836398114836643,0.005231133710815724,1000.0
