ZL,error,N
0.187992107428467,0.0031213445318316858,1000.0
