ZL,error,N
0.13671353004268164,0.005740675558609182,1000.0
