ZL,error,N
-0.03318008154156742,0.003910766904829643,1000.0
