ZL,error,N
0.011414222348491368,0.004648214964580071,1000.0
