ZL,error,N
-0.07081349015512751,0.0029461074070047284,1000.0
