ZL,error,N
0.09846642762966183,0.005389974712027987,1000.0
