ZL,error,N
0.05349105369907202,0.004960997505649124,1000.0
