ZL,error,N
-0.0816131526048549,0.0019783926905382345,1000.0
