ZL,error,N
-0.10256769033855583,0.004306047412641616,1000.0
