ZL,error,N
-0.09692369106363999,0.0046885090185213845,1000.0
