ZL,error,N
-0.10466031252548524,0.0040241131134565915,1000.0
