ZL,error,N
-0.10500271503704793,0.004484235407663699,1000.0
