O^z,error,N,total_data
-0.10690056289889813,0.0004601879056892947,5000.0,80000.0
