O^z,error,N,total_data
-0.22846213929132958,0.003315945415399722,3000.0,3000.0
