O^z,error,N,total_data
-0.2230421461756186,0.0018279412211975876,10000.0,10000.0
