O^z,error,N,total_data
-0.06393876087029916,0.0003752134712925111,3000.0,72000.0
