O^z,error,N,total_data
-0.06313430358588444,0.00029101857043591924,5000.0,120000.0
