O^z,error,N,total_data
-0.041086930767515684,0.00014342221553761533,10000.0,320000.0
