O^z,error,N,total_data
-0.2223932645415338,0.002041743272613628,8000.0,8000.0
