O^z,error,N,total_data
-0.06313417346270166,0.00020531414906785263,10000.0,240000.0
