O^z,error,N,total_data
-0.06295680090576657,0.00023012547439859327,8000.0,192000.0
