O^z,error,N,total_data
-0.2253962677284213,0.00256617734804089,5000.0,5000.0
