O^z,error,N,total_data
-0.10613176841607931,0.00036375994181179366,8000.0,128000.0
