O^z,error,N,total_data
-0.10631342062520462,0.00032512745781244375,10000.0,160000.0
