O^z,error,N,total_data
-0.10799736057357086,0.0005897246835892632,3000.0,48000.0
