O^z,error,N,total_data
-0.04052964534775961,0.0002607541525016643,3000.0,96000.0
