O^z,error,N,total_data
-0.04071379719332499,0.00015875179338771878,8000.0,256000.0
