O^z,error,N,total_data
-0.040651510197861444,0.00020204495258060857,5000.0,160000.0
