O^z,error,N,total_data
-0.1006409389125934,0.0003463908277686177,1000.0,48000.0
