O^z,error,N,total_data
-0.10929082867520203,0.0003715339905097207,1000.0,44000.0
