O^z,error,N,total_data
-0.11592671267694106,0.0004035921377324786,1000.0,40000.0
