O^z,error,N,total_data
-0.12570916927554987,0.00044026349817049404,1000.0,36000.0
