ZL,error,N
0.19656861571468556,0.004176107679381722,1000.0
