ZL,error,N
0.20029359470989067,0.003916897216953645,1000.0
