ZL,error,N
0.20614777482856692,0.002723240533788229,1000.0
