ZL,error,N
0.19865137896877832,0.0034787731559849473,1000.0
