O^z,error,N,total_data
-0.1795582080525703,0.0005887164849358859,1000.0,24000.0
