O^z,error,N,total_data
-0.16217122572590092,0.0005058284452890134,1000.0,28000.0
