O^z,error,N,total_data
-0.2362465672691634,0.0008134080005251653,1000.0,16000.0
