O^z,error,N,total_data
-0.20315997436429392,0.0006776387916155819,1000.0,20000.0
