O^z,error,N,total_data
-0.2847958175249866,0.0010451384892394143,1000.0,12000.0
