O^z,error,N,total_data
-0.14637368286558794,0.0004515710932671144,1000.0,32000.0
