O^z,error,N,total_data
-0.3685446344399587,0.004016191618156886,1000.0,1000.0
