O^z,error,N,total_data
-0.0824502843729409,0.0005173984925217765,1000.0,28000.0
