O^z,error,N,total_data
-0.15578526115625677,0.0008887961172173648,1000.0,16000.0
