O^z,error,N,total_data
-0.1218991170114702,0.0007207460626414086,1000.0,20000.0
