O^z,error,N,total_data
-0.07064130563892239,0.0004609323038764266,1000.0,32000.0
