O^z,error,N,total_data
-0.20353920529223923,0.001135433516630376,1000.0,12000.0
