O^z,error,N,total_data
-0.28719994610198557,0.004264638571119091,1000.0,1000.0
