O^z,error,N,total_data
-0.09983330783334542,0.0006044171224929805,1000.0,24000.0
