O^z,error,N,total_data
-0.20227299339408092,0.0003938504006570022,1000.0,24000.0
