O^z,error,N,total_data
-0.25602823303640443,0.0005583812747842602,1000.0,16000.0
