O^z,error,N,total_data
-0.16982302318442855,0.00031470763513599085,1000.0,32000.0
