O^z,error,N,total_data
-0.39808154394885464,0.0029992927957993433,1000.0,1000.0
