O^z,error,N,total_data
-0.20604926469467158,0.000427595245509234,1000.0,24000.0
