O^z,error,N,total_data
-0.184836487475364,0.0003765983243706776,1000.0,28000.0
