O^z,error,N,total_data
-0.23301409541865636,0.0005044317753162166,1000.0,20000.0
