O^z,error,N,total_data
-0.3248863321926108,0.000809828219476602,1000.0,12000.0
