O^z,error,N,total_data
-0.166516853190228,0.0003352525295641427,1000.0,32000.0
