O^z,error,N,total_data
-0.26958509017620896,0.0006188403097814378,1000.0,16000.0
