O^z,error,N,total_data
-0.41222427303569636,0.002916716854415932,1000.0,1000.0
