ZL,error,N
0.0026734182172884055,0.000902181033959874,7998.0
