ZL,error,N
0.022243288798460742,0.0012335288119340504,5000.0
