ZL,error,N
0.008759779740412567,0.00148157553939709,3000.0
