ZL,error,N
0.0028273821195975725,0.0008970742096227307,8000.0
