ZL,error,N
0.0027872508492699844,0.001146414498956943,5000.0
