ZL,error,N
0.0024746336937421275,0.0008087888856606786,9998.0
