ZL,error,N
0.021138467765513508,0.0009728222815162779,8000.0
