ZL,error,N
0.008351570120121412,0.000803452196451833,10000.0
