ZL,error,N
0.004500747637507525,0.0014547618289042063,3000.0
