ZL,error,N
0.02092376598193648,0.0008669609409206147,10000.0
