ZL,error,N
0.0025916026197255583,0.0007982935139086566,10000.0
