ZL,error,N
0.0037874936212980537,0.0014748883091387965,3000.0
