ZL,error,N
0.0036559197981098834,0.001143094146222972,4999.0
