ZL,error,N
0.00894316078063581,0.0008965169470834117,8000.0
