ZL,error,N
0.008638006477627011,0.0011447958352147716,5000.0
