ZL,error,N
0.02132398307188286,0.0016063151810881949,3000.0
