ZL,error,N
0.3021268969997768,0.003958825592957266,1000.0
