ZL,error,N
0.15417522079403648,0.004051363513434451,1000.0
