ZL,error,N
-0.02690253101929289,0.0024197064501486217,1000.0
