ZL,error,N
0.23417797556535686,0.004050081545960466,1000.0
