ZL,error,N
0.40249915599507646,0.00418894023862691,1000.0
