ZL,error,N
0.06242799119892927,0.003457303665034552,1000.0
