ZL,error,N
0.3601681733332805,0.003949035929528339,1000.0
