O^z,error,N,total_data
-0.1463405298809397,0.0004979733835603103,1000.0,32000.0
