O^z,error,N,total_data
-0.22846223136410343,0.0008513673262741458,1000.0,16000.0
