O^z,error,N,total_data
-0.17551965609354517,0.0006306839547428375,1000.0,24000.0
