O^z,error,N,total_data
-0.35786611527624157,0.003871446736879457,1000.0,1000.0
