O^z,error,N,total_data
-0.2770506256735012,0.0010555424429823071,1000.0,12000.0
