O^z,error,N,total_data
-0.1971505716963905,0.0007280495277031048,1000.0,20000.0
