O^z,error,N,total_data
-0.1573401111705706,0.0005551928712838017,1000.0,28000.0
