ZL,error,N
-0.1688528476145839,0.003249859199911781,1000.0
