ZL,error,N
-0.23479619224219547,0.0036733416339445385,1000.0
