ZL,error,N
-0.08457601745298372,0.0031286513550265894,1000.0
