ZL,error,N
-0.024041428376799023,0.0029818458425818414,1000.0
