ZL,error,N
-0.13435759206384262,0.003157579540698657,1000.0
