ZL,error,N
-0.19782237726827406,0.0031100914372059413,1000.0
