ZL,error,N
-0.2217057072955824,0.003294163921748644,1000.0
