ZL,error,N
0.1875876938071401,0.003191414795359504,1000.0
