ZL,error,N
0.18723475807403103,0.0024751413201726832,1000.0
