ZL,error,N
0.1781640909611024,0.0035973527931336987,1000.0
