ZL,error,N
0.17994518767555737,0.0035562342271897415,1000.0
