ZL,error,N
0.18035952226075078,0.0033768477202772307,1000.0
