ZL,error,N
0.18521912970539273,0.0028494886293186856,1000.0
