ZL,error,N
0.18215292789347864,0.0030064529408180595,1000.0
