ZL,error,N
0.06400914751161758,0.004541747494230725,1000.0
