ZL,error,N
0.07724827726851168,0.004328383931761544,1000.0
