ZL,error,N
0.13650614071668052,0.0031369766426773125,1000.0
