ZL,error,N
0.09371651140556463,0.004094780184132431,1000.0
