ZL,error,N
0.03958133047246176,0.0050651199974784,1000.0
