ZL,error,N
0.10957476415037583,0.0036990407900899243,1000.0
