ZL,error,N
0.04947943292367903,0.004662019520730276,1000.0
