ZL,error,N
-0.09935868937698479,0.0025516814567302236,1000.0
