ZL,error,N
-0.09608652942971502,0.0017018566339557946,1000.0
