ZL,error,N
0.00855542792517879,0.004678381715740772,1000.0
