ZL,error,N
-0.03564380957907594,0.004279010003678495,1000.0
