ZL,error,N
0.05151576060918952,0.005152131084162739,1000.0
