ZL,error,N
0.09189608138120547,0.005453652937037584,1000.0
