ZL,error,N
-0.07165891287194977,0.003519656624125149,1000.0
