O^z,error,N,total_data
-0.03790130316224359,0.00027283879372923616,1000.0,32000.0
