O^z,error,N,total_data
-0.09234688156865672,0.0005033629088072824,1000.0,20000.0
