O^z,error,N,total_data
-0.18353440507455013,0.0007963068144672653,1000.0,12000.0
