O^z,error,N,total_data
-0.27556787264373056,0.0029188210682426323,1000.0,1000.0
