O^z,error,N,total_data
-0.049461413325840135,0.0003234854683922584,1000.0,28000.0
