O^z,error,N,total_data
-0.06688594953052183,0.00040493636180404576,1000.0,24000.0
