O^z,error,N,total_data
-0.1289316968666351,0.0006532813162425556,1000.0,16000.0
