O^z,error,N,total_data
0.06099241625256695,0.0006443095794364527,1000.0,16000.0
