O^z,error,N,total_data
0.03634256289493593,0.0004195584411580773,1000.0,24000.0
