O^z,error,N,total_data
0.11766460482614564,0.003338999655278841,1000.0,1000.0
