O^z,error,N,total_data
0.02332266234886032,0.0002904185989500933,1000.0,32000.0
