O^z,error,N,total_data
-0.0010790109775970906,0.00011893000935387434,956.0,76480.0
