O^z,error,N,total_data
-0.002103592595304657,0.00023254129096199493,492.0,31488.0
