O^z,error,N,total_data
-0.004794129912044453,0.0002460535162940096,494.0,23712.0
