ZL,error,N
-0.0008904222501129997,0.0009012525710234702,10000.0
