ZL,error,N
-0.00148378995130977,0.0008969223395680661,10000.0
