ZL,error,N
-0.00284846734679927,0.0028089385283224183,1000.0
