ZL,error,N
0.011391386924246247,0.0035086522022495896,999.0
