ZL,error,N
-0.011567256825508297,0.0030367648149645403,1000.0
