ZL,error,N
-0.0015884240140273881,0.0033964649665559443,1000.0
