O^z,error,N,total_data
2.9052464150275295e-05,1.4230411020484233e-05,1.0,64.0
