O^z,error,N,total_data
4.954963233276018e-06,1.3456597057015855e-06,1.0,128.0
