O^z,error,N,total_data
-0.026615413230484383,0.0001967579407316133,7993.0,191832.0
