O^z,error,N,total_data
-0.014898551140689309,0.00012355443935391686,9978.0,319296.0
