O^z,error,N,total_data
-0.14765445519919174,0.002096517824739308,8000.0,8000.0
