O^z,error,N,total_data
-0.0545613070970086,0.00033009515084522957,7998.0,127968.0
