O^z,error,N,total_data
-0.1985293176414333,0.0005655710963385807,1000.0,24000.0
