O^z,error,N,total_data
-0.30082852034672114,0.0009657134782681757,1000.0,12000.0
