O^z,error,N,total_data
-0.22064320219685657,0.0006621093604149002,1000.0,20000.0
