O^z,error,N,total_data
-0.38296028559137385,0.003547033050255365,1000.0,1000.0
