O^z,error,N,total_data
-0.18035647151259318,0.0005016313341988011,1000.0,28000.0
