O^z,error,N,total_data
-0.16843988431381296,0.0004586562420455284,1000.0,32000.0
