O^z,error,N,total_data
-0.2523585895275249,0.0007729782676632426,1000.0,16000.0
