O^z,error,N,total_data
0.0007848339039581094,2.61002504683868e-05,1000.0,128000.0
