O^z,error,N,total_data
0.0050419732717021095,9.31234531589083e-05,1000.0,64000.0
