O^z,error,N,total_data
-0.23673282944093335,0.0005158114893481357,1000.0,24000.0
