O^z,error,N,total_data
-0.2113117930860475,0.00042621303103507847,1000.0,32000.0
