O^z,error,N,total_data
-0.41057901348493653,0.003049254487385421,1000.0,1000.0
