O^z,error,N,total_data
-0.22230537340558826,0.00047029730433234887,1000.0,28000.0
