O^z,error,N,total_data
-0.284312801202556,0.0006696359983382326,1000.0,16000.0
