O^z,error,N,total_data
-0.32777854013229907,0.000827378244921693,1000.0,12000.0
