O^z,error,N,total_data
-0.25692958646098657,0.0005764366876375545,1000.0,20000.0
