O^z,error,N,total_data
-0.2647313545158254,0.00041955402407024497,1000.0,32000.0
