O^z,error,N,total_data
-0.3168748176169221,0.0005393673464147296,1000.0,16000.0
