O^z,error,N,total_data
-0.2805774872021967,0.000470037966523832,1000.0,24000.0
