O^z,error,N,total_data
-0.27133340441647225,0.0004459185504917696,1000.0,28000.0
