O^z,error,N,total_data
-0.3532235142980582,0.0006159651119340296,1000.0,12000.0
