O^z,error,N,total_data
-0.42284125838963216,0.0020321676601466844,1000.0,1000.0
