O^z,error,N,total_data
-0.2963376443741387,0.000502577184001926,1000.0,20000.0
