ZL,error,N
0.1056188623424892,0.00878263418425138,998.0
