ZL,error,N
0.09689563515037829,0.008470083800413815,998.0
