ZL,error,N
0.080323437331814,0.00841085770988966,1000.0
