ZL,error,N
0.016620975371865097,0.007563940755937785,1000.0
