O^z,error,N,total_data
-0.213646271791648,0.0006345885540206301,1000.0,12000.0
