O^z,error,N,total_data
-0.08311038160583976,0.0003591919466377095,1000.0,24000.0
