O^z,error,N,total_data
-0.04929529213289877,0.000291428588849802,1000.0,32000.0
