O^z,error,N,total_data
-0.3129663832702593,0.0020212154097344536,1000.0,1000.0
