O^z,error,N,total_data
-0.06175574827197205,0.00030629674517895897,1000.0,28000.0
