O^z,error,N,total_data
-0.15427179275640954,0.0005486103399301619,1000.0,16000.0
