O^z,error,N,total_data
-0.11128290547358533,0.0004323031013052879,1000.0,20000.0
