ZL,error,N
-0.1506691965907223,0.003107753309778327,1000.0
