ZL,error,N
-0.15783518184404127,0.0034097574519126356,1000.0
