ZL,error,N
-0.15170502988794587,0.003992612514031257,1000.0
