ZL,error,N
-0.10705367050873539,0.0026739048533034517,1000.0
