ZL,error,N
-0.13616988497890634,0.002812483047477798,1000.0
