ZL,error,N
-0.058568247606964566,0.0026750792566441117,1000.0
