ZL,error,N
-0.14921691962210393,0.004341247206331295,1000.0
