ZL,error,N
0.16723828018243825,0.003245995246471436,1000.0
