ZL,error,N
0.15521561282900911,0.0040052419788657945,1000.0
