ZL,error,N
0.16195594639924837,0.0036709710915939515,1000.0
