ZL,error,N
0.17204008088342973,0.0030284879508318567,1000.0
