ZL,error,N
0.18225833094045274,0.0025869460745211667,1000.0
