ZL,error,N
0.16212188691989526,0.0035094882212082703,1000.0
