ZL,error,N
0.15513360107142768,0.004004497324919254,1000.0
