ZL,error,N
-0.004272225491089357,0.0010418863532302074,8000.0
