ZL,error,N
-0.005787002922887396,0.0017101571595713177,3000.0
