ZL,error,N
-0.004568040524415138,0.0009309070416717611,10000.0
