ZL,error,N
-0.006787829325279086,0.0017614587449167251,3000.0
