ZL,error,N
-0.007864884722283869,0.0009789582252682984,10000.0
