ZL,error,N
-0.0035480104230792057,0.001441797381893781,5000.0
