ZL,error,N
-0.006334144442615232,0.0010657096507710904,8000.0
