ZL,error,N
-0.007258159112099371,0.0009504107237201469,10000.0
