ZL,error,N
-0.007112362214307323,0.0009289784401515208,10000.0
