ZL,error,N
-0.004593876469872273,0.0013289894439215896,5000.0
