ZL,error,N
0.013989441288803488,0.0010696396431815532,8000.0
