ZL,error,N
0.014002040629780126,0.0009555227412941782,10000.0
