ZL,error,N
-0.003812165645936571,0.0018667903899696676,3000.0
