ZL,error,N
0.014790043033257944,0.0013645899684558642,5000.0
