ZL,error,N
-0.007297227969965226,0.000951201100543448,10000.0
