ZL,error,N
-0.006263079994023918,0.0013664757622776922,5000.0
