ZL,error,N
0.01222861876814721,0.001761417356509653,3000.0
