ZL,error,N
-0.003869312045720908,0.0010115191182295282,9999.0
