ZL,error,N
-0.003165765420259831,0.0011357230732450877,7999.0
