O^z,error,N,total_data
-0.29587153800681504,0.004316810963256438,1000.0,1000.0
