O^z,error,N,total_data
-0.08772942384770992,0.000528158834610686,1000.0,28000.0
