O^z,error,N,total_data
-0.07552931594085813,0.00046742197949812295,1000.0,32000.0
