O^z,error,N,total_data
-0.16198953160203508,0.0008918922077652386,1000.0,16000.0
