O^z,error,N,total_data
-0.21066651483313178,0.0011384960681019463,1000.0,12000.0
