O^z,error,N,total_data
-0.10433767469800342,0.0006209137494971446,1000.0,24000.0
