O^z,error,N,total_data
-0.12912853392449977,0.0007346538196489975,1000.0,20000.0
