ZL,error,N
-0.3991951020850342,0.002722251753756331,1000.0
