ZL,error,N
-0.27170755936290397,0.0019713354017816534,1000.0
