ZL,error,N
-0.3595553713605311,0.002506440316624112,1000.0
