ZL,error,N
-0.426103090166388,0.0029616810189969887,1000.0
