ZL,error,N
-0.2064341434762579,0.0005383846385756521,10000.0
