ZL,error,N
-0.4227243181899196,0.000988620223907179,10000.0
