ZL,error,N
-0.11982238830396302,0.0013628784107132443,1000.0
