ZL,error,N
-0.3183713991292459,0.0006910980721450581,10000.0
