ZL,error,N
-0.3604930368419043,0.0007769308744234129,10000.0
