ZL,error,N
-0.39548856146695155,0.0008561047317674511,10000.0
