ZL,error,N
-0.11978991437562438,0.00042777378636315466,10000.0
