ZL,error,N
-0.3193136326724828,0.0022354204266942473,1000.0
