ZL,error,N
-0.20267227393651302,0.001756075868091999,1000.0
