ZL,error,N
-0.2697378176855124,0.0006225573476818682,10000.0
