ZL,error,N
0.006098290292485672,0.001734307036454019,5000.0
