ZL,error,N
0.027019588980559818,0.0013958342393169656,9999.0
