ZL,error,N
0.006354396575024983,0.0013683710021412325,8000.0
