ZL,error,N
-0.014452168526364434,0.0009854468380001637,8000.0
