ZL,error,N
-0.014468281624712918,0.0019183885969487752,3000.0
