ZL,error,N
-0.01490393970041587,0.0008817983370826524,10000.0
