ZL,error,N
-0.013538375469752057,0.0012539060779980825,5000.0
