ZL,error,N
-0.012073927249719557,0.0011708873726361763,8000.0
