ZL,error,N
0.026852069206576897,0.0015604542064398522,7999.0
