ZL,error,N
0.028213688998467566,0.00197670564906881,4999.0
