ZL,error,N
-0.014142860879933196,0.0014902509974559894,5000.0
