ZL,error,N
-0.018615601453736984,0.0009528879090404383,10000.0
