ZL,error,N
0.005797334204614672,0.001220452492136661,10000.0
