ZL,error,N
-0.012098644794557228,0.0010528705728525053,10000.0
