ZL,error,N
-0.015534835730935666,0.001616674645074268,3000.0
