ZL,error,N
0.006508340795006919,0.002225391060852405,3000.0
