ZL,error,N
0.026978860965310644,0.002534051604935999,3000.0
