ZL,error,N
-0.014897421906390283,0.0008820895345050429,10000.0
