ZL,error,N
0.07172346825469099,0.0017704180797404397,3000.0
