ZL,error,N
0.028047084569733143,0.0015806303005749356,3000.0
