ZL,error,N
0.04529856011748241,0.0017052289850694859,3000.0
