ZL,error,N
0.04204803962963912,0.0016760658464590797,3000.0
