ZL,error,N
0.05767789731401951,0.0017276196944926872,3000.0
