ZL,error,N
0.03675479547943309,0.0016753866977516408,3000.0
