ZL,error,N
0.031144701228899004,0.0015834630904266495,3000.0
