ZL,error,N
0.002091148927069175,0.003269139842173799,499.0
