ZL,error,N
0.005887236158020933,0.0037591581788849328,497.0
