ZL,error,N
0.01304207842185501,0.0008629461728884752,8000.0
