ZL,error,N
0.006308825768265657,0.000826294820792327,7999.0
