ZL,error,N
0.0037775436707571507,0.0007263099327606448,9998.0
