ZL,error,N
0.03001701037929451,0.0009596244921574014,8000.0
