ZL,error,N
0.09532369426836858,0.005543633770563189,1000.0
