ZL,error,N
-0.02598485851750598,0.004403381299639923,1000.0
