ZL,error,N
-0.08910408316033092,0.0018671101293713083,1000.0
