ZL,error,N
0.05446355536202932,0.005396998910134474,1000.0
