ZL,error,N
0.00913412899569117,0.00479087329050081,1000.0
