ZL,error,N
-0.06238011417790642,0.003642790741795779,1000.0
