ZL,error,N
-0.09182552796727787,0.0026672945110356614,1000.0
