ZL,error,N
0.23646983459020443,0.0031954404001455616,1000.0
