ZL,error,N
0.4145167134472319,0.0030311022257775697,1000.0
