ZL,error,N
0.15357889625149498,0.0030560791942224595,1000.0
