ZL,error,N
0.058817308318767025,0.0025315071737206187,1000.0
