ZL,error,N
0.36498897110277817,0.0031473395247103918,1000.0
