ZL,error,N
-0.035197406783296886,0.0014851882627850076,1000.0
