ZL,error,N
0.3056742430528145,0.0031386760656408235,1000.0
