O^z,error,N,total_data
-0.15577961881071206,0.0007658458813675341,1000.0,12000.0
