O^z,error,N,total_data
-0.023812825004213466,0.00020929778720041697,1000.0,32000.0
