O^z,error,N,total_data
-0.24858232426266813,0.002936840512456747,1000.0,1000.0
