O^z,error,N,total_data
-0.04758337051933322,0.000335275563955747,1000.0,24000.0
