O^z,error,N,total_data
-0.06956804017664195,0.00044612705255966495,1000.0,20000.0
