O^z,error,N,total_data
-0.10416664134201492,0.0005966836818302451,1000.0,16000.0
