O^z,error,N,total_data
-0.03362869906486428,0.0002646050595702945,1000.0,28000.0
