ZL,error,N
0.32108812798194974,0.0017351927771796312,1000.0
