ZL,error,N
0.2983959239762512,0.0017849771637021366,1000.0
