ZL,error,N
0.2727258207730723,0.001107593362439372,1000.0
