ZL,error,N
0.3385156923932277,0.001930922464577384,1000.0
