ZL,error,N
0.3681222531651054,0.0020384705980221584,1000.0
