ZL,error,N
0.3791177548831544,0.0021284763228016875,1000.0
