ZL,error,N
0.3526965043376814,0.002121454869971188,1000.0
