ZL,error,N
0.004973602176989499,0.0024753110216256184,1000.0
