ZL,error,N
0.036543880427611225,0.002924543369047788,1000.0
