ZL,error,N
0.013661650323576038,0.0026518368961585153,1000.0
