ZL,error,N
0.006298305502075069,0.00255824530710086,1000.0
