ZL,error,N
0.005092726990221139,0.0008239954160477702,7987.0
