ZL,error,N
0.01650737865845212,0.0008803864716997189,8000.0
