ZL,error,N
0.005274230679250629,0.0010400567416143308,4992.0
