ZL,error,N
0.006947129850277183,0.0008208715080953294,8000.0
