ZL,error,N
0.0068134079379121686,0.0010472871083272496,5000.0
