ZL,error,N
0.016268017578281172,0.000790737362985508,10000.0
