ZL,error,N
0.004425965133745304,0.0007350046431531708,9985.0
