ZL,error,N
0.004542858436346039,0.0013964597286725258,2994.0
