ZL,error,N
0.005822996486574126,0.0013668927573593796,2995.0
