ZL,error,N
0.016258718099253708,0.0011225303038540967,5000.0
