ZL,error,N
0.015364546837769354,0.0014508642318241732,3000.0
