ZL,error,N
0.005330727114248094,0.0013684597385453866,3000.0
