ZL,error,N
0.004324642871607035,0.0008410109357131576,7980.0
