ZL,error,N
0.006771414247276969,0.0007365098249541102,9998.0
