ZL,error,N
0.003723119650819521,0.0007446408414616803,9976.0
