ZL,error,N
0.00509907441941574,0.0010735500720866395,4989.0
