ZL,error,N
0.2314008720113466,0.002568896047043203,1000.0
