ZL,error,N
0.21898286256404692,0.004908445015551296,1000.0
