ZL,error,N
0.22005211708404335,0.0038934575604338832,1000.0
