ZL,error,N
0.2263482122409811,0.0032649237509854846,1000.0
