ZL,error,N
0.2248971319751866,0.0018827671383941566,1000.0
