ZL,error,N
0.22880427960482305,0.0041776792322728365,1000.0
