ZL,error,N
0.21936175097258914,0.0052696057648909875,1000.0
