O^z,error,N,total_data
-0.4298725529435355,0.0028009616158844604,1000.0,1000.0
