O^z,error,N,total_data
-0.20109874218142088,0.00037406352579897093,1000.0,24000.0
