O^z,error,N,total_data
-0.27010458110698193,0.0005642756850172933,1000.0,16000.0
