O^z,error,N,total_data
-0.23213091556620094,0.00045527632843198447,1000.0,20000.0
