O^z,error,N,total_data
-0.3273043227740613,0.000795406470413875,1000.0,12000.0
