O^z,error,N,total_data
-0.18129221535676315,0.0003214922252042911,1000.0,28000.0
