O^z,error,N,total_data
-0.16285332196633998,0.00028115308756090256,1000.0,32000.0
