ZL,error,N
0.13214382792336138,0.002538994281534599,1000.0
