ZL,error,N
-0.05130545263327956,0.0010963087230742878,1000.0
