ZL,error,N
0.21096084016515218,0.002832543122669697,1000.0
