ZL,error,N
0.27892279625541666,0.0027553018574355825,1000.0
