ZL,error,N
0.039399038755762096,0.0019893371904833937,1000.0
