ZL,error,N
0.38675933317360717,0.002883095571386734,1000.0
