ZL,error,N
0.3364864807679618,0.00290529348811551,1000.0
