ZL,error,N
-0.04668637737495504,0.004599674205917964,1000.0
