ZL,error,N
-0.09531245218389733,0.004839808500544057,1000.0
