ZL,error,N
-0.02837753945808823,0.0044863931512551,1000.0
