ZL,error,N
0.04169791163467861,0.0039304324921484845,1000.0
