ZL,error,N
0.004175971727341595,0.004269775289941111,1000.0
