ZL,error,N
0.08524511260442957,0.0034040877834565575,1000.0
