ZL,error,N
-0.07745048791998164,0.0046858154587336226,1000.0
