O^z,error,N,total_data
-0.10904507177082781,0.0005209679643663517,1000.0,28000.0
