O^z,error,N,total_data
-0.2387135412709328,0.0009654833153190889,1000.0,12000.0
