O^z,error,N,total_data
-0.09388059606702436,0.00046845763573211705,1000.0,32000.0
