O^z,error,N,total_data
-0.15341286542110483,0.0006825136556654288,1000.0,20000.0
