ZL,error,N
0.05117000410152278,0.005099227717306901,979.0
