ZL,error,N
0.017037554194950857,0.0036279999059598118,999.0
