ZL,error,N
0.010928514788871097,0.003188546242217448,999.0
