ZL,error,N
0.035419292866893506,0.004339465024098363,994.0
