ZL,error,N
0.04649818314927845,0.004583681701625815,990.0
