O^z,error,N,total_data
-0.1605227432931118,0.0006500340706991747,1000.0,24000.0
