O^z,error,N,total_data
-0.34775757542147917,0.003912789866478682,1000.0,1000.0
