O^z,error,N,total_data
-0.1302063764391491,0.0005180228428981519,1000.0,32000.0
