O^z,error,N,total_data
-0.2158289407034025,0.0008671911955702316,1000.0,16000.0
