O^z,error,N,total_data
-0.2627016842656399,0.001042099216765002,1000.0,12000.0
