O^z,error,N,total_data
-0.14300488558690314,0.0005704828263292856,1000.0,28000.0
