O^z,error,N,total_data
-0.18468309454554668,0.0007356756040430109,1000.0,20000.0
