O^z,error,N,total_data
-0.15123986950374457,0.0007213111296767003,1000.0,20000.0
