O^z,error,N,total_data
-0.2341412644066315,0.0010415887120770366,1000.0,12000.0
