O^z,error,N,total_data
-0.09362365937437543,0.00048397219762422823,1000.0,32000.0
