O^z,error,N,total_data
-0.10705144510234024,0.0005399103521487393,1000.0,28000.0
