O^z,error,N,total_data
-0.31779666766935244,0.0037926931876561035,1000.0,1000.0
