O^z,error,N,total_data
-0.1261040413027473,0.0006223721881397314,1000.0,24000.0
