O^z,error,N,total_data
-0.18338921377235892,0.0008481033714334074,1000.0,16000.0
