ZL,error,N
0.16577182667993748,0.0052523088434938735,1000.0
