ZL,error,N
0.07160946805952566,0.00487968153891326,1000.0
