ZL,error,N
0.12011629746290985,0.00517135817791589,1000.0
