ZL,error,N
-0.08765933330425178,0.0017436848094793773,1000.0
