ZL,error,N
-0.0253232238080637,0.003897658830667755,1000.0
