ZL,error,N
0.022724135891197646,0.004516156759222473,1000.0
