ZL,error,N
-0.07154398315198572,0.002886691707198919,1000.0
