ZL,error,N
-0.12225730554433853,0.0037091382537222223,1000.0
