ZL,error,N
-0.14576991912379908,0.003604795970589987,1000.0
