ZL,error,N
-0.18210312276096338,0.003797035741120992,1000.0
