ZL,error,N
-0.08562027140057148,0.003753079796694407,1000.0
