ZL,error,N
0.010125334398444081,0.00326100956358384,1000.0
