ZL,error,N
-0.16753381368524714,0.003675422010227765,1000.0
