ZL,error,N
-0.04581289820906484,0.0035453845804951376,1000.0
