ZL,error,N
0.12144605515980696,0.004866973459143375,1000.0
