ZL,error,N
-0.10650285096861033,0.0007446203669400867,10000.0
