ZL,error,N
0.02587035062503996,0.004449216825309351,1000.0
