ZL,error,N
-0.10739374944452866,0.0010535089647200613,5000.0
