ZL,error,N
-0.1103350732491888,0.00045709211509755977,8000.0
