ZL,error,N
0.07312822645331825,0.002717400193684402,3000.0
