ZL,error,N
-0.11121496565973049,0.001247977998765519,1000.0
