ZL,error,N
-0.021909637035207364,0.004035805910564277,1000.0
