ZL,error,N
-0.027655995418860248,0.002332227540059849,3000.0
