ZL,error,N
0.07651036458916992,0.004704546951287826,1000.0
