ZL,error,N
-0.10638440422620131,0.0022746980661098146,1000.0
