ZL,error,N
-0.11015572413749088,0.0004080207040732073,10000.0
