ZL,error,N
-0.07254942759556718,0.0010602216543795628,10000.0
