ZL,error,N
-0.1071287108584639,0.0008312753982751409,8000.0
