ZL,error,N
0.11672835777857744,0.0028227543010617057,3000.0
