ZL,error,N
0.02319414585443023,0.002541757180182679,3000.0
