ZL,error,N
-0.06961929199912124,0.003383378832382124,1000.0
