ZL,error,N
-0.0732672314998335,0.0011873945682352072,8000.0
