ZL,error,N
-0.07297135532623131,0.0015009261628531148,5000.0
