ZL,error,N
-0.11019793491436576,0.0005748840469120342,5000.0
