O^z,error,N,total_data
-0.21230022275585303,0.003431482126890339,3000.0,3000.0
