O^z,error,N,total_data
-0.04079388993613552,0.0003024295340441403,3000.0,84000.0
