O^z,error,N,total_data
-0.05345722905411773,0.00036508881221817115,3000.0,72000.0
