O^z,error,N,total_data
-0.135138977487237,0.0008053466255013579,3000.0,36000.0
