O^z,error,N,total_data
-0.06828243274441385,0.0004606341691127219,3000.0,60000.0
