O^z,error,N,total_data
-0.03231338273731786,0.00024884412120993257,3000.0,96000.0
