O^z,error,N,total_data
-0.09185114252596571,0.0005914720711533859,3000.0,48000.0
