ZL,error,N
-0.1548841599299869,0.0020140400789948687,1000.0
