ZL,error,N
-0.2218198135954995,0.0025257828211921788,1000.0
