ZL,error,N
-0.2518056337678369,0.003497238552029179,1000.0
