ZL,error,N
-0.19780729189941476,0.002134911635446832,1000.0
