ZL,error,N
-0.23973060201158733,0.002892673885243106,1000.0
