ZL,error,N
-0.08833358538364804,0.001984284403903819,1000.0
