ZL,error,N
-0.2551253355380195,0.0039775877559407756,1000.0
