O^z,error,N,total_data
-0.11918509891466963,0.001975492824333709,8000.0,8000.0
