O^z,error,N,total_data
-0.017644714497713133,0.00016683533775847453,7992.0,191808.0
