O^z,error,N,total_data
-0.1196596197535393,0.0024980643240550284,5000.0,5000.0
