O^z,error,N,total_data
-0.017650311859762312,0.00014810848693722666,9987.0,239688.0
