O^z,error,N,total_data
-0.008580511349874167,0.00013713500189017504,4983.0,159456.0
