O^z,error,N,total_data
-0.01778348357720345,0.00020889701780879054,4998.0,119952.0
