O^z,error,N,total_data
-0.008709139147715468,0.00017974060203745712,2993.0,95776.0
