O^z,error,N,total_data
-0.040586155296679145,0.00026716684268116215,9996.0,159936.0
