O^z,error,N,total_data
-0.11946657244285659,0.0017656688386450256,10000.0,10000.0
