O^z,error,N,total_data
-0.008722974792903467,9.801689938278718e-05,9966.0,318912.0
