O^z,error,N,total_data
-0.04069366412972585,0.00030050763741735744,7997.0,127952.0
