O^z,error,N,total_data
-0.040746000835044816,0.0003802175929245665,4998.0,79968.0
