O^z,error,N,total_data
-0.12296079088813865,0.0032958381746283484,3000.0,3000.0
