O^z,error,N,total_data
-0.008702952228521162,0.00010939626800629803,7970.0,255040.0
