O^z,error,N,total_data
-0.01797293950158366,0.00026992498979181475,2999.0,71976.0
