O^z,error,N,total_data
-0.041090133675433856,0.00048635220106487396,2999.0,47984.0
