O^z,error,N,total_data
-0.07138769769104619,0.0009448705755006908,1000.0,16000.0
