O^z,error,N,total_data
-0.035791369693331625,0.000591616055780931,1000.0,24000.0
