O^z,error,N,total_data
-0.021295034250332676,0.00037963847625780545,1000.0,32000.0
