O^z,error,N,total_data
-0.1710194678857441,0.005748867781704927,1000.0,1000.0
