O^z,error,N,total_data
-0.12795719961015548,0.00046004736080563623,1000.0,20000.0
