O^z,error,N,total_data
-0.09804684526403008,0.0003905519770807203,1000.0,24000.0
