O^z,error,N,total_data
-0.07690589834724688,0.0003333728959972575,1000.0,28000.0
