O^z,error,N,total_data
-0.0607186628621836,0.00030804426892073436,1000.0,32000.0
