O^z,error,N,total_data
-0.23041908891971782,0.0006493530313712463,1000.0,12000.0
