O^z,error,N,total_data
-0.17314609825811184,0.0005706367189165689,1000.0,16000.0
