O^z,error,N,total_data
-0.3252081620220582,0.00202493086324312,1000.0,1000.0
