O^z,error,N,total_data
-0.3333438472625321,0.0005089103303791979,1000.0,16000.0
