O^z,error,N,total_data
-0.28682016857595544,0.0003925385853566694,1000.0,32000.0
