O^z,error,N,total_data
-0.368466594761403,0.0005824378852465166,1000.0,12000.0
