O^z,error,N,total_data
-0.30102050003380976,0.00043530844057405757,1000.0,24000.0
