O^z,error,N,total_data
-0.29312293525716376,0.00040643689514244935,1000.0,28000.0
