O^z,error,N,total_data
-0.4377628322119626,0.001922214723618022,1000.0,1000.0
