O^z,error,N,total_data
-0.31319395465979755,0.0004728755009279375,1000.0,20000.0
