ZL,error,N
0.09565691413059818,0.008919309995093059,998.0
