ZL,error,N
-0.027000024754309945,0.0075155952639808,1000.0
