ZL,error,N
0.04108323021718078,0.007966459152486628,1000.0
