ZL,error,N
0.08107483644204908,0.008246383156643824,1000.0
