ZL,error,N
0.07945008940128788,0.009447321196103977,948.0
