ZL,error,N
0.06201154148327429,0.008043677890327668,1000.0
