O^z,error,N,total_data
-0.1971421613857737,0.000805930616299732,1000.0,16000.0
