O^z,error,N,total_data
-0.11940328796216235,0.0005335547993690139,1000.0,28000.0
