O^z,error,N,total_data
-0.13860885340695114,0.0006139964786375798,1000.0,24000.0
