O^z,error,N,total_data
-0.2469320325527481,0.0009665630005190447,1000.0,12000.0
