O^z,error,N,total_data
-0.3278866218283648,0.003512753861570277,1000.0,1000.0
