O^z,error,N,total_data
-0.16307748691722085,0.0006932096398598828,1000.0,20000.0
