O^z,error,N,total_data
-0.10339244054238379,0.00048589627960946865,1000.0,32000.0
