ZL,error,N
0.1695166487088445,0.0032472831353798754,1000.0
