ZL,error,N
0.14534953534467865,0.00419399086542945,1000.0
