ZL,error,N
0.1241930402683084,0.0046656676701685934,1000.0
