ZL,error,N
0.12028168882143607,0.004834913263638361,1000.0
