O^z,error,N,total_data
-0.04698363739542793,0.00025902586953319845,10000.0,160000.0
