O^z,error,N,total_data
-0.1300024877492463,0.0019341648646672028,8000.0,8000.0
