O^z,error,N,total_data
-0.010677278164617783,0.0001058678551682571,7993.0,255776.0
