O^z,error,N,total_data
-0.020360770015967908,0.0002651648689189637,3000.0,72000.0
