O^z,error,N,total_data
-0.02107134775114763,0.00016311720468076903,7999.0,191976.0
