O^z,error,N,total_data
-0.010843260664569799,9.52583429403724e-05,9992.0,319744.0
