O^z,error,N,total_data
-0.13029736309777762,0.0017332157512075302,10000.0,10000.0
