O^z,error,N,total_data
-0.010339719471821609,0.00013135199064394243,4996.0,159872.0
