O^z,error,N,total_data
-0.0471185403876344,0.0003668870008009012,5000.0,80000.0
