O^z,error,N,total_data
-0.010495466846288711,0.00017096773513990425,2997.0,95904.0
