O^z,error,N,total_data
-0.13074250062176151,0.002427192899173299,5000.0,5000.0
