O^z,error,N,total_data
-0.04663068177152739,0.000465996139850508,3000.0,48000.0
