O^z,error,N,total_data
-0.047335514381209975,0.0002915582043419934,8000.0,128000.0
