O^z,error,N,total_data
-0.020894250937575534,0.00014485442438022517,9998.0,239952.0
