O^z,error,N,total_data
-0.13149078656789848,0.0031906051318599154,3000.0,3000.0
