O^z,error,N,total_data
-0.02057653128304694,0.00020472312434536446,5000.0,120000.0
