O^z,error,N,total_data
-0.0006920558538121495,1.942697547437352e-05,1000.0,32000.0
