O^z,error,N,total_data
-0.09518077108728909,0.0016079153839863734,1000.0,1000.0
