O^z,error,N,total_data
-0.03663014027748492,0.0003354820856044942,1000.0,12000.0
