O^z,error,N,total_data
-0.0026956702568450377,5.8505504458845833e-05,1000.0,24000.0
