O^z,error,N,total_data
-0.0014345087567649542,3.418193191349795e-05,1000.0,28000.0
