O^z,error,N,total_data
-0.014624854443072105,0.0001865958093138674,1000.0,16000.0
