O^z,error,N,total_data
-0.0063154544916358595,9.772098148935141e-05,1000.0,20000.0
