ZL,error,N
0.017692988493215107,0.004888666922738373,1000.0
