ZL,error,N
-0.019979975017086347,0.004468413659814957,1000.0
