ZL,error,N
-0.05475218543149085,0.0036708519543365405,1000.0
