ZL,error,N
-0.08186093561297825,0.0028087993382670574,1000.0
