ZL,error,N
0.09477792527065144,0.005639261681579267,1000.0
