ZL,error,N
0.057997544690214654,0.005305539001577947,1000.0
