ZL,error,N
-0.08315613788997546,0.001997779500993772,1000.0
