O^z,error,N,total_data
-0.16711247760065887,0.0003341667091255759,1000.0,32000.0
