O^z,error,N,total_data
-0.20695496482199605,0.00043233165040767075,1000.0,24000.0
