O^z,error,N,total_data
-0.32322337118495365,0.0007903461161541957,1000.0,12000.0
