O^z,error,N,total_data
-0.41064870483706006,0.002955700742378649,1000.0,1000.0
