O^z,error,N,total_data
-0.2691371160380248,0.0006101980614392706,1000.0,16000.0
