O^z,error,N,total_data
-0.18542291326354962,0.0003720576962495089,1000.0,28000.0
