O^z,error,N,total_data
-0.2323060873571121,0.000507251341819795,1000.0,20000.0
