ZL,error,N
0.008738311687343257,0.001730477798971348,3000.0
