ZL,error,N
0.0027246331793595586,0.0017068404901617097,3000.0
