ZL,error,N
0.026409204200969826,0.0018182707763239505,3000.0
