ZL,error,N
0.04422235775597156,0.0018979501554350683,3000.0
