ZL,error,N
0.004765073828425594,0.0017495716083788836,3000.0
