ZL,error,N
0.0024384136917718364,0.0017754877674625291,3000.0
