ZL,error,N
0.018013012497370213,0.0017873161227970845,3000.0
