ZL,error,N
-0.09305376806693909,0.002613776951702931,1000.0
