ZL,error,N
0.09355293062334147,0.00558267961568156,1000.0
