ZL,error,N
-0.027783224992842238,0.004341050472847579,1000.0
