ZL,error,N
-0.09015655723873547,0.0018334545474422074,1000.0
