ZL,error,N
0.05321757615007888,0.005256404837055936,1000.0
