ZL,error,N
0.013287474442935949,0.0047339286129106485,1000.0
