ZL,error,N
-0.06471048920435575,0.003601332685635622,1000.0
