O^z,error,N,total_data
-0.12200742327223381,0.0005648479748368207,1000.0,28000.0
