O^z,error,N,total_data
-0.3297132203909105,0.003918859892352712,1000.0,1000.0
