O^z,error,N,total_data
-0.16453971284280416,0.0007453847731439449,1000.0,20000.0
