O^z,error,N,total_data
-0.10735733816007197,0.0005095252562172454,1000.0,32000.0
