O^z,error,N,total_data
-0.2436031093339458,0.0010770516886196584,1000.0,12000.0
