O^z,error,N,total_data
-0.13975360310671328,0.0006462766814595923,1000.0,24000.0
