O^z,error,N,total_data
-0.194616444705352,0.0008721108323733047,1000.0,16000.0
