O^z,error,N,total_data
-0.13424782402628208,0.0006297359116043147,1000.0,24000.0
