O^z,error,N,total_data
-0.2398783336422455,0.0010491610799593383,1000.0,12000.0
