O^z,error,N,total_data
-0.16126465278068974,0.0007267694135366233,1000.0,20000.0
