O^z,error,N,total_data
-0.11711009410704631,0.0005570484255298997,1000.0,28000.0
