O^z,error,N,total_data
-0.325602973788609,0.0038463030002076405,1000.0,1000.0
