O^z,error,N,total_data
-0.10196363865081583,0.0004981288026738095,1000.0,32000.0
