O^z,error,N,total_data
-0.19146246320013194,0.0008552335549535648,1000.0,16000.0
