ZL,error,N
0.010399081107299665,0.0013392054610365312,2999.0
