ZL,error,N
0.015856506130361023,0.0008488757553411296,7999.0
