ZL,error,N
0.005435090645920842,0.0007687930332938785,7998.0
