ZL,error,N
0.005765242562318652,0.0009749190710226127,5000.0
