ZL,error,N
0.009531756250990972,0.0007985438728183939,7998.0
