ZL,error,N
0.010056228318468561,0.0010216710407417295,4999.0
