ZL,error,N
0.033652022189654435,0.0011963379781969178,5000.0
