ZL,error,N
0.00589005429455965,0.0006889735765342064,9998.0
