ZL,error,N
0.01562307916609619,0.000759685159119158,9998.0
