ZL,error,N
0.03487429012943817,0.0015386747737512944,3000.0
