ZL,error,N
0.016867408252510326,0.001393434074037376,3000.0
