ZL,error,N
0.009261714672085716,0.0007134775897609541,9997.0
