ZL,error,N
0.03330633559296351,0.0008499832420444368,10000.0
