ZL,error,N
0.017113428345578878,0.0010691991590207179,5000.0
