ZL,error,N
0.0331555904356657,0.0009444511607574062,8000.0
