ZL,error,N
0.005892901695214913,0.001262459484251083,3000.0
