ZL,error,N
-0.12263641113248151,0.0030101120296642395,1000.0
