ZL,error,N
-0.15306901187727037,0.0038817134402575,1000.0
