ZL,error,N
-0.1383554764279031,0.0032637480436849033,1000.0
