ZL,error,N
-0.04369385381948103,0.0029053175708630237,1000.0
