ZL,error,N
-0.14759389192726313,0.003430623673059405,1000.0
