ZL,error,N
-0.14737225047674046,0.004106541136312256,1000.0
