ZL,error,N
-0.09451104151068075,0.00283031055196979,1000.0
