x2-x1,corr,error
1.0,4.513938450776696,
2.0,3.0726531634724505,
3.0,2.7276058844359845,
4.0,2.413021237218821,
5.0,2.266424041781552,
6.0,2.1315869201234885,
7.0,2.07829166438074,
8.0,2.0545812373177292,
