O^z,error,N,total_data
-0.20397103869224936,0.0003865883083368739,1000.0,28000.0
