O^z,error,N,total_data
-0.18766157423278848,0.0003524312281275403,1000.0,32000.0
