O^z,error,N,total_data
-0.33153620209306234,0.0007722505551304877,1000.0,12000.0
