O^z,error,N,total_data
-0.24814448107740153,0.0005076734270893887,1000.0,20000.0
