O^z,error,N,total_data
-0.30897715821874777,0.0009099182080247911,1000.0,12000.0
