O^z,error,N,total_data
-0.22726528237022553,0.0006098427680950663,1000.0,20000.0
