O^z,error,N,total_data
-0.17091919360209515,0.0004222983814307211,1000.0,32000.0
