O^z,error,N,total_data
-0.25929113330601694,0.0007279336651439619,1000.0,16000.0
