O^z,error,N,total_data
-0.20433510866733673,0.0005202984174733431,1000.0,24000.0
