O^z,error,N,total_data
-0.18639741166024462,0.00046160596417893756,1000.0,28000.0
