O^z,error,N,total_data
-0.3903693815782116,0.0033696983041467394,1000.0,1000.0
