O^z,error,N,total_data
-0.028266254601862377,0.0026375603615530706,1.0,28.0
