O^z,error,N,total_data
-0.0466701398089262,0.004801179508523817,1.0,24.0
