O^z,error,N,total_data
-0.20830043138471288,0.0061759045559227005,1.0,12.0
