O^z,error,N,total_data
-0.08790337438218097,0.005812522519191281,1.0,20.0
