O^z,error,N,total_data
-0.020863308821753683,0.0016890474362910408,1.0,32.0
