O^z,error,N,total_data
-0.14076914204983854,0.004353877068037526,1.0,16.0
