O^z,error,N,total_data
-0.23792172134205472,0.011417480005516815,1.0,24.0
