O^z,error,N,total_data
-0.27221150560224755,0.012079249537281225,1.0,20.0
