O^z,error,N,total_data
-0.1159365121523778,0.003616860646992128,1.0,80.0
