O^z,error,N,total_data
-0.10560365089039693,0.0023461730700818874,1.0,128.0
