O^z,error,N,total_data
-0.3169920905468827,0.013316439045138106,1.0,16.0
