O^z,error,N,total_data
-0.20576878044503827,0.007866806291241655,1.0,32.0
