O^z,error,N,total_data
-0.2108313728383447,0.010206992067931894,1.0,28.0
