O^z,error,N,total_data
-0.1270641418732174,0.004037564032124383,1.0,64.0
