O^z,error,N,total_data
-0.37441413542802954,0.01717403802932617,1.0,12.0
