O^z,error,N,total_data
-0.2577213895275997,0.003618217457686947,1000.0,1000.0
