O^z,error,N,total_data
-0.08473052079521405,0.0005683494830810584,1000.0,20000.0
