O^z,error,N,total_data
-0.04669676356332868,0.0003477877772573587,1000.0,28000.0
