O^z,error,N,total_data
-0.03598424754828187,0.0002932663062157006,1000.0,32000.0
