O^z,error,N,total_data
-0.11607216897303595,0.0007148252274813117,1000.0,16000.0
