O^z,error,N,total_data
-0.062325635259483016,0.0004472983426386958,1000.0,24000.0
