O^z,error,N,total_data
-0.16959007632317466,0.000946052611611586,1000.0,12000.0
