O^z,error,N,total_data
0.04165576939109368,0.002498271502887466,1000.0,1000.0
