O^z,error,N,total_data
-0.10061137592228689,0.0003577098165455984,8000.0,128000.0
