O^z,error,N,total_data
-0.018143552258808694,0.0002521198692162413,999.0,47952.0
