O^z,error,N,total_data
-0.03874883332032421,0.0002568182173764718,3000.0,96000.0
