O^z,error,N,total_data
-0.07701383074735002,0.0004510055105165565,3000.0,60000.0
