O^z,error,N,total_data
-0.059772999533701375,0.00022556298914588887,8000.0,192000.0
