O^z,error,N,total_data
-0.05986438407161995,0.0003676563053859411,3000.0,72000.0
