O^z,error,N,total_data
-0.04770586301307881,0.0003046603903817808,2999.0,83972.0
