O^z,error,N,total_data
-0.00921949290813229,0.0002341127708311588,500.0,32000.0
