O^z,error,N,total_data
-0.006201159080469071,0.0001254504782977308,1000.0,80000.0
