O^z,error,N,total_data
-0.1447714153782346,0.0007927071794558233,3000.0,36000.0
