O^z,error,N,total_data
-0.2155811283713682,0.0020175583287301404,8000.0,8000.0
