O^z,error,N,total_data
-0.10086057078475427,0.0005833607972206266,3000.0,48000.0
