O^z,error,N,total_data
-0.016986115695192795,0.000351251458803065,499.0,23952.0
