O^z,error,N,total_data
-0.010032375027982406,0.00017959887531075248,1000.0,64000.0
