O^z,error,N,total_data
-0.038578146069161254,0.000138436070146698,9999.0,319968.0
