O^z,error,N,total_data
-0.21932464357483575,0.0032866510940149935,3000.0,3000.0
