O^z,error,N,total_data
-0.35505542480463137,0.007771454308609868,1.0,12.0
