O^z,error,N,total_data
-0.2954976284022167,0.007340126434680737,1.0,24.0
