O^z,error,N,total_data
-0.305353929224936,0.005142174247060385,1.0,20.0
