O^z,error,N,total_data
-0.28576971585368305,0.005271864735379425,1.0,28.0
