O^z,error,N,total_data
-0.3189121408802963,0.00806102740551526,1.0,16.0
