O^z,error,N,total_data
-0.2824416208869652,0.004588353644591071,1.0,32.0
