ZL,error,N
-0.12519614269614193,0.003457055886965032,1000.0
