ZL,error,N
-0.11722310074297287,0.0033118437599525094,1000.0
