ZL,error,N
-0.025936394999432125,0.0031911202508342314,1000.0
