ZL,error,N
-0.12838519715029112,0.0038010608408685733,1000.0
