ZL,error,N
-0.12218854649457961,0.003997848023772701,1000.0
