ZL,error,N
-0.07300401704929912,0.0030796807931198766,1000.0
