ZL,error,N
-0.09853921648424342,0.003218066824136803,1000.0
