ZL,error,N
-0.05827101325871109,0.003053651323011382,1000.0
