ZL,error,N
-0.10943311001946601,0.0025283317902910015,1000.0
