ZL,error,N
-0.12992358546865854,0.002831014995578747,1000.0
