ZL,error,N
-0.12254302277716839,0.004303202885000887,1000.0
