ZL,error,N
-0.1097074422650227,0.004759024864929923,1000.0
