ZL,error,N
-0.06645963694777277,0.002583317052528065,1000.0
