ZL,error,N
-0.1362747813430545,0.0036996345674714932,1000.0
