ZL,error,N
-0.13652130437424945,0.0032630450215492086,1000.0
