O^z,error,N,total_data
-0.012389383902250055,0.0001003596872762786,9993.0,319776.0
