O^z,error,N,total_data
-0.05013481837610078,0.0002998992695189673,8000.0,128000.0
