O^z,error,N,total_data
-0.13689821859715698,0.001956813693841264,8000.0,8000.0
