O^z,error,N,total_data
-0.022837012303818693,0.00016956124710940015,7999.0,191976.0
