O^z,error,N,total_data
-0.2132126496821375,0.00014655992760249332,10000.0,240000.0
