O^z,error,N,total_data
-0.32324546838960094,0.00025520533478873617,10000.0,120000.0
