O^z,error,N,total_data
-0.2383220403511034,0.00016916935198464815,10000.0,200000.0
