O^z,error,N,total_data
-0.19417735477719564,0.00012782540217863626,10000.0,280000.0
