O^z,error,N,total_data
-0.27276289772813017,0.00020256452839515746,10000.0,160000.0
