O^z,error,N,total_data
-0.17861678301400946,0.00011475251400042563,10000.0,320000.0
