O^z,error,N,total_data
-0.4072654711648806,0.0009460541708874963,10000.0,10000.0
