O^z,error,N,total_data
9.844423607750652e-05,0.00043248808065355206,1.0,32.0
