O^z,error,N,total_data
0.00032872864036224357,0.00018759215539491722,1.0,24.0
