O^z,error,N,total_data
-7.838016402850864e-05,4.868976581629051e-06,1.0,12.0
