O^z,error,N,total_data
1.0812882724225845e-05,0.0003596519792452898,1.0,16.0
