O^z,error,N,total_data
0.0002740361682198395,0.00024590746868762627,1.0,20.0
