O^z,error,N,total_data
0.0009668734475710837,0.0005045902576646666,1.0,28.0
