ZL,error,N
0.16725265209046786,0.003680613456446895,1000.0
