ZL,error,N
-0.023596925486874507,0.0021487708490276537,1000.0
