ZL,error,N
0.38043992741444177,0.0035867278848727324,1000.0
