ZL,error,N
0.31988698608677274,0.0034830978537810195,1000.0
