ZL,error,N
0.2501971005830759,0.0037244805030701386,1000.0
