ZL,error,N
0.4284082882332303,0.0033834347813736236,1000.0
