ZL,error,N
0.06977927320858526,0.0032300862198136474,1000.0
