O^z,error,N,total_data
-0.13250976097019343,0.00041054814687265466,1000.0,48000.0
