O^z,error,N,total_data
-0.1379665860574545,0.00030502017201774725,2000.0,88000.0
