O^z,error,N,total_data
-0.1460188055573909,0.00031798015197615506,2000.0,80000.0
