O^z,error,N,total_data
-0.15702928904525576,0.0003402138899581525,2000.0,72000.0
