O^z,error,N,total_data
-0.14550774838034708,0.00044578456645528693,1000.0,40000.0
