O^z,error,N,total_data
-0.1379102268492883,0.00042295661342060163,1000.0,44000.0
