O^z,error,N,total_data
-0.1575950787769377,0.0004760089135023208,1000.0,36000.0
