O^z,error,N,total_data
-0.13245929278970045,0.00028961129759265923,2000.0,96000.0
