ZL,error,N
0.03349431290428701,0.007619284777109828,1000.0
