ZL,error,N
0.08920447080430949,0.008604783901583542,1000.0
