ZL,error,N
0.13544580270177375,0.009057296552287335,1000.0
