ZL,error,N
0.12042139931074596,0.008675188479179901,1000.0
