O^z,error,N,total_data
-0.046340589715516425,0.002312371101952364,1.0,80.0
