O^z,error,N,total_data
-0.2296814745355452,0.012437570963661534,1.0,20.0
