O^z,error,N,total_data
-0.2735597855977429,0.014223594441117583,1.0,16.0
