O^z,error,N,total_data
-0.3376413033723354,0.018439066933547434,1.0,12.0
