O^z,error,N,total_data
-0.1983830648746011,0.009455008644954306,1.0,24.0
