O^z,error,N,total_data
-0.11131179303507038,0.004300077540025433,1.0,48.0
