O^z,error,N,total_data
-0.07276974925147127,0.0024870157079850677,1.0,64.0
