O^z,error,N,total_data
-0.17531789225650005,0.007806203854545898,1.0,28.0
