O^z,error,N,total_data
-0.15652004334617908,0.00713057285721875,1.0,32.0
