O^z,error,N,total_data
-0.26407725206608595,0.0007292217775237004,1000.0,16000.0
