O^z,error,N,total_data
-0.20950836323013408,0.0005265570137483169,1000.0,24000.0
