O^z,error,N,total_data
-0.393717620891525,0.0033483300047821196,1000.0,1000.0
