O^z,error,N,total_data
-0.31261847487999683,0.000892817643136188,1000.0,12000.0
