O^z,error,N,total_data
-0.23195870617858327,0.0006152533239096235,1000.0,20000.0
