O^z,error,N,total_data
-0.19266736147272476,0.00047912329878962366,1000.0,28000.0
