O^z,error,N,total_data
-0.1811678026160525,0.0004291963870574037,1000.0,32000.0
