ZL,error,N
-0.2033575034169142,0.0034110529279141747,2000.0
