ZL,error,N
-0.192794306793434,0.003692128724731492,2000.0
