ZL,error,N
-0.18849829373815974,0.003907265744525247,2000.0
