ZL,error,N
-0.18451632923661082,0.004213161943885474,2000.0
