ZL,error,N
-0.18950328690462992,0.005342930353579168,1000.0
