ZL,error,N
-0.19170122675184048,0.005228414630962838,1000.0
