ZL,error,N
-0.20240781559271998,0.004711071068045786,1000.0
