ZL,error,N
-0.1825011448542271,0.0059164377433342736,1000.0
