O^z,error,N,total_data
0.02987113725313367,0.0004765635722568536,1000.0,16000.0
