O^z,error,N,total_data
0.014847498233068577,0.00027593281035031967,1000.0,24000.0
