O^z,error,N,total_data
0.007952260620332401,0.00017280158712199538,1000.0,32000.0
