O^z,error,N,total_data
0.07629661989505944,0.0030290644620965504,1000.0,1000.0
