O^z,error,N,total_data
-0.16865299653316654,0.0008436162572818533,1000.0,16000.0
