O^z,error,N,total_data
-0.11023088313700102,0.0005928806336887694,1000.0,24000.0
