O^z,error,N,total_data
-0.21819654190893678,0.0010568282984929453,1000.0,12000.0
