O^z,error,N,total_data
-0.09218715733633666,0.0005124186448762346,1000.0,28000.0
