O^z,error,N,total_data
-0.07853457087396974,0.00045809323817680767,1000.0,32000.0
