O^z,error,N,total_data
-0.3032264934196337,0.0039022595212418213,1000.0,1000.0
