O^z,error,N,total_data
-0.13524046521372288,0.0007112065920391722,1000.0,20000.0
