ZL,error,N
0.07159404181081108,0.005323675460387344,1000.0
