ZL,error,N
0.17053332255175424,0.002354728291540999,1000.0
