ZL,error,N
0.11761374275607933,0.003949919132085836,1000.0
