ZL,error,N
0.04831334234734811,0.006069864128975391,1000.0
