ZL,error,N
0.09229042546259941,0.004733561205372541,1000.0
