ZL,error,N
0.0225006549697878,0.006570922628338456,1000.0
