ZL,error,N
0.14756532426401564,0.0031712492458521404,1000.0
