O^z,error,N,total_data
-0.38838883393908974,0.0005382467324242061,1000.0,12000.0
