O^z,error,N,total_data
-0.31391728271556935,0.0004141541123691907,1000.0,28000.0
