O^z,error,N,total_data
-0.3086253059704213,0.0003869671513907736,1000.0,32000.0
