O^z,error,N,total_data
-0.45880264473653803,0.0017185814750735337,1000.0,1000.0
