O^z,error,N,total_data
-0.3368188140195454,0.0004248888235013165,1000.0,20000.0
