O^z,error,N,total_data
-0.3552310453816874,0.00047392668866033113,1000.0,16000.0
