O^z,error,N,total_data
-0.3244181033600997,0.00040731053491537326,1000.0,24000.0
