O^z,error,N,total_data
0.0077680432761375335,0.0002882755906153997,995.0,15920.0
