O^z,error,N,total_data
0.001180158438969526,8.88302911834793e-05,981.0,31392.0
