O^z,error,N,total_data
0.029991150812590676,0.00222004527067756,997.0,997.0
