O^z,error,N,total_data
0.0029542804068982942,0.0001502565218822216,993.0,23832.0
