O^z,error,N,total_data
-0.3029302398765884,0.0009461180690467565,1000.0,12000.0
