O^z,error,N,total_data
-0.19801531029432515,0.0005638850597666586,1000.0,24000.0
