O^z,error,N,total_data
-0.3845253593819331,0.003501894958491513,1000.0,1000.0
