O^z,error,N,total_data
-0.22221845218701802,0.0006476482720798129,1000.0,20000.0
