O^z,error,N,total_data
-0.2536179959792827,0.0007673198049090249,1000.0,16000.0
