O^z,error,N,total_data
-0.18367352739894308,0.0004908142854808129,1000.0,28000.0
