O^z,error,N,total_data
-0.16869693130783314,0.0004517485333690213,1000.0,32000.0
