ZL,error,N
-0.05628907223762993,0.002172066456878796,1000.0
