ZL,error,N
-0.1021617927301388,0.0014191494392196242,1000.0
