ZL,error,N
-0.12041811119824142,0.0008232579457804964,1000.0
