ZL,error,N
0.15808252834231565,0.0031909617429610767,1000.0
