ZL,error,N
0.10825877064589565,0.003061523204250647,1000.0
