ZL,error,N
0.05884641141412718,0.002760702988147832,1000.0
