ZL,error,N
0.0031461117671600374,0.0025171534023560407,1000.0
