ZL,error,N
0.05004856485480953,0.004888019188727701,1000.0
