ZL,error,N
0.07484151472706571,0.004555392528308117,1000.0
