ZL,error,N
0.14132341469095963,0.00308732476047049,1000.0
