ZL,error,N
0.09834192586684601,0.0040712930538867025,1000.0
