ZL,error,N
0.058324637226734234,0.004686966836299881,1000.0
