ZL,error,N
0.11760467828563291,0.00366683761003804,1000.0
