ZL,error,N
0.08367119977126466,0.004330849820943526,1000.0
