O^z,error,N,total_data
-0.17864781641824315,0.0007294719338394113,1000.0,20000.0
