O^z,error,N,total_data
-0.15544574066185776,0.0006471811175680185,1000.0,24000.0
