O^z,error,N,total_data
-0.13792352321576037,0.0005728005821923589,1000.0,28000.0
