O^z,error,N,total_data
-0.2570695292424578,0.001054388013820305,1000.0,12000.0
