O^z,error,N,total_data
-0.12318484686743615,0.00052280395176152,1000.0,32000.0
