O^z,error,N,total_data
-0.2108275828975743,0.0008593598652774629,1000.0,16000.0
