O^z,error,N,total_data
-0.3436321773001208,0.003803597297435171,1000.0,1000.0
