O^z,error,N,total_data
-0.02472260965425616,0.00017497618990771412,7998.0,191952.0
