O^z,error,N,total_data
-0.013355032050856896,0.00013932107791765836,4999.0,159968.0
