O^z,error,N,total_data
-0.024201795479994247,0.0002206875971951512,4998.0,119952.0
