O^z,error,N,total_data
-0.05325405144477721,0.00030737614698461864,7999.0,127984.0
