O^z,error,N,total_data
-0.053071597033571685,0.0003884940021953351,5000.0,80000.0
