O^z,error,N,total_data
-0.052942844103356666,0.0002726993643480212,9999.0,159984.0
