O^z,error,N,total_data
-0.05231024493824126,0.0004959672688158399,3000.0,48000.0
