O^z,error,N,total_data
-0.024832990293436816,0.00015635696223445031,9998.0,239952.0
