O^z,error,N,total_data
-0.14587139440327576,0.003293676193562534,3000.0,3000.0
