O^z,error,N,total_data
-0.1427395045234388,0.001985817734329128,8000.0,8000.0
