O^z,error,N,total_data
-0.013453691569980674,0.00011294976060794604,7996.0,255872.0
