O^z,error,N,total_data
-0.02416525505902448,0.0002800458058394257,2999.0,71976.0
