O^z,error,N,total_data
-0.013172401437747578,0.00017699436501296157,3000.0,96000.0
