O^z,error,N,total_data
-0.14258524733963915,0.0017789148969716445,10000.0,10000.0
