O^z,error,N,total_data
-0.013553585416444962,0.00010210466554999707,9994.0,319808.0
