O^z,error,N,total_data
-0.14469367771400685,0.002509278945089277,5000.0,5000.0
