ZL,error,N
0.019428389024864733,0.003919100842598892,1000.0
