ZL,error,N
-0.06217174157752072,0.004500105981161565,1000.0
