ZL,error,N
-0.10167743725399435,0.004521673038044451,1000.0
