ZL,error,N
-0.013732229330959914,0.004195397866506089,1000.0
