ZL,error,N
0.06260061886120138,0.003486251610378389,1000.0
