ZL,error,N
-0.08959641411538496,0.004425764529416995,1000.0
