ZL,error,N
-0.040502615706443,0.004321942937381964,1000.0
