O^z,error,N,total_data
-0.18232045228925772,0.0006006215032324831,1000.0,24000.0
