O^z,error,N,total_data
-0.20429557676459403,0.000707767657106164,1000.0,20000.0
