O^z,error,N,total_data
-0.3670486470664617,0.003912660713790261,1000.0,1000.0
