O^z,error,N,total_data
-0.16375141602786822,0.0005292791137304577,1000.0,28000.0
