O^z,error,N,total_data
-0.2849551694454336,0.00103399318390639,1000.0,12000.0
