O^z,error,N,total_data
-0.1530666763055759,0.00048414292978779473,1000.0,32000.0
