O^z,error,N,total_data
-0.235191869628587,0.0008332498490140553,1000.0,16000.0
