ZL,error,N
0.36409896310820994,0.004285636543935484,1000.0
