ZL,error,N
0.19218064777351485,0.0044413844822373824,1000.0
