ZL,error,N
-0.043155677620415084,0.002249969091853813,1000.0
