ZL,error,N
0.3191267108252762,0.004221654473360652,1000.0
