ZL,error,N
0.2592551418733391,0.004155643200601039,1000.0
