ZL,error,N
0.1195341544475099,0.00415879226082056,1000.0
