ZL,error,N
0.033184459460148745,0.003423922493661754,1000.0
