O^z,error,N,total_data
-0.08272084301611765,0.0004358160440618222,1000.0,36000.0
