O^z,error,N,total_data
-0.07215294035582946,0.0003930453022735803,1000.0,40000.0
