O^z,error,N,total_data
-0.06567634999313342,0.0003565518399922928,1000.0,44000.0
