O^z,error,N,total_data
-0.0598011840922368,0.0003225125239207217,1000.0,48000.0
