O^z,error,N,total_data
-0.08122931994811403,0.0009462294569897612,1000.0,16000.0
