O^z,error,N,total_data
-0.04295252966363794,0.0005678139921119465,1000.0,24000.0
