O^z,error,N,total_data
-0.025267800902635494,0.00038835764701403505,1000.0,32000.0
