O^z,error,N,total_data
-0.1869512561736415,0.005822009818993111,1000.0,1000.0
