ZL,error,N
0.005579072056487642,0.0012468809585939604,2999.0
