ZL,error,N
0.02741240996555143,0.0014704139704908663,3000.0
