ZL,error,N
0.011681512208385742,0.0013406296499181031,3000.0
