ZL,error,N
0.006089845386625741,0.001221406301676323,2996.0
