ZL,error,N
0.009548592660286185,0.001255927248979939,3000.0
