ZL,error,N
0.008333837120557444,0.001231773761698757,2998.0
