ZL,error,N
0.018473902025066057,0.0013880633796108871,3000.0
