O^z,error,N,total_data
-0.10377634989283407,0.0003977162530729765,10000.0,120000.0
