O^z,error,N,total_data
-0.16877289978113424,0.0017536067874129632,10000.0,10000.0
