ZL,error,N
-0.06833672011902694,0.0027600124363748985,1000.0
