ZL,error,N
0.09392588926335094,0.004000164087023453,1000.0
