ZL,error,N
0.14001738687419898,0.004006459553424991,1000.0
