ZL,error,N
0.04082417258895307,0.0035400724115459605,1000.0
