ZL,error,N
-0.1205176917622437,0.0009373190437838216,1000.0
