ZL,error,N
-0.10768264625451762,0.0017530564060791434,1000.0
