ZL,error,N
-0.015388472978291984,0.003283340443193634,1000.0
