O^z,error,N,total_data
-0.24825779017689822,0.00039579958735375505,1000.0,32000.0
