O^z,error,N,total_data
-0.2888944396914596,0.000495200048450873,1000.0,20000.0
