O^z,error,N,total_data
-0.35546733708268646,0.0006928742678010224,1000.0,12000.0
