O^z,error,N,total_data
-0.26856330617441265,0.0004612886939188934,1000.0,24000.0
