O^z,error,N,total_data
-0.25739487429191127,0.0004105860334486707,1000.0,28000.0
