O^z,error,N,total_data
-0.3148755464874434,0.0005725004797924588,1000.0,16000.0
