O^z,error,N,total_data
-0.43927900069594233,0.0024156848294761292,1000.0,1000.0
