O^z,error,N,total_data
-0.19704125653707313,0.0020120508260149435,8000.0,8000.0
