O^z,error,N,total_data
-0.030289617677326745,0.00018071533426159008,5000.0,160000.0
