O^z,error,N,total_data
-0.20151269455997284,0.002535942284319009,5000.0,5000.0
