O^z,error,N,total_data
-0.037635939248099715,0.00015240617113654252,10000.0,280000.0
