O^z,error,N,total_data
-0.08847092326671421,0.0003054008030365263,10000.0,160000.0
