O^z,error,N,total_data
-0.08853411210247189,0.0005521993026841969,3000.0,48000.0
