O^z,error,N,total_data
-0.03046075489879893,0.00012741886999134957,10000.0,320000.0
