O^z,error,N,total_data
-0.19726215510642137,0.0018049367751567286,10000.0,10000.0
