O^z,error,N,total_data
-0.0071628120531253316,0.0002050933454785685,500.0,32000.0
