O^z,error,N,total_data
-0.030117889836620625,0.0002323382167707146,3000.0,96000.0
