O^z,error,N,total_data
-0.04794398732019692,0.0002614867991981177,5000.0,120000.0
