O^z,error,N,total_data
-0.030131028888521674,0.00014242521948386325,8000.0,256000.0
