O^z,error,N,total_data
-0.004275485929457975,0.00012157706663311782,1000.0,80000.0
