O^z,error,N,total_data
-0.04830929627876738,0.00018564160429898618,10000.0,240000.0
