O^z,error,N,total_data
-0.046802046077727,0.00033506172274653785,3000.0,72000.0
