O^z,error,N,total_data
-0.08853319999996055,0.0003062601252419818,10000.0,160000.0
