O^z,error,N,total_data
-0.06370849371361922,0.00023308819451579795,10000.0,200000.0
