O^z,error,N,total_data
-0.04806347866013116,0.00020727675769435775,8000.0,192000.0
