O^z,error,N,total_data
-0.01188747055238131,0.0002865658810293302,500.0,24000.0
