O^z,error,N,total_data
-0.08837252229597267,0.0003411066306458546,8000.0,128000.0
