O^z,error,N,total_data
-0.08871442608194052,0.000431150705607153,5000.0,80000.0
