O^z,error,N,total_data
-0.04830293188710302,0.0001856640237775354,10000.0,240000.0
