O^z,error,N,total_data
-0.2025320726949724,0.0033031652590406677,3000.0,3000.0
