O^z,error,N,total_data
-0.0074037711028857025,0.00010820284512100432,7977.0,255264.0
