O^z,error,N,total_data
-0.1091918344860424,0.0024083121122330823,5000.0,5000.0
