O^z,error,N,total_data
-0.10994508780588498,0.0017127738186009554,10000.0,10000.0
