O^z,error,N,total_data
-0.015706164698601578,0.00019819560666032917,4998.0,119952.0
