O^z,error,N,total_data
-0.007203786115555614,0.00016858696336038496,2994.0,95808.0
