O^z,error,N,total_data
-0.03539729048857415,0.0004505035591023035,2998.0,47968.0
