O^z,error,N,total_data
-0.10952558161482336,0.001912641773869157,8000.0,8000.0
