O^z,error,N,total_data
-0.0073736376150337875,0.00013290158727803295,4988.0,159616.0
