O^z,error,N,total_data
-0.015663360536041695,0.00025473721396378505,2998.0,71952.0
