O^z,error,N,total_data
-0.015852189367823667,0.00015991825398006552,7995.0,191880.0
