O^z,error,N,total_data
-0.035884166345789434,0.0002505111890342463,9998.0,159968.0
