O^z,error,N,total_data
-0.11079906226562856,0.0031688565873634823,3000.0,3000.0
