O^z,error,N,total_data
-0.01576479049158065,0.00014230842811621477,9990.0,239760.0
