O^z,error,N,total_data
-0.007395909164795425,9.57579123449744e-05,9970.0,319040.0
