O^z,error,N,total_data
-0.035942249156216424,0.0002805789303266146,7998.0,127968.0
