O^z,error,N,total_data
-0.0358677447796388,0.0003546056148815007,4998.0,79968.0
