ZL,error,N
0.006166237876046343,0.0011961062278231216,2998.0
