ZL,error,N
0.01721068820792782,0.0013911575431817182,2999.0
