ZL,error,N
0.0025851182567073728,0.0011932548536804377,2995.0
