ZL,error,N
0.0034850789419472597,0.0012269283018264154,2987.0
