ZL,error,N
0.004749058106647621,0.0012332342805609193,2990.0
