ZL,error,N
0.011129256131949797,0.001267199418964358,2999.0
