ZL,error,N
0.006115342600657721,0.0012071513057637195,2997.0
