ZL,error,N
-0.0983092937761612,0.006295147721154573,1000.0
