ZL,error,N
-0.02901632324597912,0.005039149219134912,1000.0
