ZL,error,N
0.12566471616504746,0.002495167705926429,1000.0
