ZL,error,N
0.007160336856699697,0.004782328800157763,1000.0
