ZL,error,N
0.04519056183241139,0.004133739637671328,1000.0
