ZL,error,N
0.08923456062349538,0.003288928651921022,1000.0
