ZL,error,N
-0.06936698878309053,0.00574441948560072,1000.0
