O^z,error,N,total_data
-0.1954505619642273,0.0005399852903488589,1000.0,24000.0
