O^z,error,N,total_data
-0.3026062822473337,0.0009456494228406762,1000.0,12000.0
