O^z,error,N,total_data
-0.21911177758420472,0.0006317081981674668,1000.0,20000.0
