O^z,error,N,total_data
-0.17798275440488262,0.00046741944944860193,1000.0,28000.0
