O^z,error,N,total_data
-0.3870302404682181,0.0037415834490966645,1000.0,1000.0
