O^z,error,N,total_data
-0.1636226115021173,0.00041982003959164144,1000.0,32000.0
