O^z,error,N,total_data
-0.252167202653243,0.0007558661999745341,1000.0,16000.0
