ZL,error,N
0.15114388045945565,0.004523547801515678,1000.0
