ZL,error,N
0.18250452689606164,0.0030951251176179447,1000.0
