ZL,error,N
0.1638310800208779,0.003990560360726121,1000.0
