ZL,error,N
0.1480566603129731,0.00468088998623478,1000.0
