ZL,error,N
-0.012740986756356987,0.0008821317405367573,10000.0
