ZL,error,N
-0.018077973673380113,0.0009490247853629481,10000.0
