O^z,error,N,total_data
-0.05486904780290605,0.0002814684938552663,1000.0,24000.0
