O^z,error,N,total_data
-0.12128046026390553,0.0004897378173444415,1000.0,16000.0
