O^z,error,N,total_data
-0.18235422658284542,0.000582916925771771,1000.0,12000.0
