O^z,error,N,total_data
-0.028051802425046384,0.00020731349644009797,1000.0,32000.0
