O^z,error,N,total_data
-0.038223358720891054,0.00023148019050061525,1000.0,28000.0
