O^z,error,N,total_data
-0.285428903751651,0.0019635704383492423,1000.0,1000.0
