O^z,error,N,total_data
-0.0799204250790798,0.00036533103709603793,1000.0,20000.0
