ZL,error,N
-0.16861944658424213,0.0018791099677103818,1000.0
