ZL,error,N
-0.27365607921628476,0.0027366489039117137,1000.0
