ZL,error,N
-0.299994326072818,0.003666063311826204,1000.0
