ZL,error,N
-0.0995737528869257,0.0017676925960703133,1000.0
