ZL,error,N
-0.24851612995842617,0.0023627895634187666,1000.0
