ZL,error,N
-0.29045712843848953,0.0032839744764808997,1000.0
