ZL,error,N
-0.21847619705513127,0.0020261561347889975,1000.0
