O^z,error,N,total_data
-0.09139930787730094,0.0004931449097585273,1000.0,32000.0
