O^z,error,N,total_data
-0.1456779517507134,0.0007513993617246811,1000.0,20000.0
