O^z,error,N,total_data
-0.10408501937159127,0.0005538913869297423,1000.0,28000.0
