O^z,error,N,total_data
-0.22707874114978255,0.0011266109061338111,1000.0,12000.0
