O^z,error,N,total_data
-0.12128124799762247,0.0006419077924923177,1000.0,24000.0
