O^z,error,N,total_data
-0.17751564777675516,0.000897902358888356,1000.0,16000.0
