O^z,error,N,total_data
-0.3106042138910024,0.004222537578108414,1000.0,1000.0
