corr,error,N
2.5764960632106364,0.013018426052640647,1000.0
