corr,error,N
3.109534549432469,0.01074154834638274,1000.0
