corr,error,N
2.779382013773736,0.012086065682916619,1000.0
