corr,error,N
2.663104179183663,0.013021316303582884,1000.0
