O^z,error,N,total_data
-0.30015960890291665,0.00040291145139150544,1000.0,28000.0
