O^z,error,N,total_data
-0.33929134649152115,0.0004709500833100008,1000.0,16000.0
