O^z,error,N,total_data
-0.3721991455101687,0.0005330614355078275,1000.0,12000.0
