O^z,error,N,total_data
-0.29508010750580216,0.00039951751961983496,1000.0,32000.0
