O^z,error,N,total_data
-0.3189793897706615,0.00044225489206497094,1000.0,20000.0
