O^z,error,N,total_data
-0.4365075490337034,0.001750666746454479,1000.0,1000.0
