O^z,error,N,total_data
-0.30876296571075323,0.0004188863051744515,1000.0,24000.0
