ZL,error,N
0.02736507631419773,0.004468433277609482,1000.0
