ZL,error,N
-0.018924414208017624,0.005016833093630622,1000.0
