ZL,error,N
-0.04201928905803289,0.0052379465148351964,1000.0
