ZL,error,N
0.12153357935255366,0.0031349578960482784,1000.0
