ZL,error,N
0.005303902172636584,0.004778871823511266,1000.0
