ZL,error,N
0.08735373895239507,0.0037529598389834736,1000.0
