ZL,error,N
0.05599569282211685,0.004269107007622084,1000.0
