ZL,error,N
0.032035071111589195,0.0009487768084934394,8000.0
