ZL,error,N
0.014532310003255583,0.0007606355319336695,9999.0
