ZL,error,N
0.00843758281558404,0.0010168585837615368,5000.0
