ZL,error,N
0.007323679984564991,0.001279928658439189,2999.0
