ZL,error,N
0.005457127824536713,0.0007039978989011036,9995.0
