ZL,error,N
0.014417343578389993,0.0008523440302056236,8000.0
