ZL,error,N
0.03205092523822992,0.0008517729592490821,10000.0
