ZL,error,N
0.005669819606157302,0.0007878131338644196,7996.0
