ZL,error,N
0.0075524028512827255,0.0007979603863489775,7999.0
