ZL,error,N
0.006490425779340762,0.000992899514284646,4998.0
