ZL,error,N
0.033136509587390305,0.001558106264341879,3000.0
