ZL,error,N
0.032449451400476226,0.0012084677800573008,5000.0
