ZL,error,N
0.007731574195734427,0.0007189812663889163,9998.0
