ZL,error,N
0.015329005866776164,0.001407279698452478,3000.0
