ZL,error,N
0.015322143434510386,0.0010862667607616358,5000.0
