ZL,error,N
0.00911450038732111,0.0013223717565735323,3000.0
