O^z,error,N,total_data
-0.07565250870157832,0.00035102554042324184,8000.0,128000.0
