O^z,error,N,total_data
-0.041041521974525826,0.000213583128152263,7999.0,191976.0
