O^z,error,N,total_data
-0.04177513292495103,0.00034849278198314924,3000.0,72000.0
