O^z,error,N,total_data
-0.07559427816576818,0.0003147972182758621,9999.0,159984.0
