O^z,error,N,total_data
-0.04134137105512191,0.0002696574901819491,5000.0,120000.0
