O^z,error,N,total_data
-0.02431678241161362,0.00023810952211759294,2998.0,95936.0
