O^z,error,N,total_data
-0.18732798354140226,0.0026533837202857556,5000.0,5000.0
