O^z,error,N,total_data
-0.024311728458073008,0.00014703849684680087,7995.0,255840.0
