O^z,error,N,total_data
-0.18353165177548272,0.001878974964968207,10000.0,10000.0
