O^z,error,N,total_data
-0.07623345051878551,0.0005725265014040156,3000.0,48000.0
