O^z,error,N,total_data
-0.18344189544032505,0.002097521364893584,8000.0,8000.0
