O^z,error,N,total_data
-0.024238606525283306,0.00018532241527902772,4997.0,159904.0
