O^z,error,N,total_data
-0.02444612210148496,0.0001319987522569221,9993.0,319776.0
