O^z,error,N,total_data
-0.04108458365819199,0.00019054643000523253,9999.0,239976.0
