O^z,error,N,total_data
-0.19020295767552603,0.0034489058935514467,3000.0,3000.0
