O^z,error,N,total_data
-0.07609831450474365,0.0004479144169746403,5000.0,80000.0
