ZL,error,N
0.43085316826459913,0.003973343406299344,1000.0
