ZL,error,N
0.32713633467026204,0.0040680440287449255,1000.0
