ZL,error,N
0.2605759069225859,0.0042090333508752525,1000.0
