ZL,error,N
0.3871677654828759,0.0038267288359306296,1000.0
