ZL,error,N
0.18314010276765594,0.004019812850922936,1000.0
