ZL,error,N
0.08961613660688898,0.00352252788077607,1000.0
