ZL,error,N
-0.010336087134726668,0.002570669123563926,1000.0
