O^z,error,N,total_data
-0.384899123457641,0.0035523681520057905,1000.0,1000.0
