O^z,error,N,total_data
-0.17213950074794115,0.00045131164758452006,1000.0,32000.0
