O^z,error,N,total_data
-0.2221779838947214,0.0006567248376061307,1000.0,20000.0
