O^z,error,N,total_data
-0.3037012040472944,0.0009630491648928405,1000.0,12000.0
