O^z,error,N,total_data
-0.18409769002276746,0.0004986433677607986,1000.0,28000.0
