O^z,error,N,total_data
-0.20133364608489146,0.000561108149234339,1000.0,24000.0
