O^z,error,N,total_data
-0.2541648599995839,0.0007640908617103766,1000.0,16000.0
