O^z,error,N,total_data
-0.06323016318009597,0.0001961720343651761,3000.0,120000.0
