O^z,error,N,total_data
-0.12292362356879805,0.00017814777982135525,10000.0,240000.0
