O^z,error,N,total_data
-0.1841270651263979,0.0002418752752565433,10000.0,160000.0
