O^z,error,N,total_data
-0.07474463037356996,0.00022672937439850922,3000.0,108000.0
