O^z,error,N,total_data
-0.31972186050028867,0.0010058564190931097,10000.0,10000.0
