O^z,error,N,total_data
-0.14970806251129076,0.0002077394985545354,10000.0,200000.0
