O^z,error,N,total_data
-0.04840827921086443,0.00015832983537469872,3000.0,144000.0
