O^z,error,N,total_data
-0.05589316788515905,0.00017766378384052726,3000.0,132000.0
