O^z,error,N,total_data
-0.18395252665172343,0.0004419881941940089,3000.0,48000.0
