O^z,error,N,total_data
-0.1026151110374359,0.0002824660361877225,3000.0,84000.0
