O^z,error,N,total_data
-0.14920164940462186,0.00037608009396190156,3000.0,60000.0
