O^z,error,N,total_data
-0.08724278471224717,0.00025257307008905714,3000.0,96000.0
