O^z,error,N,total_data
-0.10315779319659728,0.0001564166159787947,10000.0,280000.0
