O^z,error,N,total_data
-0.12251405420259302,0.0003249395163108409,3000.0,72000.0
