O^z,error,N,total_data
-0.23361023353031582,0.0002925563694764487,10000.0,120000.0
