ZL,error,N
0.01576338789617036,0.002427606463421305,1000.0
