ZL,error,N
0.036292644173689714,0.0028521769146588496,1000.0
