ZL,error,N
0.00759094346498006,0.002310510245356684,1000.0
