ZL,error,N
0.004063769078270579,0.0023026586399255053,1000.0
