O^z,error,N,total_data
-0.08767677630215864,0.0009979963061758415,1000.0,16000.0
