O^z,error,N,total_data
-0.030706614954582167,0.00042040451357441545,1000.0,32000.0
