O^z,error,N,total_data
-0.0466988738872422,0.0006244027896461509,1000.0,24000.0
