O^z,error,N,total_data
-0.19623737153769677,0.005876512536255951,1000.0,1000.0
