ZL,error,N
0.18885831403176112,0.0007721382404736999,10000.0
