ZL,error,N
0.18916089167580485,0.0034471743067178914,1000.0
