ZL,error,N
0.18680895991321214,0.003365185205561812,1000.0
