ZL,error,N
0.18992091589867402,0.003150768384858905,1000.0
