ZL,error,N
0.18763640193932102,0.0009951003952002177,10000.0
