ZL,error,N
0.18853749332035713,0.002816625193049788,1000.0
