ZL,error,N
0.18681343827952704,0.0009410019980758059,10000.0
