ZL,error,N
0.18960821961114313,0.0010999018683064347,10000.0
