ZL,error,N
0.19054978442251397,0.0024172927959434987,1000.0
