ZL,error,N
0.18747445851221947,0.0008794782695044411,10000.0
