ZL,error,N
0.18881516052808175,0.002955772739059495,1000.0
