ZL,error,N
0.1877197415863096,0.001024338263985105,10000.0
