ZL,error,N
0.18806898752405102,0.0035111072138559727,1000.0
