ZL,error,N
0.1890736873181428,0.0010700352537423893,10000.0
