ZL,error,N
-0.16246134151217265,0.00414978476826858,2000.0
