ZL,error,N
-0.17844582501230305,0.002836454137231301,1000.0
