ZL,error,N
-0.16690881769410762,0.005426515669429403,1000.0
