ZL,error,N
-0.1231712220987925,0.0024527399893407294,1000.0
