ZL,error,N
-0.18614412556324775,0.004271801482387471,1000.0
