ZL,error,N
-0.1876073085525961,0.0037572156943057847,1000.0
