ZL,error,N
-0.17614280771840599,0.005161183572845897,1000.0
