ZL,error,N
-0.17635072276753846,0.003701114716533486,2000.0
