ZL,error,N
-0.1863998091343859,0.00481260742769025,1000.0
