ZL,error,N
-0.16706540580310747,0.0039156490632948696,2000.0
