ZL,error,N
-0.18338957607607104,0.003470900103991816,2000.0
