ZL,error,N
-0.15743877659341407,0.005815952596482687,1000.0
