ZL,error,N
-0.03345285028300514,0.004540577189663446,1000.0
