ZL,error,N
-0.0940657823885859,0.0033211461129801782,1000.0
