ZL,error,N
0.0063155871861777435,0.0051146496108363075,1000.0
