ZL,error,N
-0.09479373803725408,0.0018065411640677787,1000.0
