ZL,error,N
-0.11037319340198028,0.002368008188662235,1000.0
