ZL,error,N
0.04281444375820695,0.005434901476878543,1000.0
