ZL,error,N
-0.06600596188488164,0.004042518019568182,1000.0
