O^z,error,N,total_data
0.0136996074605776,0.00011724176310521965,849.0,108588.0
