ZL,error,N
0.15748224527259663,0.0023832846160753937,1000.0
