ZL,error,N
0.2642099918550207,0.002540205889356193,1000.0
