ZL,error,N
0.41898837607513917,0.0023590786727032196,1000.0
