ZL,error,N
0.34876883358296723,0.002541207631461736,1000.0
