ZL,error,N
0.4760701423712865,0.002307160763235857,1000.0
