ZL,error,N
0.5223812842866434,0.002142450382046032,1000.0
