ZL,error,N
0.035254986519483195,0.0016112411429217521,1000.0
