ZL,error,N
0.002514205234956645,0.001145885510477286,8000.0
