ZL,error,N
-0.006472658691053731,0.0009390035321773285,8000.0
