ZL,error,N
0.0340124276539776,0.0013446439406455384,9993.0
