ZL,error,N
0.017949461145094863,0.0013292769959591289,7999.0
