ZL,error,N
-0.2051046382049158,0.004717206251686251,1000.0
