ZL,error,N
-0.18653660123869772,0.005909152715157043,1000.0
