ZL,error,N
-0.19573555018967184,0.005241426799813426,1000.0
