ZL,error,N
-0.19273747230056595,0.005294942147200688,1000.0
