O^z,error,N,total_data
-0.3121475952762925,0.004808307775863452,1.0,24.0
