O^z,error,N,total_data
-0.2963033400322874,0.004617449524768599,1.0,32.0
