O^z,error,N,total_data
-0.34646284013032325,0.006873455936377505,1.0,16.0
