O^z,error,N,total_data
-0.3029930768031325,0.004423730636403161,1.0,28.0
