O^z,error,N,total_data
-0.38007205931886273,0.007887698437022618,1.0,12.0
