O^z,error,N,total_data
-0.32553004769306154,0.0057118552610912095,1.0,20.0
