O^z,error,N,total_data
0.01324185445061764,0.0003494334602905052,1000.0,16000.0
