O^z,error,N,total_data
0.002631098966672817,0.00011905918306927361,1000.0,32000.0
