O^z,error,N,total_data
0.0052836084355008415,0.00018589717776523794,1000.0,24000.0
