O^z,error,N,total_data
0.04271201275065964,0.0025014204837112775,1000.0,1000.0
