ZL,error,N
-0.01767240392790011,0.005195732800937204,500.0
