ZL,error,N
0.0007416862000333486,0.004208233892841229,1000.0
