ZL,error,N
-0.01838125345383629,0.0051841854203672644,500.0
