O^z,error,N,total_data
-0.37971376938761814,0.0011508820267074741,10000.0,10000.0
