O^z,error,N,total_data
-0.159623844477788,0.00013264976789936964,10000.0,320000.0
