O^z,error,N,total_data
-0.19290379734603305,0.00017019951362569493,10000.0,240000.0
