O^z,error,N,total_data
-0.298820193365537,0.00030321683505590645,10000.0,120000.0
