O^z,error,N,total_data
-0.17411181935196093,0.0001493751150453728,10000.0,280000.0
