O^z,error,N,total_data
-0.21678779642968662,0.00019830454083275592,10000.0,200000.0
