O^z,error,N,total_data
-0.24979733631347645,0.00023957394532374735,10000.0,160000.0
