O^z,error,N,total_data
-0.3722001824554655,0.0213407651694329,1.0,12.0
