O^z,error,N,total_data
-0.19962332503805388,0.011005634019100749,1.0,32.0
