O^z,error,N,total_data
-0.2699971930872878,0.013384871202707673,1.0,20.0
