O^z,error,N,total_data
-0.23738886275181856,0.013624799153532867,1.0,24.0
