O^z,error,N,total_data
-0.2115020671373684,0.012555946706580612,1.0,28.0
