O^z,error,N,total_data
-0.3084045854759583,0.01573373280376505,1.0,16.0
