O^z,error,N,total_data
-0.29286835532896743,0.0005117180122362204,1000.0,16000.0
