O^z,error,N,total_data
-0.2269775235676118,0.00012815785115208078,10000.0,320000.0
