O^z,error,N,total_data
-0.22818264321383533,0.00038933546199186906,1000.0,32000.0
