O^z,error,N,total_data
-0.406326285898314,0.001509667047554052,1000.0,1000.0
