O^z,error,N,total_data
-0.4045302121181397,0.00047627806378407336,10000.0,10000.0
