O^z,error,N,total_data
-0.2664692279305648,0.0004597903688743009,1000.0,20000.0
