O^z,error,N,total_data
-0.2675071662051209,0.00014816750123828503,10000.0,200000.0
