O^z,error,N,total_data
-0.29299797855012216,0.00016108513056891142,10000.0,160000.0
