O^z,error,N,total_data
-0.33300990396909186,0.00017113477011678128,10000.0,120000.0
