O^z,error,N,total_data
-0.23653596842799493,0.00041641144777875,1000.0,28000.0
