O^z,error,N,total_data
-0.3329049494838619,0.0005407158861101919,1000.0,12000.0
