O^z,error,N,total_data
-0.250954971752824,0.00013640289806772006,10000.0,240000.0
