O^z,error,N,total_data
-0.23775330955951457,0.00013053460558023016,10000.0,280000.0
