O^z,error,N,total_data
-0.2485903048484296,0.0004357813298055912,1000.0,24000.0
