ZL,error,N
0.2106183089394272,0.0010620487675546972,10000.0
