ZL,error,N
0.20151503797175946,0.0008992407699230559,10000.0
