ZL,error,N
0.2080107386526183,0.0032074822821327384,1000.0
