ZL,error,N
0.20578539718482838,0.0034255660710707267,1000.0
