ZL,error,N
0.19994949832536643,0.0008426487348612487,10000.0
