ZL,error,N
0.20922834731802742,0.0010337508589378212,10000.0
