ZL,error,N
0.2052945021216603,0.000955485537900124,10000.0
