ZL,error,N
0.19794922897579526,0.0007353532408791445,10000.0
