ZL,error,N
0.2030830895642241,0.0026755307274246324,1000.0
