ZL,error,N
0.20233323734769898,0.0028990156096743783,1000.0
