ZL,error,N
0.20841524144879728,0.003104908428741048,1000.0
