ZL,error,N
0.21303621537653458,0.003328487201201743,1000.0
