ZL,error,N
0.20140247508427567,0.002260137470467152,1000.0
