ZL,error,N
0.2071962623023377,0.0009863307032661494,10000.0
