ZL,error,N
-0.11552823919227412,0.0023335111658938762,1000.0
