ZL,error,N
-0.11875885565940442,0.002946618429855002,1000.0
