ZL,error,N
-0.1076338236742001,0.003697011350475477,1000.0
