ZL,error,N
-0.08174171155074453,0.0022704402006986078,1000.0
