ZL,error,N
-0.03987910630212764,0.005256430036936566,1000.0
