ZL,error,N
-0.06691766885275752,0.004906843994050214,1000.0
