ZL,error,N
-0.09063112106215869,0.0041775191826886274,1000.0
