O^z,error,N,total_data
-0.29806472773526516,0.008171192320605506,1.0,48.0
