O^z,error,N,total_data
-0.3531072868298282,0.008089600092821005,1.0,20.0
