O^z,error,N,total_data
-0.3738021751320495,0.0103958792191662,1.0,16.0
