O^z,error,N,total_data
-0.33989437769106373,0.007048450599831389,1.0,24.0
