O^z,error,N,total_data
-0.40847455673878946,0.013215285728794775,1.0,12.0
