O^z,error,N,total_data
-0.3336985641131146,0.006498866411507711,1.0,28.0
