O^z,error,N,total_data
-0.28853701314848584,0.00613643628750589,1.0,64.0
