O^z,error,N,total_data
-0.2818413153469209,0.004338642013260245,1.0,80.0
