O^z,error,N,total_data
-0.32579201933882523,0.007522223288830405,1.0,32.0
