O^z,error,N,total_data
-0.16855589093273057,0.0006871188849466737,1000.0,12000.0
