O^z,error,N,total_data
-0.07681432700895403,0.0004230182011363697,1000.0,20000.0
