O^z,error,N,total_data
-0.053131848416638844,0.0003179315649276882,1000.0,24000.0
