O^z,error,N,total_data
-0.027122086347753843,0.00021654717652768574,1000.0,32000.0
