O^z,error,N,total_data
-0.038382364207165946,0.00027625199198485335,1000.0,28000.0
