O^z,error,N,total_data
-0.26671689871651866,0.0024816520547810447,1000.0,1000.0
