O^z,error,N,total_data
-0.11454818126483092,0.0005581078283658186,1000.0,16000.0
