ZL,error,N
0.19671035194750644,0.0009107504790129142,10000.0
