ZL,error,N
0.20317256362561006,0.0010849037302070232,10000.0
