ZL,error,N
0.20015742533499178,0.0010098224817729864,10000.0
