ZL,error,N
0.1962317085405062,0.0008507333821656582,10000.0
