ZL,error,N
0.2028921308588765,0.0010427744426441277,10000.0
