ZL,error,N
0.19580047956611435,0.0007479078420679876,10000.0
