ZL,error,N
0.1990258031528142,0.000977520754866958,10000.0
