ZL,error,N
0.10519951598122293,0.004324249936351845,1000.0
