ZL,error,N
0.0943553326814023,0.004416744724511221,1000.0
