ZL,error,N
0.12056143733059153,0.004051325603004891,1000.0
