ZL,error,N
0.13506335850339668,0.0036120379325282987,1000.0
