ZL,error,N
0.15595776481766171,0.0029693257804665834,1000.0
