ZL,error,N
0.0702601497014418,0.004986304554353297,1000.0
