ZL,error,N
0.08086256078399531,0.004716308479397687,1000.0
