O^z,error,N,total_data
-0.21106000146754847,0.00020573964010377785,10000.0,200000.0
