O^z,error,N,total_data
-0.16903449158252928,0.00015369894902375985,10000.0,280000.0
