O^z,error,N,total_data
-0.2438516333612776,0.0002480163132596624,10000.0,160000.0
