O^z,error,N,total_data
-0.3738807540228006,0.0011965201566109056,10000.0,10000.0
