O^z,error,N,total_data
-0.1871104181838514,0.00017683740389433082,10000.0,240000.0
