O^z,error,N,total_data
-0.15525416643005172,0.00013611908297057968,10000.0,320000.0
