O^z,error,N,total_data
-0.29323965888898995,0.00031444258362636724,10000.0,120000.0
