O^z,error,N,total_data
-0.36792665529873214,0.0006175752779083135,1000.0,12000.0
