O^z,error,N,total_data
-0.32458469259428213,0.0005299447566359671,1000.0,16000.0
