O^z,error,N,total_data
-0.25840451309520845,0.0004121141982726912,1000.0,28000.0
