O^z,error,N,total_data
-0.4531874949948268,0.002050307218654448,1000.0,1000.0
