O^z,error,N,total_data
-0.295338052198721,0.0004909825100379621,1000.0,20000.0
