O^z,error,N,total_data
-0.24799607880471553,0.00039666769921617044,1000.0,32000.0
