O^z,error,N,total_data
-0.27346606395301837,0.00044716246401374466,1000.0,24000.0
