ZL,error,N
0.2956189929568311,0.003436615318524446,1000.0
