ZL,error,N
0.3045104607717157,0.003610290395699001,1000.0
