ZL,error,N
0.2927791308219634,0.003129931177981401,1000.0
