ZL,error,N
0.27409334687411396,0.002603858995997637,1000.0
