ZL,error,N
0.2762538223157393,0.0030374988867060805,1000.0
