ZL,error,N
0.24902968448580548,0.0016507016184451728,1000.0
