ZL,error,N
0.2623861296005689,0.002059194351637743,1000.0
