ZL,error,N
0.0676794150926281,0.007757927914920024,997.0
