ZL,error,N
0.1108263575159077,0.008497779810752613,997.0
