ZL,error,N
0.12302545338714135,0.009008124212676645,991.0
