ZL,error,N
0.14134810075554854,0.00933554084708741,982.0
