O^z,error,N,total_data
-0.2996345985674896,0.0009594210804657143,1000.0,12000.0
