O^z,error,N,total_data
-0.17764490186139628,0.0005004216397310829,1000.0,28000.0
