O^z,error,N,total_data
-0.19428257760984755,0.0005709350221065276,1000.0,24000.0
