O^z,error,N,total_data
-0.16254554838640345,0.0004485131823388555,1000.0,32000.0
