O^z,error,N,total_data
-0.2500862524720171,0.0007720666855556243,1000.0,16000.0
