O^z,error,N,total_data
-0.21847970373102293,0.0006565980509776515,1000.0,20000.0
