O^z,error,N,total_data
-0.38153596660204914,0.00360889172165058,1000.0,1000.0
