O^z,error,N,total_data
-0.252120530859799,0.0007795762708971108,1000.0,16000.0
