O^z,error,N,total_data
-0.3007380575583339,0.0009502759167867278,1000.0,12000.0
