O^z,error,N,total_data
-0.2210250852835268,0.0006569393989982766,1000.0,20000.0
