O^z,error,N,total_data
-0.38355034683156064,0.0036964253107448566,1000.0,1000.0
