O^z,error,N,total_data
-0.18191866380703323,0.0005124093015905247,1000.0,28000.0
