O^z,error,N,total_data
-0.19663716333818224,0.0005790739090572413,1000.0,24000.0
