O^z,error,N,total_data
-0.16951598930009967,0.0004644325063385711,1000.0,32000.0
