O^z,error,N,total_data
-0.022972045111805596,0.00014256387239441323,7995.0,255840.0
