O^z,error,N,total_data
-0.040089677872504975,0.0002654102263215443,5000.0,120000.0
