O^z,error,N,total_data
-0.03971862395400489,0.00034353757964391223,3000.0,72000.0
