O^z,error,N,total_data
-0.02313578590832551,0.0001283975727335008,9995.0,319840.0
