O^z,error,N,total_data
-0.03926321810744874,0.0001874211811179689,10000.0,240000.0
