O^z,error,N,total_data
-0.1776752339459038,0.0018877863763991803,10000.0,10000.0
