O^z,error,N,total_data
-0.073140807150577,0.0003117503204760454,10000.0,160000.0
