O^z,error,N,total_data
-0.07322940507498872,0.0005665088103163711,3000.0,48000.0
