O^z,error,N,total_data
-0.022633306218642756,0.000232944754325814,2999.0,95968.0
