O^z,error,N,total_data
-0.17725334257911005,0.00211595244454146,8000.0,8000.0
