O^z,error,N,total_data
-0.07285392148328768,0.0004377435274272744,5000.0,80000.0
