O^z,error,N,total_data
-0.03924338491996505,0.00020993295751501378,8000.0,192000.0
