O^z,error,N,total_data
-0.18261611173294956,0.0034880672126045304,3000.0,3000.0
