O^z,error,N,total_data
-0.023138313000220685,0.0001807050129147941,4995.0,159840.0
