O^z,error,N,total_data
-0.07330828139726754,0.00034677608900697765,8000.0,128000.0
