O^z,error,N,total_data
-0.17915504688045017,0.0026906732401937444,5000.0,5000.0
