ZL,error,N
0.2621656464553312,0.0008779412106813132,10000.0
