ZL,error,N
0.2416881914713244,0.0005020378264610737,10000.0
