ZL,error,N
0.26548862753949326,0.003338041776045929,1000.0
