ZL,error,N
0.2720162583428424,0.001034960124098228,10000.0
