ZL,error,N
0.2876117997146839,0.004624400424292474,1000.0
