ZL,error,N
0.25647327065381154,0.0021741467017194916,1000.0
