ZL,error,N
0.2835334525960594,0.001322656270465255,10000.0
