ZL,error,N
0.2776000240024813,0.004254789447502299,1000.0
