ZL,error,N
0.2767747349229351,0.0011752006766208465,10000.0
