ZL,error,N
0.2531850714360447,0.0007000157111901377,10000.0
