ZL,error,N
0.28848422209410207,0.0014616463357634078,10000.0
