ZL,error,N
-0.13540596420132914,0.0035761878634744722,1000.0
