ZL,error,N
-0.04400452028407671,0.003581395608496602,1000.0
