ZL,error,N
-0.1545924546452022,0.003756556131778799,1000.0
