ZL,error,N
-0.1665702500125964,0.0037576997841788453,1000.0
