ZL,error,N
-0.11413001931288341,0.0036195718989405026,1000.0
