ZL,error,N
-0.08309222683293364,0.003757807507456372,1000.0
