ZL,error,N
0.009434549091261209,0.003332428736329296,1000.0
