ZL,error,N
-0.07892035676293856,0.0033787464181896216,1000.0
