ZL,error,N
-0.1090715449438395,0.002359627085249103,1000.0
