ZL,error,N
-0.04243015464489881,0.00413970135764649,1000.0
