ZL,error,N
0.05302070106185023,0.004903686547158915,1000.0
