ZL,error,N
0.002005631217616694,0.004627895215012645,1000.0
