ZL,error,N
0.08990143249685748,0.005269392418489321,1000.0
