ZL,error,N
-0.10460983826693777,0.001494793158616274,1000.0
