ZL,error,N
-0.19033027596943014,0.003674947656759069,1000.0
