ZL,error,N
-0.17613333988677923,0.003439909989201123,1000.0
