ZL,error,N
-0.13246307360353882,0.0035916923651177807,1000.0
