ZL,error,N
-0.004616770609197036,0.0032144318608099704,1000.0
