ZL,error,N
-0.10343235095494883,0.003524757260421522,1000.0
