ZL,error,N
-0.06131161106621135,0.0032986390218851178,1000.0
