ZL,error,N
-0.15828410865666195,0.003459301927531927,1000.0
