O^z,error,N,total_data
-0.29867649288384696,0.0005810766644373513,1000.0,16000.0
