O^z,error,N,total_data
-0.2645536054051924,0.0004911074264304703,1000.0,20000.0
