O^z,error,N,total_data
-0.2072634980896505,0.0003644329889209975,1000.0,32000.0
