O^z,error,N,total_data
-0.3451932867469735,0.0007089024221137644,1000.0,12000.0
