O^z,error,N,total_data
-0.43895467757060797,0.002365375423969891,1000.0,1000.0
