O^z,error,N,total_data
-0.23953907673137495,0.0004238731304428891,1000.0,24000.0
