O^z,error,N,total_data
-0.22188538657246543,0.0003938939371230302,1000.0,28000.0
