O^z,error,N,total_data
-0.20741367622894977,0.00044485006510434547,500.0,32000.0
