O^z,error,N,total_data
-0.2172809774474488,0.0005071046258543918,500.0,24000.0
