O^z,error,N,total_data
-0.20693884982300487,0.00027825655194949197,1000.0,80000.0
