O^z,error,N,total_data
-0.06805506014047047,0.0003699268499975759,1000.0,32000.0
