O^z,error,N,total_data
-0.1322489387231214,0.0005871923430129062,1000.0,20000.0
