O^z,error,N,total_data
-0.08258244919522599,0.0004116006330383363,1000.0,28000.0
