O^z,error,N,total_data
-0.22174904421786493,0.0008188308336028633,1000.0,12000.0
