O^z,error,N,total_data
-0.22699246346502056,0.0003811927750567273,1000.0,32000.0
