O^z,error,N,total_data
-0.4446873138489363,0.002418099298636786,1000.0,1000.0
