O^z,error,N,total_data
-0.35355449880486045,0.0006855536028633575,1000.0,12000.0
