O^z,error,N,total_data
-0.27813843759031176,0.0004864300613951646,1000.0,20000.0
