O^z,error,N,total_data
-0.2558653134347035,0.00042665118910826134,1000.0,24000.0
