O^z,error,N,total_data
-0.30791318355026476,0.0005708585184374064,1000.0,16000.0
