O^z,error,N,total_data
-0.23753757635808054,0.00040185948031715304,1000.0,28000.0
