O^z,error,N,total_data
-0.0032659950626569953,8.41862693539699e-05,1000.0,24000.0
