O^z,error,N,total_data
-0.0010687713509810175,5.087322364019253e-05,1000.0,32000.0
