O^z,error,N,total_data
-0.0015684700550493095,5.2075941100753864e-05,1000.0,28000.0
