O^z,error,N,total_data
-0.006718744808807053,0.00014087738000118376,1000.0,20000.0
