O^z,error,N,total_data
-0.015408702574458644,0.00027619425242399637,1000.0,16000.0
