O^z,error,N,total_data
-0.08612897621860703,0.002727385809028291,1000.0,1000.0
