O^z,error,N,total_data
-0.03531509329344933,0.0005207506020707296,1000.0,12000.0
