ZL,error,N
0.007862595377263594,0.000777201934868333,7999.0
