ZL,error,N
0.004601713990224759,0.0007769992467342129,7994.0
