ZL,error,N
0.0034225953842799656,0.003739966452438253,487.0
