ZL,error,N
0.019374435571219192,0.0008830759886110704,8000.0
