ZL,error,N
0.008399980759338793,0.003959612055309893,490.0
