ZL,error,N
0.0036199261618535153,0.0007010326553636538,9981.0
