O^z,error,N,total_data
-0.1258053808099277,0.0004720136335316569,1000.0,36000.0
