O^z,error,N,total_data
-0.09822357605644848,0.0003805093194756443,1000.0,48000.0
