O^z,error,N,total_data
-0.12490294200427204,0.0003384661232260674,2000.0,72000.0
