O^z,error,N,total_data
-0.10023617609488174,0.00027128618560123553,2000.0,96000.0
