O^z,error,N,total_data
-0.11309556888025514,0.00043742443618895703,1000.0,40000.0
