O^z,error,N,total_data
-0.11348805638938297,0.00030774753079189983,2000.0,80000.0
