O^z,error,N,total_data
-0.10620409251293288,0.0002864933107181165,2000.0,88000.0
