O^z,error,N,total_data
-0.10619496400442462,0.00040177933232707445,1000.0,44000.0
