ZL,error,N
0.05974642927814947,0.0022460386795431,3000.0
