ZL,error,N
-0.04536024167937219,0.004637053728345362,1000.0
