ZL,error,N
-0.029987043562432755,0.00463131993652832,1000.0
