ZL,error,N
-0.01188098920298217,0.0026080347251887367,3000.0
