ZL,error,N
0.022789722929425046,0.002448017729309312,3000.0
