ZL,error,N
-0.030374147551178836,0.004569075943789541,1000.0
