ZL,error,N
-0.0584730334508754,0.004748064590496836,1000.0
