ZL,error,N
-0.0016632806596314704,0.0025249970391410725,3000.0
