ZL,error,N
0.08968461786292278,0.0020365883969719065,3000.0
