ZL,error,N
0.037242730242808615,0.0023493879120979086,3000.0
