ZL,error,N
-0.0339235375218315,0.004658680948395464,1000.0
