ZL,error,N
0.009959862292529266,0.002482339587694073,3000.0
