ZL,error,N
-0.07461229032161819,0.004688739688388807,1000.0
