O^z,error,N,total_data
-0.13685759486805546,0.00089120489901964,1000.0,12000.0
