O^z,error,N,total_data
-0.2216319086487209,0.003556798523732947,1000.0,1000.0
