O^z,error,N,total_data
-0.020037813416969367,0.00020814906018329937,1000.0,32000.0
