O^z,error,N,total_data
-0.04015697911823172,0.00034975345541631475,1000.0,24000.0
