O^z,error,N,total_data
-0.02824589981594983,0.00027180505764458487,1000.0,28000.0
