O^z,error,N,total_data
-0.059961048320728884,0.000485069781911329,1000.0,20000.0
