O^z,error,N,total_data
-0.0885614916234644,0.000637173605382212,1000.0,16000.0
