O^z,error,N,total_data
0.00016832534504032174,0.00014524998214819368,1.0,64.0
