O^z,error,N,total_data
-0.0003486556433774793,6.880619304611838e-05,1.0,128.0
