corr,error,N
0.6308558591390893,0.023669904966804815,3000.0
