corr,error,N
1.2075537710062323,0.03043168630179482,3000.0
