corr,error,N
0.17888998015357518,0.013471662699083894,2999.0
