corr,error,N
0.2816799120427068,0.01687009367692121,2999.0
