corr,error,N
0.39643639833775524,0.01956204254517717,3000.0
