corr,error,N
0.11405791599079647,0.011727974985451839,2995.0
