O^z,error,N,total_data
-0.014239001526580263,0.00021212177737388384,2997.0,95904.0
