O^z,error,N,total_data
-0.014336383156977566,0.00016763526441108297,4989.0,159648.0
