O^z,error,N,total_data
-0.0263742609932219,0.00017508586972256093,9990.0,239760.0
