O^z,error,N,total_data
-0.054015364019308704,0.0004163239637237547,5000.0,80000.0
