O^z,error,N,total_data
-0.026839655013205763,0.00031712581270232457,2999.0,71976.0
