O^z,error,N,total_data
-0.14689593586503097,0.0018567369562154776,10000.0,10000.0
