O^z,error,N,total_data
-0.026374816780161122,0.0001961637572002523,7993.0,191832.0
