O^z,error,N,total_data
-0.014347747858840484,0.00011972408848558111,9976.0,319232.0
