O^z,error,N,total_data
-0.14615440911089783,0.0020776697863403608,8000.0,8000.0
