O^z,error,N,total_data
-0.05434336181590408,0.0002925931824639883,9995.0,159920.0
