O^z,error,N,total_data
-0.014320915531367143,0.00013373368194473766,7982.0,255424.0
