O^z,error,N,total_data
-0.026648582461405137,0.0002460424139393124,4998.0,119952.0
