O^z,error,N,total_data
-0.054507557230451,0.0003272861428858928,7998.0,127968.0
