O^z,error,N,total_data
-0.1479674013455294,0.002619567562612489,5000.0,5000.0
