O^z,error,N,total_data
-0.0545075512540657,0.0005359226044729389,3000.0,48000.0
