O^z,error,N,total_data
-0.1492129548071248,0.003409533182442566,3000.0,3000.0
