O^z,error,N,total_data
-0.054761428443374977,0.000626880031954619,1000.0,24000.0
