O^z,error,N,total_data
-0.21236886300966878,0.005740756758622129,1000.0,1000.0
