O^z,error,N,total_data
-0.032939930771918445,0.00044518117229310833,1000.0,32000.0
