O^z,error,N,total_data
-0.0970970061251912,0.0010280102260847937,1000.0,16000.0
