ZL,error,N
0.016181632194745138,0.00513543578179666,1000.0
