ZL,error,N
0.13679022260372956,0.0031214539079157102,1000.0
