ZL,error,N
0.0638655834200483,0.004483087402591742,1000.0
