ZL,error,N
0.1101384013583649,0.0037364634552830953,1000.0
