ZL,error,N
0.03313455576669778,0.004910059830786808,1000.0
