ZL,error,N
0.05286589789139358,0.0047378083083166305,1000.0
