ZL,error,N
0.08653416589479072,0.004140526989942491,1000.0
