O^z,error,N,total_data
-0.22789488020176832,0.0005003475149729058,1000.0,24000.0
