O^z,error,N,total_data
-0.4089431619626068,0.0030791729017013688,1000.0,1000.0
