O^z,error,N,total_data
-0.1987332693865439,0.00042118675619256163,1000.0,32000.0
