O^z,error,N,total_data
-0.2776753570383366,0.000680622026025717,1000.0,16000.0
