O^z,error,N,total_data
-0.24810880067816812,0.0005845535552210042,1000.0,20000.0
