O^z,error,N,total_data
-0.32611881067441345,0.0008319295006401887,1000.0,12000.0
