O^z,error,N,total_data
-0.21077462198654676,0.0004557733785307839,1000.0,28000.0
