O^z,error,N,total_data
-0.2722682652489431,0.008438761015230271,1.0,64.0
