O^z,error,N,total_data
-0.313225201398822,0.0038572056265052533,1.0,32.0
