O^z,error,N,total_data
-0.27712165147760937,0.005523670729436938,1.0,80.0
