O^z,error,N,total_data
-0.32712235345389573,0.004531874676150571,1.0,28.0
