O^z,error,N,total_data
-0.41482781043951417,0.010123979394927892,1.0,12.0
