O^z,error,N,total_data
-0.3591723414928595,0.006676938844370761,1.0,20.0
