O^z,error,N,total_data
-0.2930159099916928,0.006401080995485811,1.0,48.0
