O^z,error,N,total_data
-0.38139192982513376,0.008252796470307714,1.0,16.0
