O^z,error,N,total_data
-0.3421087466517146,0.005443099863505129,1.0,24.0
