ZL,error,N
0.27344559926300943,0.0012788045702158972,1000.0
