ZL,error,N
0.29757823838137276,0.0019350141549009407,1000.0
