ZL,error,N
0.36155548881552213,0.0019956931795650197,1000.0
