ZL,error,N
0.3779991168174731,0.002290864843285209,1000.0
