ZL,error,N
0.3214392571217817,0.0018881292700647372,1000.0
