ZL,error,N
0.3703041251352528,0.0021877573911385007,1000.0
