ZL,error,N
0.34595171711139194,0.0018921450073811235,1000.0
