ZL,error,N
-0.22762862731111833,0.003688138727923658,1000.0
