ZL,error,N
-0.21846643157851908,0.003278731701469307,1000.0
