ZL,error,N
-0.09896225185927454,0.0029283195649414083,1000.0
