ZL,error,N
-0.17830188300658562,0.00305482626898797,1000.0
