ZL,error,N
0.021186167725757092,0.0007774254743069979,10000.0
