ZL,error,N
0.02075887182209996,0.000869033511144997,8000.0
