ZL,error,N
0.010353528780846251,0.0012533068990350114,3000.0
