ZL,error,N
0.021597823834978064,0.0011038142055905518,5000.0
