ZL,error,N
0.008317734532558286,0.0007592033466341857,7998.0
