ZL,error,N
0.02195844590088302,0.0014286223102422872,3000.0
