ZL,error,N
0.004724368724278024,0.0012271003138360926,2994.0
