ZL,error,N
0.004420538952757923,0.0009258374203416805,4996.0
