ZL,error,N
0.005253945469672527,0.0009407026311426414,4990.0
