ZL,error,N
0.007951007487593715,0.0006840342211698467,9997.0
