ZL,error,N
0.0035490754294324927,0.0007292057918783005,7995.0
