ZL,error,N
0.009537986255333294,0.0009646950207962089,4999.0
