ZL,error,N
0.004721796687442043,0.0007463236167677599,7982.0
