ZL,error,N
0.0038300627619666907,0.0006564963722316125,9993.0
