ZL,error,N
0.004376116471965111,0.0006680926677124341,9980.0
