ZL,error,N
0.004918452487551088,0.0011931218320166647,2999.0
