ZL,error,N
0.27247505576381936,0.0042149818917499434,1000.0
