ZL,error,N
0.25566965543389614,0.0022589950101819987,1000.0
