ZL,error,N
0.27892347923622995,0.004345448327894482,1000.0
