ZL,error,N
0.2632727018115866,0.003405571298330373,1000.0
