ZL,error,N
0.277825765922899,0.003583259850707604,1000.0
