ZL,error,N
0.24262152153873304,0.0016668042037512505,1000.0
