ZL,error,N
0.2609671156589087,0.0028082051918528386,1000.0
