ZL,error,N
0.17320644081188064,0.003863486369278897,1000.0
