ZL,error,N
0.17970867318586042,0.0032605708842091846,1000.0
