ZL,error,N
0.1841834234658316,0.002897813337835142,1000.0
