ZL,error,N
0.18944728336236433,0.0025096828598116863,1000.0
