ZL,error,N
0.17971710631796906,0.0034280287734591627,1000.0
