ZL,error,N
0.178492073607679,0.003524677911444126,1000.0
