ZL,error,N
0.17629517806001835,0.003808512630732225,1000.0
