ZL,error,N
0.02177735890385191,0.001347936923011389,7999.0
