ZL,error,N
0.009363426352042369,0.0019805337126082893,3000.0
