ZL,error,N
-0.0008080515021694684,0.0013717463399274704,5000.0
