ZL,error,N
0.0097345660094168,0.001202541774443462,7999.0
