ZL,error,N
-0.0006146080931658327,0.0010744383195029617,8000.0
