ZL,error,N
0.010231313125327617,0.0015247762326580847,4999.0
