ZL,error,N
-0.0014318581701857384,0.0009496436238782563,8000.0
