ZL,error,N
-0.0019464961063728886,0.0015653485747195869,3000.0
