ZL,error,N
0.009406652418594163,0.0010724463334683442,9999.0
