ZL,error,N
-0.0010768245914572776,0.001210329944463567,5000.0
