ZL,error,N
0.019783393013000247,0.0021851195683638483,2999.0
