ZL,error,N
-0.000619472190632192,0.0009602785503757961,10000.0
