ZL,error,N
0.021440415758014256,0.0016990433446998862,4999.0
