ZL,error,N
-0.001682485456657513,0.0008502933873798207,10000.0
