ZL,error,N
0.021870477999351646,0.0012115660327693377,9997.0
