ZL,error,N
-0.0018230048692728202,0.0017710025887072939,3000.0
