O^z,error,N,total_data
-0.07539062341596667,0.00034794071427247746,8000.0,128000.0
