O^z,error,N,total_data
-0.07592563274936281,0.0005682972217492777,3000.0,48000.0
