O^z,error,N,total_data
-0.04084514486950985,0.00026604158824854727,5000.0,120000.0
