O^z,error,N,total_data
-0.024436127384996145,0.00018613193747800158,5000.0,160000.0
