O^z,error,N,total_data
-0.18175565909090466,0.0018644517369565952,10000.0,10000.0
