O^z,error,N,total_data
-0.04071124194319233,0.00034037201022038213,3000.0,72000.0
