O^z,error,N,total_data
-0.1834505217833484,0.002615898428560031,5000.0,5000.0
