O^z,error,N,total_data
-0.023691887662326886,0.0002416974620743133,3000.0,96000.0
