O^z,error,N,total_data
-0.04054100525242494,0.00018924004940312097,9998.0,239952.0
