O^z,error,N,total_data
-0.07582405371353347,0.0003122702932491124,9999.0,159984.0
