O^z,error,N,total_data
-0.02452228434422995,0.0001323882286225495,9998.0,319936.0
