O^z,error,N,total_data
-0.07624075872724392,0.00044091846632592037,5000.0,80000.0
