O^z,error,N,total_data
-0.024405299130568683,0.00014656151120646124,7998.0,255936.0
