O^z,error,N,total_data
-0.18104238345844953,0.0020862337535630824,8000.0,8000.0
