O^z,error,N,total_data
-0.04025918824556102,0.00021106443641167309,7999.0,191976.0
