O^z,error,N,total_data
-0.18540828911236296,0.0033797924898481594,3000.0,3000.0
