ZL,error,N
-0.0008716547780904485,0.0030829301547210717,1000.0
