ZL,error,N
-0.003992932151025229,0.00396053137683829,500.0
