ZL,error,N
0.0014787781709018274,0.00416280399858046,500.0
