O^z,error,N,total_data
-0.002422780569835202,5.1774546907770254e-05,1000.0,32000.0
