O^z,error,N,total_data
-0.004127784349672184,7.434345896508518e-05,1000.0,28000.0
