O^z,error,N,total_data
-0.01426629110011444,0.00021157064147409371,1000.0,20000.0
