O^z,error,N,total_data
-0.028477867720363276,0.0003385980004909581,1000.0,16000.0
