O^z,error,N,total_data
-0.006882503621319771,0.00010575150107645276,1000.0,24000.0
