O^z,error,N,total_data
-0.1284136989271286,0.002914197503527893,1000.0,1000.0
