O^z,error,N,total_data
-0.058697828677210136,0.0005905018808047302,1000.0,12000.0
