ZL,error,N
-0.36981692973868974,0.0031077724757319005,1000.0
