ZL,error,N
-0.17126951699468976,0.0021802428244763706,1000.0
