ZL,error,N
-0.4033053681479685,0.003271019624777352,1000.0
