ZL,error,N
-0.09075005278221973,0.0017856164424247694,1000.0
