ZL,error,N
-0.2885248383039059,0.002638333141470556,1000.0
