ZL,error,N
-0.33618395211243324,0.0027572201054398265,1000.0
