ZL,error,N
-0.23725989343103968,0.0023706360409459165,1000.0
