O^z,error,N,total_data
-0.08998062023827472,0.0007225137026492309,1000.0,16000.0
