O^z,error,N,total_data
-0.06147523344565873,0.0005468942650433838,1000.0,20000.0
