O^z,error,N,total_data
-0.030965847964641132,0.00031109255428468413,1000.0,28000.0
