O^z,error,N,total_data
-0.043117953209925876,0.0004064710305116331,1000.0,24000.0
