O^z,error,N,total_data
-0.022326190082738874,0.00025118950330271767,1000.0,32000.0
