O^z,error,N,total_data
-0.2163083562885358,0.004100068573914525,1000.0,1000.0
