O^z,error,N,total_data
-0.13488973273421823,0.0009947512816047787,1000.0,12000.0
