O^z,error,N,total_data
-0.09427840939617806,0.0003502261508320739,8000.0,128000.0
