O^z,error,N,total_data
-0.03368473021624017,0.00018814655448418205,5000.0,160000.0
