O^z,error,N,total_data
-0.2071013683543556,0.0018246997726242883,10000.0,10000.0
