O^z,error,N,total_data
-0.03387847900473681,0.00024353846556060532,3000.0,96000.0
