O^z,error,N,total_data
-0.21042380743011566,0.003316924065947502,3000.0,3000.0
