O^z,error,N,total_data
-0.052883725739915864,0.00019302187429127575,10000.0,240000.0
