O^z,error,N,total_data
-0.09449425210844815,0.0003131870591212522,10000.0,160000.0
