O^z,error,N,total_data
-0.03415756198655357,0.00013409168440533205,10000.0,320000.0
