O^z,error,N,total_data
-0.20753343325403428,0.0020333069128764727,8000.0,8000.0
