O^z,error,N,total_data
-0.05281569151022772,0.00019291348902897553,10000.0,240000.0
