O^z,error,N,total_data
-0.21024737930141288,0.0025653281413612603,5000.0,5000.0
