O^z,error,N,total_data
-0.04220190000688317,0.00015781098296598387,10000.0,280000.0
