O^z,error,N,total_data
-0.09476721904274263,0.0005738462356482165,3000.0,48000.0
