O^z,error,N,total_data
-0.05208928149912686,0.00034994283582775803,3000.0,72000.0
