O^z,error,N,total_data
-0.05226997384770971,0.00021504432082288677,8000.0,192000.0
