O^z,error,N,total_data
-0.09523747640630527,0.0004442443384528897,5000.0,80000.0
