O^z,error,N,total_data
-0.05272286036626953,0.0002725996483770686,5000.0,120000.0
