O^z,error,N,total_data
-0.06945813658491934,0.00024014793084169297,10000.0,200000.0
