O^z,error,N,total_data
-0.034091278027589954,0.0001335605894384123,10000.0,320000.0
