O^z,error,N,total_data
-0.033591962132118514,0.0001489324706594627,8000.0,256000.0
