O^z,error,N,total_data
-0.08782310700187658,0.0005548548337540229,1000.0,24000.0
