O^z,error,N,total_data
-0.059064649141411546,0.00040931571845092505,1000.0,32000.0
