O^z,error,N,total_data
-0.14391672385328158,0.0008409638126125661,1000.0,16000.0
