O^z,error,N,total_data
-0.11172856131773798,0.0006851534968381055,1000.0,20000.0
