O^z,error,N,total_data
-0.07073008745675331,0.0004811711152492686,1000.0,28000.0
