O^z,error,N,total_data
-0.2777864780751478,0.004118300269958181,1000.0,1000.0
