O^z,error,N,total_data
-0.19407112248361869,0.001084425630966922,1000.0,12000.0
