ZL,error,N
0.009636557739007168,0.0035109451501924476,842.0
