ZL,error,N
0.012727911241145777,0.003250815504156123,891.0
