ZL,error,N
0.009259294268802992,0.0029529220525191372,939.0
