O^z,error,N,total_data
-0.16085923817188594,0.00021033714549879338,10000.0,200000.0
