O^z,error,N,total_data
-0.07386258951577189,0.00020949543869289034,3000.0,120000.0
