O^z,error,N,total_data
-0.1335949412826009,0.0003339969639830559,3000.0,72000.0
