O^z,error,N,total_data
-0.19483231348666127,0.00044419223789672125,3000.0,48000.0
