O^z,error,N,total_data
-0.05895403737139821,0.00017407631101183977,3000.0,144000.0
