O^z,error,N,total_data
-0.19536694377436434,0.00024332490705554353,10000.0,160000.0
