O^z,error,N,total_data
-0.08645725775718277,0.0002405725650906903,3000.0,108000.0
