O^z,error,N,total_data
-0.0988638782832695,0.00026653449586011135,3000.0,96000.0
