O^z,error,N,total_data
-0.3285945217870378,0.0009988883334111642,10000.0,10000.0
