O^z,error,N,total_data
-0.11488659208268694,0.00029448423072791444,3000.0,84000.0
