O^z,error,N,total_data
-0.11510404540120318,0.00016300502406268387,10000.0,280000.0
