O^z,error,N,total_data
-0.1597800126506487,0.00037987686365304764,3000.0,60000.0
