O^z,error,N,total_data
-0.1344571163159791,0.0001829128190421522,10000.0,240000.0
