O^z,error,N,total_data
-0.24387677060112478,0.0002907455722591492,10000.0,120000.0
