O^z,error,N,total_data
-0.06704465869689756,0.00019378059122388168,3000.0,132000.0
