O^z,error,N,total_data
-0.2548999105858328,0.0009667039063367576,1000.0,12000.0
