O^z,error,N,total_data
-0.11264029959219207,0.0004977148079481856,1000.0,32000.0
