O^z,error,N,total_data
-0.12884012833190622,0.0005416298766423954,1000.0,28000.0
