O^z,error,N,total_data
-0.17236595136606522,0.0006985988669642624,1000.0,20000.0
