O^z,error,N,total_data
-0.26677835148071727,0.0010464128858610107,10000.0,10000.0
