O^z,error,N,total_data
-0.09101879235051244,0.0003152363324535708,3000.0,60000.0
