O^z,error,N,total_data
-0.06716664849662769,0.0002506154170731852,3000.0,72000.0
