O^z,error,N,total_data
-0.0392194980801907,0.00016872967102969202,3000.0,96000.0
