O^z,error,N,total_data
-0.05080553817416868,0.00020579781641297354,3000.0,84000.0
