O^z,error,N,total_data
-0.12562876877028795,0.000220223330042256,10000.0,160000.0
