O^z,error,N,total_data
-0.1767715170562152,0.0002843596837687435,10000.0,120000.0
