O^z,error,N,total_data
-0.2715145747393026,0.001023768406804297,1000.0,12000.0
