O^z,error,N,total_data
-0.19470900195136656,0.0007210582905560504,1000.0,20000.0
