O^z,error,N,total_data
-0.355510593253753,0.003666401433538143,1000.0,1000.0
