O^z,error,N,total_data
-0.15520501595769268,0.0005736932801593226,1000.0,28000.0
