O^z,error,N,total_data
-0.17043745627294368,0.000648744972295589,1000.0,24000.0
