O^z,error,N,total_data
-0.22661381914821913,0.0008307558119126544,1000.0,16000.0
