O^z,error,N,total_data
-0.13964631816853976,0.0005232849858176465,1000.0,32000.0
