corr,error,N
0.2541592775289668,0.010652699666349968,1000.0
