corr,error,N
0.19358821359283743,0.009303246772072277,1000.0
