corr,error,N
0.4109674702772668,0.012993410899729404,1000.0
