corr,error,N
0.2990979735695954,0.011227151774792193,1000.0
