ZL,error,N
-0.2926806038466205,0.0029718895478040522,1000.0
