ZL,error,N
-0.1261330122002012,0.002557542684734356,1000.0
