ZL,error,N
-0.3219098309339016,0.0031742484391071545,1000.0
