ZL,error,N
-0.22640048868743318,0.0027146584235972567,1000.0
