O^z,error,N,total_data
-0.21809578623121165,0.0020313325064807166,8000.0,8000.0
