O^z,error,N,total_data
-0.218801786852036,0.0018204570801400525,10000.0,10000.0
