O^z,error,N,total_data
-0.22197619262471982,0.0033305559897976126,3000.0,3000.0
