O^z,error,N,total_data
-0.10368388250407609,0.0005880246276448708,3000.0,48000.0
