O^z,error,N,total_data
-0.03846922831477314,0.00026141117289429146,3000.0,96000.0
