O^z,error,N,total_data
-0.06035629755105295,0.00020037408436847202,10000.0,240000.0
