O^z,error,N,total_data
-0.06014819525185593,0.0002831974531381483,5000.0,120000.0
