O^z,error,N,total_data
-0.10373478364976053,0.0003586361915238143,8000.0,128000.0
