O^z,error,N,total_data
-0.03928022823175357,0.00014153611864233112,10000.0,320000.0
