O^z,error,N,total_data
-0.1040767869299737,0.0003208012771209609,10000.0,160000.0
