O^z,error,N,total_data
-0.05994957666641897,0.00036530965317260815,3000.0,72000.0
