O^z,error,N,total_data
-0.05996635559096844,0.00022338869970173306,8000.0,192000.0
