O^z,error,N,total_data
-0.03893014908141428,0.00015807558509299676,8000.0,256000.0
