O^z,error,N,total_data
-0.10384693803536352,0.00045445474955270893,5000.0,80000.0
