O^z,error,N,total_data
-0.03889232363815865,0.00020032699015996795,5000.0,160000.0
