O^z,error,N,total_data
-0.22079912536322116,0.0025583330078664227,5000.0,5000.0
