O^z,error,N,total_data
-0.009349973921809756,0.00014459055954406107,4984.0,159488.0
