O^z,error,N,total_data
-0.12179193912167766,0.0017774655104708292,10000.0,10000.0
