O^z,error,N,total_data
-0.00911311968042317,0.0001137197949285326,7973.0,255136.0
