O^z,error,N,total_data
-0.010099325905968595,0.00018420641719377585,2991.0,95712.0
