O^z,error,N,total_data
-0.018981202979165026,0.00021383525185238517,4997.0,119928.0
