O^z,error,N,total_data
-0.12192165678646269,0.001997997327078303,8000.0,8000.0
