O^z,error,N,total_data
-0.018608274449341728,0.00016723311572893525,7990.0,191760.0
