O^z,error,N,total_data
-0.12331245541858568,0.0024797069888357172,5000.0,5000.0
