O^z,error,N,total_data
-0.041312059715149105,0.00026862798016361446,9997.0,159952.0
