O^z,error,N,total_data
-0.04148959571613438,0.0003817878007326539,4998.0,79968.0
