O^z,error,N,total_data
-0.0187489449803088,0.00015072861867075963,9987.0,239688.0
