O^z,error,N,total_data
-0.041609031661569706,0.0004796687211499671,2999.0,47984.0
