O^z,error,N,total_data
-0.04118402827134268,0.0002999800767875427,7997.0,127952.0
