O^z,error,N,total_data
-0.009308054253968804,0.00010072041046118212,9968.0,318976.0
