O^z,error,N,total_data
-0.01907959606155089,0.0002763813367427648,2997.0,71928.0
