O^z,error,N,total_data
-0.12560091588866107,0.0032371367918087378,3000.0,3000.0
