O^z,error,N,total_data
-0.0016473008005455127,0.00020036706614368725,939.0,45072.0
