O^z,error,N,total_data
-0.00041643461850806126,0.00012686611427388566,842.0,67360.0
