O^z,error,N,total_data
-0.0007222984408029355,0.0001757805935639345,891.0,57024.0
