ZL,error,N
0.04817253123646685,0.004341733519084204,1000.0
