ZL,error,N
0.02032532294937184,0.004475059543347966,1000.0
