ZL,error,N
0.11287486234714458,0.003278965160497426,1000.0
