ZL,error,N
-0.020360617334811034,0.004758953042536948,1000.0
