ZL,error,N
0.07491912175469356,0.0038087174262212654,1000.0
