ZL,error,N
-0.00016813364891218811,0.004734102306849179,1000.0
