ZL,error,N
-0.040164244819181044,0.00508104830754323,1000.0
