ZL,error,N
0.013950085824107741,0.0038259451086167092,1000.0
