ZL,error,N
-0.01308242921284478,0.0026774272639468123,1000.0
