ZL,error,N
-0.009695540787670232,0.0032979822087356495,1000.0
