ZL,error,N
0.031305322151078896,0.004308743345449523,1000.0
