ZL,error,N
-0.10320212619917932,0.005034821745956595,1000.0
