ZL,error,N
-0.11333009062846337,0.006258859628848329,500.0
