ZL,error,N
-0.1022296219653464,0.006556170160340784,500.0
