ZL,error,N
0.005908999321284219,0.0011359699355451738,4989.0
