ZL,error,N
0.00610977973114937,0.000747305791066405,9999.0
