ZL,error,N
0.005146869535422326,0.0007967816951764083,9978.0
