ZL,error,N
0.00407797071982575,0.0007579786705030056,9988.0
