ZL,error,N
0.005712635361719856,0.0008935612696934447,7984.0
