ZL,error,N
0.006164926456599667,0.000832468973395078,7999.0
