ZL,error,N
0.014200167137346406,0.0007903644648886724,10000.0
