ZL,error,N
0.0022288193085267314,0.0014355189935478499,2997.0
