ZL,error,N
0.004487743239599181,0.0008555043996716018,7991.0
