ZL,error,N
0.006968221929598838,0.0010648553589601261,4999.0
