ZL,error,N
0.005764819302430101,0.0013770803119220445,2999.0
