ZL,error,N
0.006207163959515063,0.001484936285917962,2995.0
