ZL,error,N
0.0037599720421433156,0.0010927204317441144,4995.0
