ZL,error,N
0.013493896589184052,0.0014546264008410861,3000.0
