ZL,error,N
0.014380813715036023,0.0008854568047990888,8000.0
