ZL,error,N
0.0140212538811638,0.001120442537187721,5000.0
