ZL,error,N
-0.15475413996696566,0.004589730293761051,1000.0
