ZL,error,N
-0.17008440189534862,0.00295166972928832,1000.0
