ZL,error,N
-0.16778795858362808,0.004101899664273505,1000.0
