ZL,error,N
-0.13034293726054857,0.0022214512820907047,1000.0
