ZL,error,N
0.09747553972339938,0.0037543566765392334,1000.0
