ZL,error,N
0.126084802668053,0.0032383541720698715,1000.0
