ZL,error,N
0.015489299492606284,0.005013068064153121,1000.0
