ZL,error,N
0.07743010230763224,0.004253484420039336,1000.0
