ZL,error,N
0.027862174021856177,0.004867649258992887,1000.0
