ZL,error,N
0.04377999895157865,0.004598128145845655,1000.0
