ZL,error,N
0.06040868613131121,0.004425378140713386,1000.0
