ZL,error,N
-0.11701859717371763,0.0077384326083866466,1000.0
