ZL,error,N
-0.04529297825993566,0.008691113212352235,1000.0
