ZL,error,N
0.044455960323210475,0.009007360156039668,1000.0
