ZL,error,N
-0.003446798592629911,0.00881198715604564,1000.0
