O^z,error,N,total_data
0.036564204436774175,0.002349426740285219,999.0,999.0
