O^z,error,N,total_data
0.010394346265016004,0.0003272678975318817,999.0,15984.0
