O^z,error,N,total_data
0.0018410816217608395,0.00010740226562238157,992.0,31744.0
