O^z,error,N,total_data
0.0043353789563107805,0.0001759573880745831,997.0,23928.0
