ZL,error,N
0.011912341157032115,0.001143260372102155,7998.0
