ZL,error,N
0.04238760076489645,0.0019516454579883834,4988.0
