ZL,error,N
0.026774660291482986,0.0012057191857705787,9990.0
