ZL,error,N
0.012136559621511613,0.0010263836791121804,9998.0
