ZL,error,N
-0.0016779409867945859,0.001139426431781165,5000.0
