ZL,error,N
0.04202391080798454,0.0013740533000387196,9970.0
