ZL,error,N
0.02627845896872795,0.0013413825279901897,7995.0
