ZL,error,N
-0.0023258709963487,0.0008073245956946773,10000.0
