ZL,error,N
0.011957238172812154,0.001456640884839544,4998.0
