ZL,error,N
-0.0021365955883020306,0.0009010683818632047,8000.0
