ZL,error,N
0.041806018141414505,0.0015421351477993,7977.0
