ZL,error,N
0.02574346599818806,0.0016907034407736493,4998.0
