ZL,error,N
-0.0020942800599262636,0.0014653531950678822,3000.0
