ZL,error,N
0.04190213947164957,0.002510997879529143,2994.0
