ZL,error,N
0.010235321650011245,0.0018683850731047017,2998.0
