ZL,error,N
0.025629030074477865,0.002204009059062245,2998.0
