O^z,error,N,total_data
-0.3324619208598817,0.00043707111818883207,1000.0,20000.0
