O^z,error,N,total_data
-0.3870774493692644,0.0005501160173066699,1000.0,12000.0
