O^z,error,N,total_data
-0.3030426027857689,0.0003903716848003013,1000.0,32000.0
