O^z,error,N,total_data
-0.3181356434805875,0.00040731149781521905,1000.0,24000.0
