O^z,error,N,total_data
-0.45901837003716395,0.0017365283482208027,1000.0,1000.0
