O^z,error,N,total_data
-0.35298655809596313,0.00047417015294242516,1000.0,16000.0
