O^z,error,N,total_data
-0.3100296503894474,0.0004052997017263914,1000.0,28000.0
