ZL,error,N
-0.15054975214309796,0.0020922558058138517,1000.0
