ZL,error,N
-0.2815614210338723,0.004344297156605283,1000.0
