ZL,error,N
-0.28318577135138495,0.005132150285834308,1000.0
