ZL,error,N
-0.28560150828813524,0.0055027223803363525,1000.0
