ZL,error,N
-0.28856580966117,0.0038659727226042486,2000.0
