ZL,error,N
-0.265803472791243,0.0032899200584459187,1000.0
