ZL,error,N
-0.2754191588563163,0.004842961437436841,1000.0
