ZL,error,N
-0.27780491037946353,0.003736543880485159,1000.0
