ZL,error,N
-0.2769323095857818,0.003472502396912576,2000.0
