ZL,error,N
-0.22752192816925948,0.002450452885528461,1000.0
