ZL,error,N
-0.2836457474128459,0.003698043162944686,2000.0
