ZL,error,N
-0.2794373894232912,0.0031384690463835017,2000.0
