O^z,error,N,total_data
-0.00024186403733646205,0.0001326981445354165,1.0,16.0
