O^z,error,N,total_data
-0.00020549609248729533,0.0001649549977032678,1.0,32.0
