O^z,error,N,total_data
-1.0345423156678688e-06,1.3819649491350425e-07,1.0,12.0
