O^z,error,N,total_data
-0.0003870678118504392,0.00022440271801850707,1.0,28.0
