O^z,error,N,total_data
-0.0003334092463559619,0.00022386049326500663,1.0,24.0
