O^z,error,N,total_data
-0.00036865550663618934,0.00025067233192549844,1.0,20.0
