O^z,error,N,total_data
0.0011288353043824848,9.696343298766165e-05,980.0,31360.0
