O^z,error,N,total_data
0.007853087151452002,0.0002893762265786764,995.0,15920.0
