O^z,error,N,total_data
0.002876418324257798,0.0001521329144383999,993.0,23832.0
