O^z,error,N,total_data
0.028174158607977968,0.0020793020349210082,997.0,997.0
