O^z,error,N,total_data
-0.13922449090367056,0.00031798116214478236,2000.0,80000.0
