O^z,error,N,total_data
-0.13278945002193746,0.00030227095806395184,2000.0,88000.0
