O^z,error,N,total_data
-0.15089210438162975,0.00047369225623667094,1000.0,36000.0
