O^z,error,N,total_data
-0.1273477727297499,0.00029032654523330337,2000.0,96000.0
