O^z,error,N,total_data
-0.13953528683351374,0.00044874590394694655,1000.0,40000.0
