O^z,error,N,total_data
-0.13327305744379367,0.0004223304128068468,1000.0,44000.0
