O^z,error,N,total_data
-0.12577276771592294,0.00040599746460423275,1000.0,48000.0
