O^z,error,N,total_data
-0.15021336171084554,0.00033996259501826943,2000.0,72000.0
