O^z,error,N,total_data
-0.15668669062361926,0.00013536342719699127,10000.0,320000.0
