O^z,error,N,total_data
-0.3752554947388683,0.0011733232324462198,10000.0,10000.0
