O^z,error,N,total_data
-0.21287666524779308,0.00020349923037125682,10000.0,200000.0
