O^z,error,N,total_data
-0.29580228755983623,0.00030940949436337095,10000.0,120000.0
