O^z,error,N,total_data
-0.17105214737122373,0.00015222930455779398,10000.0,280000.0
