O^z,error,N,total_data
-0.1887422495008029,0.00017384938575107803,10000.0,240000.0
