O^z,error,N,total_data
-0.24615762883020384,0.00024488696187686704,10000.0,160000.0
