ZL,error,N
0.1112629050958539,0.004273263252237585,1000.0
