ZL,error,N
0.13323090307729002,0.0038547873054412146,1000.0
