ZL,error,N
0.1616388562035905,0.00286274876791412,1000.0
