ZL,error,N
0.1190845592733801,0.004105507632454736,1000.0
