ZL,error,N
0.09295055862251414,0.004854020870894372,1000.0
