ZL,error,N
0.1446577657918794,0.00345084398447244,1000.0
