ZL,error,N
0.09827397694743002,0.004473980229518844,1000.0
