ZL,error,N
0.0007334200022233018,0.003604808173059884,1000.0
