ZL,error,N
0.061006174907224424,0.005127747260194889,1000.0
