ZL,error,N
0.03309538551814385,0.0042906098254921745,1000.0
