ZL,error,N
-0.020316451650453263,0.002597770055964728,1000.0
