ZL,error,N
-0.10443927590512499,0.002457693613610319,1000.0
