ZL,error,N
0.06765331994529823,0.005446869436789988,1000.0
