ZL,error,N
-0.08250676088124116,0.003420516507209772,1000.0
