ZL,error,N
-0.09630935607668038,0.001730367349447787,1000.0
