ZL,error,N
0.03095027073636933,0.005107703565684112,1000.0
