ZL,error,N
-0.012151180941109356,0.004590718823748794,1000.0
