ZL,error,N
-0.04966634809596508,0.004193888720006953,1000.0
