O^z,error,N,total_data
-0.06397535768660567,0.0005988826484997506,1000.0,24000.0
