O^z,error,N,total_data
-0.006463700213820214,0.0001026092090215304,1000.0,80000.0
