O^z,error,N,total_data
-0.011479268402853574,0.00014356693910785498,1000.0,64000.0
