O^z,error,N,total_data
-0.021370560137475403,0.00023356298649879835,1000.0,48000.0
