O^z,error,N,total_data
-0.04151734854372077,0.0004105410608284635,1000.0,32000.0
