ZL,error,N
0.0632330144043526,0.004026874953271227,1000.0
