ZL,error,N
0.10907569728727866,0.004145837619245849,1000.0
