ZL,error,N
-0.11968326766452406,0.0016876624029992162,1000.0
