ZL,error,N
-0.08781476987388917,0.0026713690616265726,1000.0
