ZL,error,N
0.010248337167031604,0.0035985474821083763,1000.0
