ZL,error,N
-0.12260613054822701,0.0009421061563661339,1000.0
