ZL,error,N
-0.03902836386864709,0.003260818314645577,1000.0
