ZL,error,N
0.14088508758999077,0.005476383991620088,1000.0
