ZL,error,N
-0.08761215745587608,0.0018154532404386187,1000.0
