ZL,error,N
0.006078939850577224,0.004525410294035287,1000.0
