ZL,error,N
0.09772842325920861,0.005261947899272286,1000.0
