ZL,error,N
0.05053955606767879,0.004808672091768405,1000.0
