ZL,error,N
-0.07842394846910164,0.0027935748129409815,1000.0
