ZL,error,N
-0.03977968545892322,0.003792498436842715,1000.0
