O^z,error,N,total_data
-0.05394888840484013,0.00038113908011797737,1000.0,28000.0
