O^z,error,N,total_data
-0.09379834132365138,0.0005884868291970603,1000.0,20000.0
