O^z,error,N,total_data
-0.04262688037837996,0.0003272683953715268,1000.0,32000.0
