O^z,error,N,total_data
-0.17910903617498766,0.0009617127289426247,1000.0,12000.0
