O^z,error,N,total_data
-0.14828020330444922,0.00045304665632161313,1000.0,32000.0
