O^z,error,N,total_data
-0.16199842886303342,0.0005131118652343776,1000.0,28000.0
