O^z,error,N,total_data
-0.3671064615966835,0.0040193561551523,1000.0,1000.0
