O^z,error,N,total_data
-0.23532681840213177,0.0008100037655774779,1000.0,16000.0
