O^z,error,N,total_data
-0.28468762878327564,0.001033939556800076,1000.0,12000.0
