O^z,error,N,total_data
-0.20200824882045604,0.0006935358430853032,1000.0,20000.0
