O^z,error,N,total_data
-0.17988464076568786,0.0005850626887711536,1000.0,24000.0
