O^z,error,N,total_data
-0.12612789667427018,0.0001981353405548106,10000.0,200000.0
