O^z,error,N,total_data
-0.09982890420207753,0.00016582513834223646,10000.0,240000.0
