O^z,error,N,total_data
-0.21233459052937942,0.00029308345293176845,10000.0,120000.0
