O^z,error,N,total_data
-0.29977540405173764,0.0010225617822291159,10000.0,10000.0
