O^z,error,N,total_data
-0.16081734834002034,0.00023656127081587178,10000.0,160000.0
