O^z,error,N,total_data
-0.08011121545197004,0.00014100089654655034,10000.0,280000.0
