O^z,error,N,total_data
-0.3760092613798388,0.009985001511656258,1.0,16.0
