O^z,error,N,total_data
-0.33606689086865354,0.006826580118601775,1.0,28.0
