O^z,error,N,total_data
-0.4130990050082253,0.012380631641171003,1.0,12.0
