O^z,error,N,total_data
-0.35653129900415303,0.011110817869255482,1.0,20.0
