O^z,error,N,total_data
-0.3401704317851811,0.008480777900753668,1.0,24.0
