O^z,error,N,total_data
-0.33100242185952095,0.005768275028212623,1.0,32.0
