O^z,error,N,total_data
-0.16331354452783756,0.00013943772644744732,10000.0,200000.0
