O^z,error,N,total_data
-0.08693703742883012,0.0003017670822536801,1000.0,32000.0
