O^z,error,N,total_data
-0.08857667604467787,9.734891581459396e-05,10000.0,320000.0
