O^z,error,N,total_data
-0.16202087773686272,0.0004448043946420617,1000.0,20000.0
