O^z,error,N,total_data
-0.20369965955265892,0.00016992292297369644,10000.0,160000.0
