O^z,error,N,total_data
-0.26300725713422074,0.00018725756734844695,10000.0,120000.0
