O^z,error,N,total_data
-0.3567648109147868,0.0005042672471830489,10000.0,10000.0
