O^z,error,N,total_data
-0.10909976235807153,0.00010841248660067442,10000.0,280000.0
