O^z,error,N,total_data
-0.3576999855701977,0.0015831272495187227,1000.0,1000.0
