O^z,error,N,total_data
-0.1329154218373272,0.00011966540712842783,10000.0,240000.0
