O^z,error,N,total_data
-0.2635284609791079,0.0006037034789933681,1000.0,12000.0
