O^z,error,N,total_data
-0.20300060040963216,0.0005460961606491842,1000.0,16000.0
