O^z,error,N,total_data
-0.13106971353107488,0.00036297561574203416,1000.0,24000.0
