O^z,error,N,total_data
-0.10817946412975757,0.0003371411393197737,1000.0,28000.0
