O^z,error,N,total_data
-0.0019925365453514637,0.00022114695851353279,964.0,46272.0
