O^z,error,N,total_data
-0.006246858652285149,0.00031843115307959386,993.0,31776.0
