O^z,error,N,total_data
-0.0012669525377788848,0.0001525718094378768,949.0,60736.0
