O^z,error,N,total_data
-0.01530809216713592,0.00046574054565203443,995.0,23880.0
