O^z,error,N,total_data
-0.0002501145500048352,0.00011549875481330811,915.0,73200.0
