O^z,error,N,total_data
0.00985136575959167,0.00019135080368523248,1000.0,32000.0
