O^z,error,N,total_data
0.002044143181831488,6.202262272184646e-05,1000.0,64000.0
