O^z,error,N,total_data
0.00031810978171200113,1.865438079435826e-05,994.0,127232.0
