O^z,error,N,total_data
0.03499413353889279,0.0005128445785891305,1000.0,16000.0
