O^z,error,N,total_data
0.017827019531655535,0.0002987157285807293,1000.0,24000.0
