O^z,error,N,total_data
0.08344279141031623,0.003088648632445493,1000.0,1000.0
