O^z,error,N,total_data
-9.129416136079817e-06,3.0487666464454596e-06,1.0,128.0
