O^z,error,N,total_data
3.266689686742792e-05,3.3873201862505104e-05,1.0,64.0
