O^z,error,N,total_data
-0.08803174788003154,0.0002846544026374041,3000.0,72000.0
