O^z,error,N,total_data
-0.20090158351430423,0.0002916272612806857,10000.0,120000.0
