O^z,error,N,total_data
-0.11367850893605827,0.0003455570139981074,3000.0,60000.0
