O^z,error,N,total_data
-0.055135941229263456,0.00020139511012663876,3000.0,96000.0
