O^z,error,N,total_data
-0.14924505131702437,0.00023253862657077634,10000.0,160000.0
