O^z,error,N,total_data
-0.06890741962260782,0.00023743094120185236,3000.0,84000.0
