O^z,error,N,total_data
-0.289320101716169,0.001035460161274331,10000.0,10000.0
