O^z,error,N,total_data
-0.18852496828315005,0.005781641415329266,1000.0,1000.0
