O^z,error,N,total_data
-0.026414100740238946,0.00040958919600499844,999.0,31968.0
