O^z,error,N,total_data
-0.08533184306169715,0.0010043990617999662,1000.0,16000.0
