O^z,error,N,total_data
-0.04487766773805129,0.0006095460879117336,1000.0,24000.0
