ZL,error,N
-0.13171518755293316,0.002000423072312506,1000.0
