ZL,error,N
-0.04098452525437438,0.00524406757536704,1000.0
