ZL,error,N
-0.1347711082433278,0.002801945381135808,1000.0
