ZL,error,N
-0.10295785206828749,0.0041939476829640655,1000.0
