ZL,error,N
-0.09898395419857955,0.0018122608206016528,1000.0
