ZL,error,N
-0.122414223434108,0.0035875106265133784,1000.0
