ZL,error,N
-0.07247813985964867,0.004789297284729379,1000.0
