ZL,error,N
-0.06507476526834091,0.004674819498016202,1000.0
