ZL,error,N
-0.10770815804487081,0.005075437947894685,1000.0
