ZL,error,N
0.10257515486790822,0.002707968470615961,1000.0
