ZL,error,N
0.05980544887678712,0.00343402561362306,1000.0
