ZL,error,N
-0.025422615864556384,0.004487763325887111,1000.0
