ZL,error,N
0.014464644464605148,0.004067129322754011,1000.0
