ZL,error,N
-0.1395279722885732,0.005549408154355996,1000.0
