O^z,error,N,total_data
-0.10003110035652925,0.00011328693807730987,10000.0,200000.0
