O^z,error,N,total_data
-0.3153526904345913,0.00046288168758997096,10000.0,10000.0
