O^z,error,N,total_data
-0.07221091001922268,8.970309195383615e-05,10000.0,240000.0
