O^z,error,N,total_data
-0.14128824474265778,0.00014494720896364669,10000.0,160000.0
