O^z,error,N,total_data
-0.20862676294283208,0.0001628709660338539,10000.0,120000.0
