O^z,error,N,total_data
-0.051826869151723416,7.43727661603718e-05,10000.0,280000.0
