O^z,error,N,total_data
-0.03768436225280485,6.493134862087097e-05,10000.0,320000.0
