ZL,error,N
0.0009006683963097514,0.0008857955681741024,10000.0
