ZL,error,N
-0.001171935651939819,0.0008750002316407224,10000.0
