O^z,error,N,total_data
-0.07049620897715235,0.0009079304912138585,1000.0,16000.0
