O^z,error,N,total_data
-0.021153010063903178,0.00037228630505850406,999.0,31968.0
