O^z,error,N,total_data
-0.034516396651194096,0.0005224581155216778,1000.0,24000.0
