O^z,error,N,total_data
-0.16888222087090027,0.005685129710382157,1000.0,1000.0
