O^z,error,N,total_data
0.04681562828185904,0.0005751897152958822,1000.0,16000.0
