O^z,error,N,total_data
0.003858071711819475,7.868798008970625e-05,1000.0,64000.0
