O^z,error,N,total_data
0.0007406772866532491,2.422952360736634e-05,999.0,127872.0
