O^z,error,N,total_data
0.015660187211512508,0.0002406895397818928,1000.0,32000.0
