O^z,error,N,total_data
0.025588466165184384,0.0003566556316548828,1000.0,24000.0
