O^z,error,N,total_data
0.10294604044768878,0.0033162918945094664,1000.0,1000.0
