O^z,error,N,total_data
-0.033135772428123315,0.0004919558274182357,2994.0,47904.0
