O^z,error,N,total_data
-0.002565961372490294,0.0002118636581943585,930.0,44640.0
