O^z,error,N,total_data
-0.008996621050157782,0.0002511298479568405,2941.0,82348.0
