O^z,error,N,total_data
-0.012780317289271035,0.00029280781706960074,2977.0,71448.0
