O^z,error,N,total_data
-0.10330158476116819,0.00318907117908661,2997.0,2997.0
