O^z,error,N,total_data
-0.00018698211444056855,0.0001336483088177563,847.0,67760.0
