O^z,error,N,total_data
-0.007079775061847862,0.00021172928035267883,2920.0,93440.0
