O^z,error,N,total_data
-0.00044319624528940785,0.00016294650002803874,887.0,56768.0
