O^z,error,N,total_data
-0.05637467496329392,0.0007321513615076716,2994.0,35928.0
