O^z,error,N,total_data
-0.020746948821956733,0.00037780379268039204,2976.0,59520.0
