O^z,error,N,total_data
-0.0936084261230428,0.0005581758122638054,3000.0,48000.0
