O^z,error,N,total_data
-0.09265875218994336,0.0003083772239449635,10000.0,160000.0
