O^z,error,N,total_data
-0.2028766262969924,0.0020271218639162187,8000.0,8000.0
