O^z,error,N,total_data
-0.051291998583274996,0.00021245907709847942,8000.0,192000.0
