O^z,error,N,total_data
-0.0933831878470425,0.00043543756281885825,5000.0,80000.0
