O^z,error,N,total_data
-0.040657259082424554,0.00015688199558561603,10000.0,280000.0
