O^z,error,N,total_data
-0.20310539432191993,0.0018128822516395569,10000.0,10000.0
