O^z,error,N,total_data
-0.051660481930507735,0.0001896882890511851,10000.0,240000.0
