O^z,error,N,total_data
-0.051649403511764225,0.00018985164111700375,10000.0,240000.0
