O^z,error,N,total_data
-0.20891166255108154,0.003297251053252564,3000.0,3000.0
