O^z,error,N,total_data
-0.03257929671817266,0.0001304537923878461,10000.0,320000.0
