O^z,error,N,total_data
-0.050972884282728635,0.0003455698460587649,3000.0,72000.0
