O^z,error,N,total_data
-0.092217980559981,0.0003441354910168753,8000.0,128000.0
