O^z,error,N,total_data
-0.20622584038231434,0.002556966643382018,5000.0,5000.0
