O^z,error,N,total_data
-0.03237698350291401,0.00014535640168564413,8000.0,256000.0
