O^z,error,N,total_data
-0.05141851429298133,0.00026982349673871373,5000.0,120000.0
