O^z,error,N,total_data
-0.03226322865858274,0.00018339844439903087,5000.0,160000.0
