O^z,error,N,total_data
-0.06764580130394794,0.00024018370731075496,10000.0,200000.0
