O^z,error,N,total_data
-0.03262145056050453,0.00013046874909339732,10000.0,320000.0
