O^z,error,N,total_data
-0.03235859749107515,0.0002394284246510551,3000.0,96000.0
