ZL,error,N
0.11964647351457934,0.003273443451510318,1000.0
