ZL,error,N
0.11369026921774629,0.003446134957385384,1000.0
