ZL,error,N
0.1253505747949152,0.002979729174373332,1000.0
