ZL,error,N
0.11325704230761983,0.0033656179462246494,1000.0
