ZL,error,N
0.15769608414334094,0.0032439019069176256,1000.0
