ZL,error,N
0.15878374705109602,0.0033714967394590113,1000.0
