ZL,error,N
0.17070465598291906,0.0026660816348483547,1000.0
