ZL,error,N
0.1512379699523463,0.003603705781124718,1000.0
