ZL,error,N
0.1590138842558122,0.003159367610671078,1000.0
