ZL,error,N
0.16614287263845245,0.0030065349491414733,1000.0
