ZL,error,N
0.15405750793384296,0.003561339992036256,1000.0
