ZL,error,N
0.1261609192211884,0.0036587960925339395,1000.0
