ZL,error,N
0.1500419391080236,0.003016007563616022,1000.0
