ZL,error,N
0.08644883092547034,0.004457777646387498,1000.0
