ZL,error,N
0.07475169222384405,0.004524791293294972,1000.0
