ZL,error,N
0.04566882351346882,0.005143575903474762,1000.0
