ZL,error,N
0.10766563432487629,0.004045857240954005,1000.0
