ZL,error,N
0.06216807953371724,0.004936725584602,1000.0
