ZL,error,N
0.30059451737398357,0.003026938020415599,1000.0
