ZL,error,N
0.2813696640624229,0.0026753666828245176,1000.0
