ZL,error,N
0.2627682105185399,0.0019876702504600906,1000.0
