ZL,error,N
0.30686714295904827,0.003138517408348598,1000.0
