O^z,error,N,total_data
-0.2092687698175729,0.00045003650469771376,1000.0,28000.0
