O^z,error,N,total_data
-0.3243834098048335,0.0008306457496568344,1000.0,12000.0
