O^z,error,N,total_data
-0.24757259931631964,0.0005825551707721398,1000.0,20000.0
