O^z,error,N,total_data
-0.19871160728069698,0.00041325574569200225,1000.0,32000.0
