O^z,error,N,total_data
-0.26336178726471343,0.0006517707704416629,1000.0,12000.0
