O^z,error,N,total_data
-0.2090360574977298,0.0005913069753846539,1000.0,16000.0
