O^z,error,N,total_data
-0.13922869165451582,0.00044564076948748607,1000.0,24000.0
