O^z,error,N,total_data
-0.11646699598972425,0.00040186617036256376,1000.0,28000.0
