O^z,error,N,total_data
-0.09797259093631612,0.0003780944884318809,1000.0,32000.0
