O^z,error,N,total_data
-0.3498366967694985,0.0019969758041315662,1000.0,1000.0
