O^z,error,N,total_data
-0.16922151654977433,0.0005039397460393492,1000.0,20000.0
