ZL,error,N
-0.11786604327837498,0.00753486520258063,1000.0
