ZL,error,N
0.05925231078449649,0.008160090670826901,1000.0
