ZL,error,N
-0.013599471727019885,0.008215813722657898,1000.0
