ZL,error,N
0.018912085785598696,0.008348462543768372,1000.0
