ZL,error,N
-0.052092574265037266,0.008132133942427044,1000.0
