ZL,error,N
0.080125640011839,0.008428461967116007,999.0
