O^z,error,N,total_data
-0.010859492045532937,0.0018115300219901974,1.0,12.0
