O^z,error,N,total_data
-0.00430162421578675,0.001641165887933891,1.0,16.0
