O^z,error,N,total_data
-0.00078651694794895,0.0007792017288870703,1.0,28.0
