O^z,error,N,total_data
0.00035376493340899957,0.0005090667982468412,1.0,32.0
