O^z,error,N,total_data
0.0010864988828176922,0.0011255607238440577,1.0,20.0
