O^z,error,N,total_data
-0.0009186742614690621,0.000767501971358658,1.0,24.0
