ZL,error,N
-0.04296085830400912,0.003542249862448898,1000.0
