ZL,error,N
0.00920629328661042,0.003315316187920485,1000.0
