ZL,error,N
-0.1611382072668138,0.0036308142629675124,1000.0
