ZL,error,N
-0.17525113303261092,0.0036878570700604706,1000.0
