ZL,error,N
-0.13931882136467721,0.0036436543710361476,1000.0
