ZL,error,N
-0.084643795434181,0.003765778209270233,1000.0
