ZL,error,N
-0.11737994952042255,0.0036985729004080964,1000.0
