O^z,error,N,total_data
0.08853825730008352,0.003184156418583532,1000.0,1000.0
