O^z,error,N,total_data
0.011202746432952925,0.00019695554231462332,1000.0,32000.0
