O^z,error,N,total_data
0.0190135365603337,0.0003029550532022145,1000.0,24000.0
