O^z,error,N,total_data
0.036869537191517573,0.0005252857673405461,1000.0,16000.0
