O^z,error,N,total_data
0.0024021838446207666,6.629056276755252e-05,999.0,63936.0
