O^z,error,N,total_data
0.0004778146853549411,2.0180731763660273e-05,995.0,127360.0
