ZL,error,N
-0.1464775485045257,0.0005879261017497049,10000.0
