ZL,error,N
0.010051074273821325,0.003541029419087734,3000.0
