ZL,error,N
-0.11884443569256589,0.001445657977026249,10000.0
