ZL,error,N
-0.15942931699711335,0.0011288885366885363,5000.0
