ZL,error,N
-0.15951583052980223,0.001464559810754151,3000.0
