ZL,error,N
-0.14562004315865557,0.0008376785458222017,5000.0
