ZL,error,N
-0.0380201699410178,0.003350000361045259,3000.0
