ZL,error,N
-0.1466257273932656,0.00065663089715919,8000.0
