ZL,error,N
-0.11768230479865097,0.002647193952491886,3000.0
