ZL,error,N
-0.15517172359845627,0.0010346482236007171,10000.0
