ZL,error,N
-0.10422109531198465,0.0005397170458206039,10000.0
