ZL,error,N
-0.13947893669649755,0.0012446057532417394,10000.0
