ZL,error,N
-0.06651450262983481,0.003214720028671837,3000.0
