ZL,error,N
-0.10379935905844584,0.0006046277769281201,8000.0
