ZL,error,N
-0.13903950243922375,0.0022899659790914656,3000.0
