ZL,error,N
-0.10368000110788898,0.0007624141838988265,5000.0
