ZL,error,N
-0.15550070211210432,0.0018751871208437872,3000.0
