ZL,error,N
-0.09411466115379569,0.0029116862826607903,3000.0
