ZL,error,N
-0.1590850678238206,0.000800187464694961,10000.0
