ZL,error,N
-0.15957879703081523,0.000889350551490574,8000.0
