ZL,error,N
-0.013911475742049291,0.003473507137106421,3000.0
