ZL,error,N
-0.002660946946046289,0.0009145427464353026,10000.0
