ZL,error,N
-0.003901467060353431,0.0017291943804549792,3000.0
