ZL,error,N
-0.004645549203871851,0.0009349142281065551,10000.0
