ZL,error,N
0.01931504126935044,0.0017603914208462624,3000.0
