ZL,error,N
-0.005029643964384659,0.0013168064988025407,5000.0
