ZL,error,N
-0.004247411165036672,0.0013318989560616192,5000.0
