ZL,error,N
-0.005258664264598842,0.0010261340874242915,8000.0
