ZL,error,N
0.002215865414906368,0.000921136334089952,10000.0
