ZL,error,N
-0.004976453074539912,0.0009356487268117507,10000.0
