ZL,error,N
0.02153248460493169,0.0009618286282700489,10000.0
