ZL,error,N
0.021710401626354674,0.0013637256778411314,5000.0
