ZL,error,N
-0.004220645490134742,0.0016881748805524126,3000.0
