ZL,error,N
0.0028669960093554046,0.0010249125248140802,8000.0
