ZL,error,N
0.002061719328199236,0.0013053739398288433,5000.0
