ZL,error,N
-0.00605528752301576,0.0009187751851228043,10000.0
