ZL,error,N
0.001004886932750935,0.0016720952486991188,3000.0
