ZL,error,N
-0.006054517833370027,0.0009183844080366126,10000.0
