ZL,error,N
-0.0045387952515285705,0.0010475557014488822,8000.0
