ZL,error,N
-0.00590350433938954,0.0009364185338522414,10000.0
