ZL,error,N
0.02166715914043124,0.001077692575927965,8000.0
