ZL,error,N
0.12642936618135453,0.009073132600720306,981.0
