ZL,error,N
0.09786746226850672,0.008136287509851178,995.0
