ZL,error,N
0.11397161394836973,0.00850584344527535,993.0
