ZL,error,N
0.04929679190297995,0.00757587633482771,997.0
