O^z,error,N,total_data
-0.3299159215319169,0.0008169661288117459,1000.0,12000.0
