O^z,error,N,total_data
-0.28241974384476176,0.00019974912698939802,10000.0,160000.0
