O^z,error,N,total_data
-0.19759191699532197,0.0003891993346734472,1000.0,32000.0
