O^z,error,N,total_data
-0.19580124685137065,0.00012053853192481907,10000.0,320000.0
