O^z,error,N,total_data
-0.28270280652041135,0.0006236148890367026,1000.0,16000.0
