O^z,error,N,total_data
-0.2507608476368576,0.000529804043416937,1000.0,20000.0
