O^z,error,N,total_data
-0.25039118240540004,0.00016931089886552565,10000.0,200000.0
