O^z,error,N,total_data
-0.33049765009091536,0.00024996655806504905,10000.0,120000.0
