O^z,error,N,total_data
-0.2273087247583685,0.00014753880301440636,10000.0,240000.0
