O^z,error,N,total_data
-0.21014673377358303,0.0004177900091227638,1000.0,28000.0
