O^z,error,N,total_data
-0.4171405315941914,0.0029753264499840157,1000.0,1000.0
