O^z,error,N,total_data
-0.20965134581009437,0.0001327515691192651,10000.0,280000.0
