O^z,error,N,total_data
-0.22753057000909463,0.0004631408001521828,1000.0,24000.0
