O^z,error,N,total_data
-0.41562923377866146,0.00092277606459656,10000.0,10000.0
