O^z,error,N,total_data
-0.2562264304584963,0.013473422436722933,1.0,24.0
