O^z,error,N,total_data
-0.16524881256949808,0.006620953239774106,1.0,48.0
