O^z,error,N,total_data
-0.03454599090011877,0.0013802853885944277,1.0,128.0
