O^z,error,N,total_data
-0.3127968881389916,0.017247786076958458,1.0,16.0
