O^z,error,N,total_data
-0.11130519049758048,0.005064100075440392,1.0,64.0
