O^z,error,N,total_data
-0.37644310110771156,0.021366921341670078,1.0,12.0
