O^z,error,N,total_data
-0.27693819961614646,0.016576666942127637,1.0,20.0
