O^z,error,N,total_data
-0.22131225362792353,0.008685381838674101,1.0,32.0
