O^z,error,N,total_data
-0.23276027700518884,0.009199333022555756,1.0,28.0
