ZL,error,N
-0.0002962841904306437,0.001121695698614117,10000.0
