ZL,error,N
0.0029055493630817126,0.0013358800189354082,5000.0
