ZL,error,N
0.0024462442724642684,0.0010500903134788996,8000.0
