ZL,error,N
-0.007406458207848653,0.0010277404613593599,10000.0
