ZL,error,N
-0.01007694544726512,0.0010671091619107878,8000.0
