ZL,error,N
-0.011718817900162022,0.0017457051685513536,3000.0
