ZL,error,N
-0.009963097803527264,0.0009698767074694312,10000.0
