ZL,error,N
-0.0101028864640923,0.0009531799825784038,10000.0
