ZL,error,N
0.00091696727363612,0.0020699417516143446,3000.0
