ZL,error,N
-0.0065801464509940765,0.0019107589475949992,3000.0
