ZL,error,N
-0.011054740633525672,0.0013555633952988455,5000.0
