ZL,error,N
-0.005973055311802306,0.001464413416439438,5000.0
