ZL,error,N
-0.00016987221634257604,0.0012542918842753628,8000.0
