ZL,error,N
-0.008432466429490686,0.0009258055989029855,10000.0
