ZL,error,N
0.0022892635830049014,0.0009340181693924927,10000.0
