ZL,error,N
-0.010036338141494187,0.0009536675117553423,10000.0
