ZL,error,N
-0.006640325898260903,0.0011543870976255426,8000.0
