ZL,error,N
0.0011814072869472047,0.0017296788946430627,3000.0
