ZL,error,N
0.0008379474414200827,0.0016047861731084702,5000.0
