ZL,error,N
-0.08407413836305888,0.004878945628818104,1000.0
