ZL,error,N
-0.10100007665602324,0.00405918193229213,1000.0
