ZL,error,N
-0.09475264647903574,0.004499224643550373,1000.0
