ZL,error,N
-0.0942581097524854,0.004592916279849383,1000.0
