O^z,error,N,total_data
-0.06639165866609037,0.0008854882031298074,1000.0,16000.0
