O^z,error,N,total_data
-0.034031147828458584,0.0005216498502803226,1000.0,24000.0
