O^z,error,N,total_data
-0.1684912539327189,0.0056782282988973925,1000.0,1000.0
