O^z,error,N,total_data
-0.020168077866437067,0.00035970946898115447,1000.0,32000.0
