ZL,error,N
0.3445339777399071,0.002005522034883687,1000.0
