ZL,error,N
0.3688536150097123,0.0022491897946682387,1000.0
