ZL,error,N
0.2886490840644395,0.0015320542635843574,1000.0
