ZL,error,N
0.3105788422208118,0.0018272458022974578,1000.0
