ZL,error,N
0.3290264146009691,0.0020873053156747656,1000.0
