ZL,error,N
0.2646675784103823,0.0011824030039325108,1000.0
