ZL,error,N
0.3566025897795586,0.0022378126563247554,1000.0
