O^z,error,N,total_data
-0.07965831416524301,0.000986497064275934,1000.0,16000.0
