O^z,error,N,total_data
-0.18690845514847124,0.005785622090592361,1000.0,1000.0
