O^z,error,N,total_data
-0.02488692257358576,0.0004046872518345665,1000.0,32000.0
