O^z,error,N,total_data
-0.043340418528073514,0.0006055179724677989,1000.0,24000.0
