ZL,error,N
0.11382200222574114,0.0036793065054804737,1000.0
