ZL,error,N
0.038926393981913686,0.005073768224686826,1000.0
