ZL,error,N
0.0795932071204162,0.0043187971910836264,1000.0
