ZL,error,N
0.14120591073218028,0.0030991790132977974,1000.0
