ZL,error,N
0.06661403904016508,0.004586207851328732,1000.0
