ZL,error,N
0.09570215211696576,0.0041354426802211125,1000.0
