ZL,error,N
0.05294653045954592,0.004723201028563418,1000.0
