O^z,error,N,total_data
-0.11008421882136794,0.0003277540100843964,10000.0,160000.0
