O^z,error,N,total_data
-0.11115133194384084,0.00046377650012101757,5000.0,80000.0
