O^z,error,N,total_data
-0.06578839587023085,0.00020728093852931764,10000.0,240000.0
