O^z,error,N,total_data
-0.0435324858828607,0.00016358260671907386,8000.0,256000.0
