O^z,error,N,total_data
-0.06647928960121181,0.0002936248790418909,5000.0,120000.0
