O^z,error,N,total_data
-0.23269580343632829,0.0025787931265922655,5000.0,5000.0
