O^z,error,N,total_data
-0.23793157495892425,0.0033459266289487407,3000.0,3000.0
