O^z,error,N,total_data
-0.04389676120661602,0.00014701554538588314,9999.0,319968.0
