O^z,error,N,total_data
-0.04401586980286901,0.00020937138393452767,5000.0,160000.0
