O^z,error,N,total_data
-0.0656955925852433,0.0002318476270724941,8000.0,192000.0
