O^z,error,N,total_data
-0.11156239788792782,0.000596373219518657,3000.0,48000.0
