O^z,error,N,total_data
-0.06636415476258091,0.0003779632402271289,3000.0,72000.0
