O^z,error,N,total_data
-0.04377315636946791,0.0002705231495826599,3000.0,96000.0
