O^z,error,N,total_data
-0.22878000460271897,0.0018378347988203233,10000.0,10000.0
