O^z,error,N,total_data
-0.22896383148128113,0.002056938064851438,8000.0,8000.0
