O^z,error,N,total_data
-0.11009368641251292,0.00036509702213747587,8000.0,128000.0
