O^z,error,N,total_data
-0.24700945517945047,0.004345010014204119,1000.0,1000.0
