O^z,error,N,total_data
-0.06679578186610745,0.0005242892990601089,1000.0,24000.0
