O^z,error,N,total_data
-0.0868314199238075,0.0006494083496936779,1000.0,20000.0
