O^z,error,N,total_data
-0.04229987636721562,0.0003620377690066417,1000.0,32000.0
