O^z,error,N,total_data
-0.1637177682610059,0.0011041734366033999,1000.0,12000.0
