O^z,error,N,total_data
-0.11751714842244734,0.0008313313370042113,1000.0,16000.0
