O^z,error,N,total_data
-0.05206381969848035,0.0004233857148689951,1000.0,28000.0
