ZL,error,N
0.03521880102370398,0.008280778719936197,1000.0
