ZL,error,N
-0.1569103404380071,0.0074565620049200304,1000.0
