ZL,error,N
0.05410282953523693,0.008408051907020788,1000.0
