ZL,error,N
-0.05719652551403912,0.008605291985654826,1000.0
