ZL,error,N
-0.02426025611535082,0.008320726184910365,1000.0
