ZL,error,N
-0.09335446393941217,0.008322026596595098,1000.0
