ZL,error,N
-0.002952537129007778,0.0028472588929586654,1000.0
