ZL,error,N
0.005219515073140596,0.002989431046799888,1000.0
