ZL,error,N
-0.004236477933567799,0.003023840329236434,1000.0
