ZL,error,N
0.00907519927391041,0.00283379864492303,1000.0
