O^z,error,N,total_data
-0.00023765824465395968,0.0011459062109969616,1.0,16.0
