O^z,error,N,total_data
-8.83735971681107e-06,0.0002349531424533098,1.0,32.0
