O^z,error,N,total_data
-0.00905423955521664,0.001813175356555784,1.0,12.0
