O^z,error,N,total_data
-0.0007632553924954498,0.0003544191291998739,1.0,24.0
