O^z,error,N,total_data
-4.995374985900985e-05,0.0005089013241473022,1.0,20.0
