O^z,error,N,total_data
7.250749602845193e-05,0.0004035280459123947,1.0,28.0
