O^z,error,N,total_data
-0.2049761895680188,0.0005559674748788279,1000.0,24000.0
