O^z,error,N,total_data
-0.18893255768942438,0.0004897116018758409,1000.0,28000.0
