O^z,error,N,total_data
-0.3068030727935808,0.0009229455826163517,1000.0,12000.0
