O^z,error,N,total_data
-0.3878382840845946,0.003467589426345014,1000.0,1000.0
