O^z,error,N,total_data
-0.2274833600218714,0.0006367813868060513,1000.0,20000.0
