O^z,error,N,total_data
-0.25860613481612504,0.0007486784693216543,1000.0,16000.0
