O^z,error,N,total_data
-0.17687628491294594,0.000440891960652749,1000.0,32000.0
