O^z,error,N,total_data
-0.21075913535110666,0.004516497759815044,1.0,32.0
