O^z,error,N,total_data
-0.31222050941480994,0.012797763645738492,1.0,16.0
