O^z,error,N,total_data
-0.37040351102753793,0.017363552272023682,1.0,12.0
