O^z,error,N,total_data
-0.24993930397772174,0.010849907036361607,1.0,20.0
