O^z,error,N,total_data
-0.22582572893548392,0.0050340172075012376,1.0,28.0
