O^z,error,N,total_data
-0.2406124561393634,0.00855592002132622,1.0,24.0
