O^z,error,N,total_data
-0.3550230711532607,0.018184032697591338,1.0,12.0
