O^z,error,N,total_data
-0.22788856966006527,0.012693559144325446,1.0,20.0
