O^z,error,N,total_data
-0.2849201816494532,0.013702613487502567,1.0,16.0
