O^z,error,N,total_data
-0.17196358552692456,0.005575519731332511,1.0,32.0
