O^z,error,N,total_data
-0.18604131688648864,0.008238235146948075,1.0,28.0
