O^z,error,N,total_data
-0.1911481968082247,0.009290108016141803,1.0,24.0
