ZL,error,N
0.20045328654420733,0.00390930944678498,1000.0
