ZL,error,N
0.21149493288059273,0.002840726572882753,1000.0
