ZL,error,N
0.1949636930943295,0.004574044332040296,1000.0
