ZL,error,N
0.19173741813410683,0.004870865240396185,1000.0
