ZL,error,N
0.02274666208567758,0.004711372411436726,1000.0
