ZL,error,N
0.03351855182865061,0.004679379487735477,1000.0
