ZL,error,N
0.11965937862556575,0.003253018063992677,1000.0
