ZL,error,N
0.04333051446180935,0.0045010929425134145,1000.0
