ZL,error,N
0.05632181563820685,0.004298751418469164,1000.0
