ZL,error,N
0.09369772222275172,0.003796260677660353,1000.0
