ZL,error,N
0.07118486187038661,0.0040547146217080185,1000.0
