ZL,error,N
0.13972650315108523,0.003315111965928298,1000.0
