ZL,error,N
0.062283126285506925,0.004928538308934782,1000.0
