ZL,error,N
0.10780096950302087,0.003963854596216725,1000.0
