ZL,error,N
0.03595076148146439,0.005462073503324274,1000.0
