ZL,error,N
0.019541682209207226,0.005967640239201406,1000.0
