ZL,error,N
0.16133192651547873,0.002554669458979924,1000.0
