ZL,error,N
0.08485001412248204,0.004581867073770656,1000.0
