O^z,error,N,total_data
-0.0010296198755495036,3.863220989772384e-05,1000.0,28000.0
