O^z,error,N,total_data
-0.0022445318057037274,5.3005998029605124e-05,1000.0,24000.0
