O^z,error,N,total_data
-0.03249533353170868,0.0004246209659189013,1000.0,12000.0
