O^z,error,N,total_data
-0.0832427725147512,0.002255560456280975,1000.0,1000.0
