O^z,error,N,total_data
-0.0004865311883157003,1.6238030121345606e-05,1000.0,32000.0
