O^z,error,N,total_data
-0.012959169038437815,0.0002259146987870481,1000.0,16000.0
