O^z,error,N,total_data
-0.00537184803989633,0.00010817336241046165,1000.0,20000.0
