ZL,error,N
-0.015823888294290715,0.0032399129032877677,1000.0
