ZL,error,N
-0.12222854365071627,0.003501872061572658,1000.0
