ZL,error,N
-0.06332450667453025,0.0032272123484487422,1000.0
