ZL,error,N
-0.12899059792088452,0.003834206227917712,1000.0
