ZL,error,N
-0.09040840451345297,0.0033480549688689487,1000.0
