ZL,error,N
-0.13041436816004182,0.003623889672663877,1000.0
