ZL,error,N
-0.11345324821006443,0.0033407419591103774,1000.0
