O^z,error,N,total_data
-0.12618154414716917,0.0036402361893983414,1.0,12.0
