O^z,error,N,total_data
0.00044786695996728855,0.0017153753937752278,1.0,28.0
