O^z,error,N,total_data
-0.009550165852935584,0.003939139334204161,1.0,24.0
