O^z,error,N,total_data
-0.058720397313423225,0.005137830363752724,1.0,16.0
