O^z,error,N,total_data
-0.025588818792496693,0.004398745641243797,1.0,20.0
