O^z,error,N,total_data
-0.0009595267209877831,0.0005134202855496641,1.0,32.0
