O^z,error,N,total_data
0.000477399926025231,4.242252325368397e-05,984.0,62976.0
