O^z,error,N,total_data
0.006586152905100075,0.00020131592026247018,1000.0,24000.0
