O^z,error,N,total_data
0.014573529519894234,0.00036740832915689483,1000.0,16000.0
