O^z,error,N,total_data
-2.973478655058926e-05,1.787138736579085e-05,831.0,106368.0
