O^z,error,N,total_data
0.0031227590445743643,0.0001175763088010162,999.0,31968.0
