O^z,error,N,total_data
0.04767023218174989,0.002606029068746106,1000.0,1000.0
