O^z,error,N,total_data
-0.07960114848506473,0.0005361477835735553,3000.0,48000.0
