O^z,error,N,total_data
-0.07933561728218126,0.00029541954524668444,10000.0,160000.0
