O^z,error,N,total_data
-0.07973238820116102,0.0004149460915776016,5000.0,80000.0
