O^z,error,N,total_data
-0.07956160206265725,0.0003292649369252324,8000.0,128000.0
