O^z,error,N,total_data
-0.1178868908417764,0.00041453380460132195,10000.0,120000.0
