O^z,error,N,total_data
-0.025639356414681517,0.0001679060135815301,5000.0,160000.0
