O^z,error,N,total_data
-0.04218503183526611,0.00019864301378756655,8000.0,192000.0
