O^z,error,N,total_data
-0.025655999290223327,0.00011899375621467617,10000.0,320000.0
