O^z,error,N,total_data
-0.0420640416780703,0.00024975268565742223,5000.0,120000.0
