O^z,error,N,total_data
-0.18418876798261816,0.0019774754980569436,8000.0,8000.0
