O^z,error,N,total_data
-0.18773582159243787,0.0032410689959884802,3000.0,3000.0
