O^z,error,N,total_data
-0.07929615561591334,0.00029502912541997013,10000.0,160000.0
