O^z,error,N,total_data
-0.04226876290448853,0.00017768676860527763,10000.0,240000.0
