O^z,error,N,total_data
-0.18640817378365043,0.0024781223523474647,5000.0,5000.0
