O^z,error,N,total_data
-0.05683632242894621,0.00022402047341701296,10000.0,200000.0
