O^z,error,N,total_data
-0.025168440142929595,0.00021524484630543723,3000.0,96000.0
