O^z,error,N,total_data
-0.02548950089523663,0.00013295917009201533,8000.0,256000.0
