O^z,error,N,total_data
-0.0408967198441647,0.0003217547000953671,3000.0,72000.0
