O^z,error,N,total_data
-0.18468189095026788,0.0017751147645613424,10000.0,10000.0
