ZL,error,N
0.18131665826332116,0.010184029414547909,999.0
