ZL,error,N
0.12733552637695514,0.00997946004295844,1000.0
