ZL,error,N
-0.07701963612257515,0.004551103444684137,1000.0
