ZL,error,N
-0.156793262138037,0.002894187468481993,1000.0
