ZL,error,N
-0.1723525723399903,0.002202733309453276,1000.0
