ZL,error,N
-0.16282078069556866,0.0014852074699789294,1000.0
