ZL,error,N
-0.12382200456870794,0.0011980694251690401,1000.0
