ZL,error,N
-0.10755177048334039,0.004009810477629733,1000.0
