ZL,error,N
-0.13748512023880397,0.003543862017557055,1000.0
