O^z,error,N,total_data
0.1962825723117578,0.0003153442875638968,1000.0,128000.0
