O^z,error,N,total_data
0.20409638804871147,0.0004344298388100607,1000.0,64000.0
