ZL,error,N
0.03798666854429373,0.005199561742279521,1000.0
