ZL,error,N
0.10981210788037352,0.004072074063680196,1000.0
