ZL,error,N
0.09203993006648695,0.004423347060731064,1000.0
