ZL,error,N
0.058057066942257464,0.0051131087377254344,1000.0
