ZL,error,N
0.1311220579808385,0.0035864796334999483,1000.0
