ZL,error,N
0.15415716060716578,0.0029222807759340962,1000.0
