ZL,error,N
0.07419134037029823,0.004608125008088998,1000.0
