O^z,error,N,total_data
-0.00277046059360132,0.00021813041959632999,969.0,46512.0
