O^z,error,N,total_data
-0.0006230974433966815,0.00012777135541474152,922.0,73760.0
