O^z,error,N,total_data
-0.00099636193446939,0.00014334996149303786,951.0,60864.0
