O^z,error,N,total_data
-0.02445655421657157,0.00023571860310288767,3000.0,96000.0
