O^z,error,N,total_data
-0.005424195647410897,0.00016405137140140414,996.0,63744.0
