O^z,error,N,total_data
-0.04172493612913895,0.00034719866378032563,2998.0,71952.0
