O^z,error,N,total_data
-0.07822476987783764,0.0005815839340884414,3000.0,48000.0
