O^z,error,N,total_data
-0.05551634397599227,0.0004404298498163088,3000.0,60000.0
