O^z,error,N,total_data
-0.0030751057604308674,0.0001207128462227179,997.0,79760.0
