O^z,error,N,total_data
-0.010677442701630306,0.0002311878805853332,1000.0,48000.0
