O^z,error,N,total_data
-0.11539166632652599,0.0008136473640119952,3000.0,36000.0
