O^z,error,N,total_data
-0.18748141573401744,0.0034322280568720533,3000.0,3000.0
