O^z,error,N,total_data
-0.03212303185202352,0.0002839045043870664,3000.0,84000.0
