ZL,error,N
0.18359764149391328,0.0007931624540050666,10000.0
