ZL,error,N
0.1802245640783409,0.0010001407061309448,10000.0
