ZL,error,N
0.1797627348870556,0.0009463815366657189,10000.0
