ZL,error,N
0.1804724400846639,0.00103962387569958,10000.0
