ZL,error,N
0.1801367869751957,0.0010776231683082553,10000.0
