ZL,error,N
0.18103093828833536,0.0009000207291065898,10000.0
