ZL,error,N
0.17949683460267005,0.0011082672968395983,10000.0
