O^z,error,N,total_data
-0.16440044594035486,0.0004960551038630541,1000.0,32000.0
