O^z,error,N,total_data
-0.24275431737772524,0.0008146781732881693,1000.0,16000.0
