O^z,error,N,total_data
-0.372453562324969,0.003621199484350338,1000.0,1000.0
