O^z,error,N,total_data
-0.2151352496542886,0.0006903310602048685,1000.0,20000.0
