O^z,error,N,total_data
-0.1917790894343715,0.0006074363714481321,1000.0,24000.0
