O^z,error,N,total_data
-0.2890692975180756,0.0009892833162596874,1000.0,12000.0
