O^z,error,N,total_data
-0.17789658657252966,0.0005415870855193856,1000.0,28000.0
