ZL,error,N
-0.13683819116021764,0.002687415125480768,1000.0
