ZL,error,N
-0.13891948223784933,0.0032963055035862554,1000.0
