ZL,error,N
-0.1384673692631172,0.0037482786374106397,1000.0
