ZL,error,N
-0.12368250097568187,0.004344709764862741,1000.0
