ZL,error,N
-0.10412598239683746,0.004729458292662584,1000.0
