ZL,error,N
-0.07423160202588738,0.0024086115139430302,1000.0
