ZL,error,N
-0.11893352279416698,0.0023900278273217695,1000.0
