O^z,error,N,total_data
-0.09888199821985506,0.001957315115733794,1000.0,1000.0
