O^z,error,N,total_data
-0.040398308390181964,0.0004164739985037908,1000.0,12000.0
