O^z,error,N,total_data
0.06668062686852724,0.0003468000246546826,1000.0,64000.0
