O^z,error,N,total_data
0.043182343174583734,0.0002110278610265208,1000.0,128000.0
