O^z,error,N,total_data
-0.32515566779541843,0.0006591907238384175,1000.0,12000.0
