O^z,error,N,total_data
-0.2164679973586922,0.0004679171614850811,1000.0,32000.0
