O^z,error,N,total_data
-0.2599135447323778,0.0005433234272286953,1000.0,20000.0
