O^z,error,N,total_data
-0.28704257774039216,0.0005949585413236054,1000.0,16000.0
