O^z,error,N,total_data
-0.39818277174957933,0.0022759917113512455,1000.0,1000.0
