O^z,error,N,total_data
-0.24074165402836953,0.0005122635058505476,1000.0,24000.0
