O^z,error,N,total_data
-0.22804830132015552,0.00048762342550333153,1000.0,28000.0
