ZL,error,N
0.012325996167325486,0.003924582503919154,1000.0
