ZL,error,N
-0.06752988905346077,0.0029557363892481502,1000.0
