ZL,error,N
-0.13523921134869557,0.0020063997642315074,1000.0
