ZL,error,N
-0.020850131082267388,0.0033749664772951445,1000.0
