ZL,error,N
-0.12808518241759295,0.0010001936187028569,1000.0
