ZL,error,N
-0.1464919590687829,0.0013466319006495977,1000.0
