ZL,error,N
-0.10173598391446506,0.002463094834778055,1000.0
