O^z,error,N,total_data
-0.3091685036527987,0.0009138919308683265,1000.0,12000.0
