O^z,error,N,total_data
-0.2075591867848489,0.000528429297486501,1000.0,24000.0
