O^z,error,N,total_data
-0.17764630810746704,0.00043206454311935403,1000.0,32000.0
