O^z,error,N,total_data
-0.2302503256752991,0.0006191111082357422,1000.0,20000.0
