O^z,error,N,total_data
-0.19113459163266086,0.00048129060867575866,1000.0,28000.0
