O^z,error,N,total_data
-0.39433785895016626,0.003469295510754148,1000.0,1000.0
