O^z,error,N,total_data
-0.26134630074921433,0.0007246291148685778,1000.0,16000.0
