O^z,error,N,total_data
-0.3477077624057969,0.00038037478436867163,1000.0,24000.0
