O^z,error,N,total_data
-0.3595172073878629,0.0003603056230065475,1000.0,20000.0
