O^z,error,N,total_data
-0.46946917604314986,0.0015238521680786224,1000.0,1000.0
