O^z,error,N,total_data
-0.4054176314254938,0.000455287702796659,1000.0,12000.0
