O^z,error,N,total_data
-0.37493291234705184,0.0004071642233300971,1000.0,16000.0
