O^z,error,N,total_data
-0.3329692716498582,0.0003838141867806059,1000.0,32000.0
