O^z,error,N,total_data
-0.33835203871598923,0.000423502386305453,1000.0,28000.0
