ZL,error,N
-0.10134131764518942,0.004481568364147215,1000.0
