ZL,error,N
-0.10802941125240775,0.0025110512579076087,1000.0
