ZL,error,N
-0.06730870860208252,0.0025614049812241343,1000.0
