ZL,error,N
-0.07788301554952555,0.00487835463343089,1000.0
