ZL,error,N
-0.12365150995059437,0.0034626466982905007,1000.0
