ZL,error,N
-0.1200687223565588,0.0028919280338266192,1000.0
