ZL,error,N
-0.11014425071530232,0.003925945563246555,1000.0
