O^z,error,N,total_data
-0.0542751884983302,0.0004972779992086047,1000.0,16000.0
