O^z,error,N,total_data
-0.01925134964648605,0.00022615612770461897,1000.0,24000.0
