O^z,error,N,total_data
-0.17386678231735406,0.0032699518056210552,1000.0,1000.0
