O^z,error,N,total_data
-0.007786175030581123,0.00011789566955784372,1000.0,32000.0
