O^z,error,N,total_data
-0.011900494201419578,0.00015430890303048107,1000.0,28000.0
