O^z,error,N,total_data
-0.03173231762265524,0.00032882106517882786,1000.0,20000.0
