O^z,error,N,total_data
-0.0941515065031145,0.0007490688643994618,1000.0,12000.0
