O^z,error,N,total_data
-0.25036724298074453,0.0004338544318912037,1000.0,28000.0
