O^z,error,N,total_data
-0.2342242867873408,0.0004237770855666767,1000.0,32000.0
