O^z,error,N,total_data
-0.26821020740529206,0.0004418492252458201,1000.0,24000.0
