O^z,error,N,total_data
-0.4584025503965888,0.0020172598539232567,1000.0,1000.0
