O^z,error,N,total_data
-0.292071183720047,0.0004811404310105402,1000.0,20000.0
