O^z,error,N,total_data
-0.36879884479772723,0.0006046648020400088,1000.0,12000.0
