O^z,error,N,total_data
-0.3236511125233607,0.0005367553761399268,1000.0,16000.0
