ZL,error,N
0.23793901073257084,0.0035858574438335004,1000.0
