ZL,error,N
0.23484264282240327,0.003395735947012507,1000.0
