ZL,error,N
0.22437256481125478,0.002330366804772363,1000.0
