ZL,error,N
0.22544192306855337,0.0030290974648655954,1000.0
