O^z,error,N,total_data
-0.2825233034225088,0.005183630763929584,1.0,64.0
