O^z,error,N,total_data
-0.2644233627744846,0.002527747420984764,1.0,128.0
