O^z,error,N,total_data
-0.3406256558913542,0.01143105947163054,1.0,20.0
