O^z,error,N,total_data
-0.31134366930762286,0.0084849049615679,1.0,28.0
