O^z,error,N,total_data
-0.32666962677156425,0.007428979748711632,1.0,24.0
