O^z,error,N,total_data
-0.36425251697321626,0.011963539125958711,1.0,16.0
