O^z,error,N,total_data
-0.40554646725765736,0.013602350236542927,1.0,12.0
