O^z,error,N,total_data
-0.2927386426530593,0.003751085882207473,1.0,48.0
