O^z,error,N,total_data
-0.30720636689052955,0.006438539392442375,1.0,32.0
