O^z,error,N,total_data
-0.31453417281980867,0.0008872822175365601,1000.0,12000.0
