O^z,error,N,total_data
-0.39579673191871106,0.0033053670772234967,1000.0,1000.0
