O^z,error,N,total_data
-0.238342912831705,0.0006318971239158324,1000.0,20000.0
