O^z,error,N,total_data
-0.2159081930562403,0.0005488504470648597,1000.0,24000.0
