O^z,error,N,total_data
-0.19075687138968295,0.0004518538371404047,1000.0,32000.0
