O^z,error,N,total_data
-0.20080897359950706,0.0004895465909494488,1000.0,28000.0
