O^z,error,N,total_data
-0.26719058768907766,0.0007347761895464295,1000.0,16000.0
