O^z,error,N,total_data
-0.1881019658232257,0.00012652435133994776,10000.0,280000.0
