O^z,error,N,total_data
-0.17214311360040108,0.00011295584047625492,10000.0,320000.0
