O^z,error,N,total_data
-0.40395742481071933,0.0009781095705687056,10000.0,10000.0
