O^z,error,N,total_data
-0.20791294617362852,0.00014485755955029385,10000.0,240000.0
