O^z,error,N,total_data
-0.23342345870423284,0.00016905985112326193,10000.0,200000.0
