O^z,error,N,total_data
-0.320190192654541,0.00025828292973788036,10000.0,120000.0
