O^z,error,N,total_data
-0.2686336964182625,0.00020443437262833645,10000.0,160000.0
