O^z,error,N,total_data
-0.21414061010467086,0.0007325595079744537,1000.0,12000.0
