O^z,error,N,total_data
-0.09048493612802581,0.00042074766943442425,1000.0,24000.0
