O^z,error,N,total_data
-0.15972281893058374,0.0006281060614462965,1000.0,16000.0
