O^z,error,N,total_data
-0.30872563029680616,0.002471330837489461,1000.0,1000.0
