O^z,error,N,total_data
-0.07201596159119827,0.0003653613911306907,1000.0,28000.0
