O^z,error,N,total_data
-0.11744202768471841,0.000509753988421118,1000.0,20000.0
