O^z,error,N,total_data
-0.05561185664004184,0.00031608159152224754,1000.0,32000.0
