O^z,error,N,total_data
-0.05352649849788067,0.0005249354149566647,3000.0,48000.0
