O^z,error,N,total_data
-0.148559463010805,0.0033343084141391048,3000.0,3000.0
