O^z,error,N,total_data
-0.02510753945734369,0.0003107182703073102,2999.0,71976.0
