O^z,error,N,total_data
-0.01354216943715344,0.00021112627866147306,2992.0,95744.0
