O^z,error,N,total_data
-0.053263941652476866,0.00032368953088161845,8000.0,128000.0
