O^z,error,N,total_data
-0.08242820213289419,0.0007484419693347127,3000.0,36000.0
