O^z,error,N,total_data
-0.01740875531273446,0.0002529267475467782,2997.0,83916.0
