O^z,error,N,total_data
-0.003974333709806968,0.00021594454063641972,990.0,47520.0
