O^z,error,N,total_data
-0.0024310093177095644,0.00015124963135753974,987.0,63168.0
