O^z,error,N,total_data
-0.02462057495455314,0.0001917517945909826,7990.0,191760.0
