O^z,error,N,total_data
-0.0011974572306527897,0.00010219874226043886,978.0,78240.0
