O^z,error,N,total_data
-0.03528934322899092,0.000402763476289474,2999.0,59980.0
