O^z,error,N,total_data
-0.013364357343374846,0.00011805219570900362,9974.0,319168.0
