O^z,error,N,total_data
-0.1424236115696796,0.002081433199349717,8000.0,8000.0
