O^z,error,N,total_data
-0.1284520598432529,0.00025562094136294134,10000.0,120000.0
