O^z,error,N,total_data
-0.21736029713350294,0.0010103737772196133,10000.0,10000.0
