O^z,error,N,total_data
-0.08092897321537533,0.0001811611989940962,10000.0,160000.0
