ZL,error,N
-0.10480614626693756,0.0004765107187492072,8000.0
