ZL,error,N
-0.038381437180307496,0.0012334827148883967,8000.0
