ZL,error,N
-0.038125683605404984,0.0015540753447412252,5000.0
