ZL,error,N
-0.08611269355861279,0.0008983238288366811,8000.0
