ZL,error,N
-0.10460974446406951,0.0004243539388519342,10000.0
