ZL,error,N
-0.10483292135741729,0.0005974230126836631,5000.0
