ZL,error,N
-0.08513301462088865,0.0008057670620661296,10000.0
