ZL,error,N
-0.08651836160216497,0.0011374620251822984,5000.0
