ZL,error,N
-0.03752641478948753,0.001101893344705903,10000.0
