ZL,error,N
0.017205631854295335,0.0013751046950468198,3000.0
