ZL,error,N
0.014881854960330674,0.0007493562611701959,9999.0
