ZL,error,N
0.009767408215692816,0.001006017181531588,4998.0
