ZL,error,N
0.033984487857448724,0.0012000311506732081,5000.0
