ZL,error,N
0.008841962114689808,0.0007873072666786,7996.0
