ZL,error,N
0.033164541297710605,0.0009424443485498759,8000.0
