ZL,error,N
0.015245731300531076,0.0008425570425168568,8000.0
