ZL,error,N
0.005831079984865672,0.0006964453891614447,9994.0
