ZL,error,N
0.006089593569681802,0.0007775877524076926,7996.0
