ZL,error,N
0.00619856095085198,0.000989784514759327,4999.0
