ZL,error,N
0.016425966660831834,0.0010635586443193956,5000.0
