ZL,error,N
0.005415049200396679,0.0012772819815770468,2999.0
