ZL,error,N
0.03339231731279342,0.0008452043035058957,10000.0
