ZL,error,N
0.010572451507607713,0.001292126719966654,2999.0
