ZL,error,N
0.03506288348484873,0.0015371037598379176,3000.0
