ZL,error,N
0.008866007029784836,0.0007058005154607893,9995.0
