ZL,error,N
0.006050057151064724,0.0013264171424468465,2920.0
