ZL,error,N
0.0030804935563797523,0.0027505010455031245,887.0
