ZL,error,N
0.004074677315258868,0.001213527073358456,2976.0
