ZL,error,N
0.004216587827431076,0.001220849252056565,2977.0
