ZL,error,N
0.0052944244353901465,0.0011567915292014024,2994.0
