ZL,error,N
0.003137590468396563,0.0013049093331391403,2941.0
