ZL,error,N
0.005821631710979594,0.0031311376503254987,847.0
