ZL,error,N
0.007202360656861935,0.002618993824622144,930.0
