ZL,error,N
0.006762868653451784,0.0012035571381440746,2994.0
