ZL,error,N
0.010099087939512473,0.0012548522705061486,2997.0
