O^z,error,N,total_data
-0.054553145109959365,0.00019313223216283517,10000.0,240000.0
