O^z,error,N,total_data
-0.042769457197891915,0.00015945731133123876,10000.0,280000.0
