O^z,error,N,total_data
-0.03406461739513181,0.00013290965595898717,10000.0,320000.0
