O^z,error,N,total_data
-0.0707970599391849,0.0002415437711446381,10000.0,200000.0
