ZL,error,N
-0.008577405435788008,0.0027843206739965164,1000.0
