ZL,error,N
0.0017784701787221574,0.0035101991351339594,1000.0
