ZL,error,N
-0.015052721741780609,0.0031625688586832236,1000.0
