ZL,error,N
0.01911408292085618,0.003908673407206291,1000.0
