corr,error,N
0.16509687763613684,0.010396750210093966,1000.0
