corr,error,N
0.21504195554271258,0.011796328590088234,1000.0
