corr,error,N
0.11685650059301629,0.00928647698688509,1000.0
