corr,error,N
0.31818690064799604,0.014025215188800752,1000.0
