ZL,error,N
0.13256233538590761,0.003047047756950677,1000.0
