ZL,error,N
0.23336281151542457,0.003454698662695397,1000.0
