ZL,error,N
0.44763942470555174,0.0030397618864421824,1000.0
