ZL,error,N
0.31966004217132366,0.003379220783944797,1000.0
