ZL,error,N
0.017632145483946482,0.0023673888433540366,1000.0
