ZL,error,N
0.3878786018128824,0.0031180783058687715,1000.0
