ZL,error,N
0.49273815506357216,0.0028083103334633785,1000.0
