ZL,error,N
0.11806770695153943,0.009062749738581606,1000.0
