ZL,error,N
0.1373860546755154,0.009148107973753343,1000.0
