ZL,error,N
0.08020262881774416,0.008706253994336827,1000.0
