ZL,error,N
0.0065262848503502445,0.007791192070561348,1000.0
