ZL,error,N
0.14409044733893206,0.003955595539927211,1000.0
