ZL,error,N
0.12753213709030942,0.004699142796255266,1000.0
