ZL,error,N
0.17628388387101548,0.0027230732565777234,1000.0
