ZL,error,N
0.1392839396221247,0.004151466873804864,1000.0
