ZL,error,N
0.1653989415918413,0.003206868545554001,1000.0
