ZL,error,N
0.13140672411331114,0.004505772927079869,1000.0
