ZL,error,N
0.15476749917469118,0.003640285932212094,1000.0
