O^z,error,N,total_data
-0.029009460288918865,0.0005065967199692722,1000.0,24000.0
