O^z,error,N,total_data
-0.015554822912254539,0.00032362537660868414,1000.0,32000.0
