O^z,error,N,total_data
-0.05908065024571906,0.0008533795532945098,1000.0,16000.0
