O^z,error,N,total_data
-0.1533375012410322,0.005608649517063874,1000.0,1000.0
