O^z,error,N,total_data
-0.001248226180190389,3.921064306420228e-05,1000.0,28000.0
