O^z,error,N,total_data
-0.0006952825169990441,3.503014552148556e-05,1000.0,32000.0
