O^z,error,N,total_data
-0.006442585199212545,0.00013585497335601163,1000.0,20000.0
