O^z,error,N,total_data
-0.08544531048376193,0.002552770134838737,1000.0,1000.0
