O^z,error,N,total_data
-0.0025374724025030294,5.548991521347442e-05,1000.0,24000.0
