O^z,error,N,total_data
-0.01365470884313803,0.0002343063160901068,1000.0,16000.0
