O^z,error,N,total_data
-0.033352390792158224,0.00047364621003132776,1000.0,12000.0
