O^z,error,N,total_data
-0.2638349660350382,0.0001560425754606977,10000.0,200000.0
