O^z,error,N,total_data
-0.30235408448535706,0.00017597742405330865,10000.0,160000.0
