O^z,error,N,total_data
-0.23618706094144024,0.00014141528973967712,10000.0,240000.0
