O^z,error,N,total_data
-0.44589661661928415,0.0006836960869907466,10000.0,10000.0
