O^z,error,N,total_data
-0.1964229088741847,0.00012301933403800413,10000.0,320000.0
