O^z,error,N,total_data
-0.21435131568261406,0.0001306192688263412,10000.0,280000.0
