O^z,error,N,total_data
-0.3563088300350626,0.00020638497064298902,10000.0,120000.0
