O^z,error,N,total_data
-0.05825460349083011,0.0074855968881853445,1.0,24.0
