O^z,error,N,total_data
-0.01752749441448343,0.0028158443571629334,1.0,32.0
