O^z,error,N,total_data
-0.06972084127418847,0.0062423649499618455,1.0,20.0
