O^z,error,N,total_data
-0.11737605244483439,0.005693587697380079,1.0,16.0
