O^z,error,N,total_data
-0.028637543475427428,0.0038151912494415498,1.0,28.0
