O^z,error,N,total_data
-0.19795705550062295,0.006172044483746316,1.0,12.0
