ZL,error,N
0.028157020388126838,0.00421126736546552,956.0
