ZL,error,N
0.027910821246770027,0.005359405762390681,494.0
