ZL,error,N
0.02426422012641989,0.005132309079535058,492.0
