ZL,error,N
0.023827254689433062,0.0027695284884078335,1000.0
