ZL,error,N
0.006146593172184494,0.002631043449419189,1000.0
