ZL,error,N
0.004094155371294357,0.002705642630687442,999.0
