ZL,error,N
0.0012363578159786607,0.00256590326919911,1000.0
