ZL,error,N
-0.016667941931469366,0.000983198008470652,10000.0
