ZL,error,N
-0.02017495965158291,0.0008581845676201702,10000.0
