O^z,error,N,total_data
-0.22844352457247694,0.0003904339354382642,1000.0,32000.0
