O^z,error,N,total_data
-0.31351560461593597,0.0005515499301286209,1000.0,16000.0
