O^z,error,N,total_data
-0.24211616739205088,0.00041238292878402694,1000.0,28000.0
