O^z,error,N,total_data
-0.36104665713356315,0.0006516164446970393,1000.0,12000.0
