O^z,error,N,total_data
-0.28192401021503494,0.0004900463022403655,1000.0,20000.0
