O^z,error,N,total_data
-0.4497320062189419,0.002181457486330997,1000.0,1000.0
