O^z,error,N,total_data
-0.25947833082752964,0.000433924603015594,1000.0,24000.0
