O^z,error,N,total_data
-0.008291469878111404,0.00014301403202058715,1000.0,24000.0
