O^z,error,N,total_data
-0.1270573479999544,0.0031001445374134683,1000.0,1000.0
