O^z,error,N,total_data
-0.029607774151617573,0.00037846995694979863,1000.0,16000.0
