O^z,error,N,total_data
-0.01572130482718253,0.00023853849282684915,1000.0,20000.0
