O^z,error,N,total_data
-0.00302506678764676,7.07471367364873e-05,1000.0,32000.0
