O^z,error,N,total_data
-0.004556459447769728,9.468415716160871e-05,1000.0,28000.0
