O^z,error,N,total_data
-0.06049332447073208,0.0006622362607230047,1000.0,12000.0
