O^z,error,N,total_data
-0.17577114458806523,0.0010697413419295488,1000.0,12000.0
