O^z,error,N,total_data
-0.0459393669504721,0.00037267884546543343,1000.0,32000.0
