O^z,error,N,total_data
-0.1276382338123645,0.0008209861205301775,1000.0,16000.0
