O^z,error,N,total_data
-0.05733584082462529,0.00042454163939340087,1000.0,28000.0
