O^z,error,N,total_data
-0.2599769071815601,0.004177903098671672,1000.0,1000.0
