O^z,error,N,total_data
-0.09532504177510408,0.0006564220928454498,1000.0,20000.0
