O^z,error,N,total_data
-0.07177491559097575,0.0005163195954733143,1000.0,24000.0
