O^z,error,N,total_data
-0.23195053381034797,0.00046474517625375917,1000.0,20000.0
