O^z,error,N,total_data
-0.18242867107286967,0.0003365023890678093,1000.0,28000.0
