O^z,error,N,total_data
-0.27058120191884816,0.0005880380596777644,1000.0,16000.0
