O^z,error,N,total_data
-0.16429028865991696,0.0002969418920132757,1000.0,32000.0
