O^z,error,N,total_data
-0.42070661639448864,0.0029354117410704907,1000.0,1000.0
