O^z,error,N,total_data
-0.2039642437516593,0.00039408379863752063,1000.0,24000.0
