O^z,error,N,total_data
-0.3265067961304928,0.0007517227662755159,1000.0,12000.0
