ZL,error,N
0.11530940128387816,0.006304623484326906,1000.0
