ZL,error,N
0.15249248093079573,0.004477986216685447,1000.0
