ZL,error,N
0.19470396146658242,0.002190790489791068,1000.0
