ZL,error,N
0.12413763097617407,0.0057413849056755515,1000.0
