ZL,error,N
0.14241122694665878,0.004981762803621148,1000.0
