ZL,error,N
0.16842730132007963,0.003737778217549453,1000.0
