ZL,error,N
0.18777215575462292,0.0029508176164246063,1000.0
