O^z,error,N,total_data
0.12745046404166993,0.0033802869351515037,1000.0,1000.0
