O^z,error,N,total_data
0.06812278148621889,0.0006778423826163536,1000.0,16000.0
