O^z,error,N,total_data
0.0425408836519351,0.0004495921569066687,1000.0,24000.0
