O^z,error,N,total_data
0.02973321764564823,0.00032822827594646556,1000.0,32000.0
