ZL,error,N
0.2724747143781723,0.0032273134054301737,1000.0
