ZL,error,N
0.24259410132836992,0.0006972219847509489,10000.0
