ZL,error,N
0.23409618452216288,0.0017929732698259916,1000.0
