ZL,error,N
0.26615167223462477,0.0009424116796897145,10000.0
