ZL,error,N
0.2515624876994801,0.0008021404164933927,10000.0
