ZL,error,N
0.2787502430721119,0.0033097791667980017,1000.0
