ZL,error,N
0.27417265291879317,0.0009867045865091242,10000.0
