ZL,error,N
0.246140017592594,0.0021561478998296975,1000.0
