ZL,error,N
0.2323728858230422,0.0005788250028642563,10000.0
