ZL,error,N
0.2799483202758914,0.0010248695092834779,10000.0
