ZL,error,N
0.2533846432270143,0.0024717998280622913,1000.0
