ZL,error,N
0.2667680111479045,0.0029089643324244647,1000.0
