ZL,error,N
0.25853823788631325,0.0027885858517382564,1000.0
