ZL,error,N
0.2596252157862428,0.0008866748787649924,10000.0
