O^z,error,N,total_data
-0.030780649763583877,0.00017093957410570582,1000.0,20000.0
