O^z,error,N,total_data
-0.11335964335885189,0.00035684207333237165,1000.0,12000.0
