O^z,error,N,total_data
-0.2208900909064006,0.0004093122663745284,10000.0,10000.0
