O^z,error,N,total_data
-0.017643902248093847,3.9037123460100805e-05,10000.0,240000.0
