O^z,error,N,total_data
-0.0061291450700203896,7.449968557681614e-05,1000.0,32000.0
