O^z,error,N,total_data
-0.0584865308901995,0.0002488555478638684,1000.0,16000.0
