O^z,error,N,total_data
-0.010216222608285922,8.79478852856144e-05,1000.0,28000.0
