O^z,error,N,total_data
-0.1125249675789247,0.00011188956916898556,10000.0,120000.0
