O^z,error,N,total_data
-0.017709144548864755,0.00012027627368663133,1000.0,24000.0
