O^z,error,N,total_data
-0.2205852966071443,0.0012816808846609093,1000.0,1000.0
