O^z,error,N,total_data
-0.006033769929804606,2.303635227636411e-05,10000.0,320000.0
