O^z,error,N,total_data
-0.03160748504500665,5.540817378952702e-05,10000.0,200000.0
