O^z,error,N,total_data
-0.010238830655429186,2.9573224730407934e-05,10000.0,280000.0
