O^z,error,N,total_data
-0.058340684038648664,7.871703459883165e-05,10000.0,160000.0
