ZL,error,N
0.011993527038854788,0.0010954122524548,5000.0
