ZL,error,N
0.02768143114025156,0.0012257106525418947,5000.0
