ZL,error,N
0.0023349600209514373,0.0007578410868331823,9992.0
