ZL,error,N
0.010957267577489284,0.0007783880086656253,10000.0
