ZL,error,N
0.0027971820030978324,0.0014136789328584936,2999.0
