ZL,error,N
0.02608301104427191,0.0015799962137509282,3000.0
