ZL,error,N
0.004528236451806486,0.0013715933059919299,3000.0
