ZL,error,N
0.026562340952994475,0.000963300753923859,8000.0
