ZL,error,N
0.0028376058792519113,0.0008496175597566627,7993.0
