ZL,error,N
0.002977306868740702,0.001077418613504406,4996.0
