ZL,error,N
0.011927242219431726,0.0014128237154154835,3000.0
