ZL,error,N
0.004699550839662191,0.0007523996800496474,9999.0
