ZL,error,N
0.005101784969250399,0.0008456924548588823,7999.0
