ZL,error,N
0.0043164679433606535,0.0010681529956850103,5000.0
