ZL,error,N
0.011196236606458479,0.0008673971829907228,8000.0
