ZL,error,N
0.026724110463712928,0.000864824766801071,10000.0
