O^z,error,N,total_data
-0.17612175153771104,0.004513006030880309,1.0,12.0
