O^z,error,N,total_data
-0.028678583671467247,0.0044501500399779376,1.0,24.0
