O^z,error,N,total_data
-0.10127750083723122,0.007279690963487205,1.0,16.0
