O^z,error,N,total_data
-0.0034384840016634193,0.0023147453421812738,1.0,32.0
