O^z,error,N,total_data
-0.013620111001501099,0.0033714430078629425,1.0,28.0
