O^z,error,N,total_data
-0.04653721447592067,0.0057848645557116,1.0,20.0
