O^z,error,N,total_data
-0.10559753746315179,0.0004575925276462837,1000.0,36000.0
