O^z,error,N,total_data
-0.08814677733464987,0.00038079664752781834,1000.0,44000.0
