O^z,error,N,total_data
-0.09682199279688994,0.0004251222247491286,1000.0,40000.0
