O^z,error,N,total_data
-0.08375680252868374,0.0003613715721216964,1000.0,48000.0
