ZL,error,N
0.08431158598055769,0.0044308976486067695,1000.0
