ZL,error,N
0.09280871376592412,0.004294642079459868,1000.0
