ZL,error,N
0.11809201715502139,0.0037022340846423613,1000.0
