ZL,error,N
0.14762412107372735,0.0030362298212237883,1000.0
