ZL,error,N
0.11114629502661846,0.00396068454804548,1000.0
