ZL,error,N
0.10094202198706294,0.004149622551642824,1000.0
