ZL,error,N
0.1330055087179451,0.0034376450136899355,1000.0
