O^z,error,N,total_data
-0.16652898848782835,0.0009015270063814618,1000.0,16000.0
