O^z,error,N,total_data
-0.08086294659056459,0.0004777039009088606,1000.0,32000.0
