O^z,error,N,total_data
-0.3014030659204727,0.004261356488008169,1000.0,1000.0
