O^z,error,N,total_data
-0.11107289229752437,0.0006269118636005763,1000.0,24000.0
