O^z,error,N,total_data
-0.21645866930421975,0.0011288306511681137,1000.0,12000.0
