O^z,error,N,total_data
-0.13335132464731042,0.0007432233195026278,1000.0,20000.0
