O^z,error,N,total_data
-0.09371578500688073,0.0005381354265243477,1000.0,28000.0
