O^z,error,N,total_data
-0.2483305103932562,0.00047405539692207043,1000.0,28000.0
