O^z,error,N,total_data
-0.277123235588666,0.0005506842280132759,1000.0,20000.0
