O^z,error,N,total_data
-0.23906616732878352,0.00045352651585360364,1000.0,32000.0
