O^z,error,N,total_data
-0.33884778437267493,0.000697073148709057,1000.0,12000.0
