O^z,error,N,total_data
0.008235832410356022,0.00017675212030277262,1000.0,32000.0
