O^z,error,N,total_data
0.031150896577940856,0.00048000502152005807,1000.0,16000.0
