O^z,error,N,total_data
0.015564927659089801,0.00027793805582663393,1000.0,24000.0
