O^z,error,N,total_data
0.07695577653239673,0.0030808604211718157,1000.0,1000.0
