ZL,error,N
0.12304769724733387,0.0039015680812013068,1000.0
