ZL,error,N
0.08347366087064438,0.004757756766459544,1000.0
