ZL,error,N
0.1148680169931691,0.00406122225226787,1000.0
