ZL,error,N
0.1353393959196632,0.0034769147840681917,1000.0
