ZL,error,N
0.08880719424015186,0.004522377156503591,1000.0
