ZL,error,N
0.15614167685173294,0.0029692660564215553,1000.0
