ZL,error,N
0.10125793463626402,0.004348094590546589,1000.0
