O^z,error,N,total_data
-0.20803675433238517,0.0006564642773026337,1000.0,16000.0
