O^z,error,N,total_data
-0.10134937813283462,0.00042131976686537884,1000.0,32000.0
