O^z,error,N,total_data
-0.11912600388715512,0.00045293315252684606,1000.0,28000.0
