O^z,error,N,total_data
-0.3431603056656046,0.0024229805413790353,1000.0,1000.0
