O^z,error,N,total_data
-0.25920484857452014,0.000734040333843658,1000.0,12000.0
