O^z,error,N,total_data
-0.1669162123402902,0.0005655201193779324,1000.0,20000.0
