O^z,error,N,total_data
-0.14014454385206962,0.0005010347260528647,1000.0,24000.0
