ZL,error,N
0.015374819776472936,0.001475118631382513,4997.0
