ZL,error,N
0.014943667378296737,0.0011632370555614358,7990.0
