ZL,error,N
0.007832512021988858,0.001309584134571662,4998.0
