ZL,error,N
0.0016540786880942316,0.0014443892772993817,3000.0
