ZL,error,N
0.007077122057369178,0.0009138398273641355,9997.0
