ZL,error,N
0.0023134093407928776,0.0011233752885751718,5000.0
