ZL,error,N
0.02401902079698832,0.0013060788710333143,7973.0
