ZL,error,N
0.02451253391115715,0.0016585416316818168,4984.0
