ZL,error,N
0.00732521416413336,0.0010222514533165957,7997.0
