ZL,error,N
0.0016015807321952938,0.0007962693050960331,10000.0
