ZL,error,N
0.02336645907211318,0.0011638667333900268,9968.0
