ZL,error,N
0.013371343588300558,0.0019185173366333774,2997.0
