ZL,error,N
0.014541495041419814,0.0010407710169132172,9987.0
