ZL,error,N
0.0073789002698381335,0.0016736790731162556,2999.0
