ZL,error,N
0.02220464256416157,0.002142830866689252,2991.0
