ZL,error,N
0.0020376548189078095,0.0008896838032626396,8000.0
