O^z,error,N,total_data
-0.0004398844730359567,0.0005111749731384997,1.0,32.0
