O^z,error,N,total_data
0.0004281014154932828,0.00010675047552379798,1.0,64.0
