O^z,error,N,total_data
0.002717409105224374,0.0010453069914721912,1.0,16.0
