O^z,error,N,total_data
-2.5594309068624917e-05,1.5309589577596645e-05,1.0,128.0
