O^z,error,N,total_data
-0.11082605424867005,0.00045959830545158414,5000.0,80000.0
