O^z,error,N,total_data
-0.06634978227312309,0.00037753886129020226,3000.0,72000.0
