O^z,error,N,total_data
-0.11218217831518933,0.0005920739749063466,3000.0,48000.0
