O^z,error,N,total_data
-0.22895488980198453,0.002039408636254717,8000.0,8000.0
