O^z,error,N,total_data
-0.04323274909066491,0.00014692562613019073,10000.0,320000.0
