O^z,error,N,total_data
-0.04362523515980491,0.00026824129235757924,3000.0,96000.0
