O^z,error,N,total_data
-0.04306123528989489,0.0001638271132705488,8000.0,256000.0
