O^z,error,N,total_data
-0.06558531414288468,0.00020656224511433766,10000.0,240000.0
