O^z,error,N,total_data
-0.22904571433786913,0.001821802293368975,10000.0,10000.0
