O^z,error,N,total_data
-0.042792432073628095,0.00020699406708774048,5000.0,160000.0
