O^z,error,N,total_data
-0.23688810401361582,0.003347155249111294,3000.0,3000.0
