O^z,error,N,total_data
-0.11018521433338734,0.00032557565778912215,10000.0,160000.0
