O^z,error,N,total_data
-0.06548033830207681,0.00029263095619161915,5000.0,120000.0
