O^z,error,N,total_data
-0.11007597440193626,0.00036405013081979265,8000.0,128000.0
