O^z,error,N,total_data
-0.0650316305979403,0.0002304514384131797,8000.0,192000.0
