O^z,error,N,total_data
-0.23219130386709086,0.002558518213575597,5000.0,5000.0
