ZL,error,N
-0.005715132403333409,0.002667302274315537,1000.0
