ZL,error,N
-0.003938437598787915,0.0031079881652713148,1000.0
