ZL,error,N
0.010290282693453416,0.0036953270347291176,1000.0
