ZL,error,N
0.018332743797003427,0.003836458166708399,1000.0
