O^z,error,N,total_data
-0.06667474902346962,0.0003422362956035335,1000.0,48000.0
