O^z,error,N,total_data
-0.07182282889071277,0.00037031336949907407,1000.0,44000.0
