O^z,error,N,total_data
-0.08990994935900128,0.0004406687919613427,1000.0,36000.0
