O^z,error,N,total_data
-0.07961931704751359,0.0004022450733967978,1000.0,40000.0
