O^z,error,N,total_data
0.0016547438036080228,0.00010368734647461033,996.0,31872.0
