O^z,error,N,total_data
0.010976976036222797,0.00033184285841822447,999.0,15984.0
