O^z,error,N,total_data
0.035498138031846434,0.0023660060903680433,999.0,999.0
