O^z,error,N,total_data
0.004106128494705989,0.00016286245854379424,998.0,23952.0
