ZL,error,N
0.02507028282843195,0.003388176278441923,1000.0
