ZL,error,N
0.15696929271511573,0.004003148833240766,1000.0
