ZL,error,N
0.218598234074998,0.004051940217362007,1000.0
