ZL,error,N
0.26925179847587105,0.0038807087584937254,1000.0
