ZL,error,N
-0.09325959844548083,0.001342256936163602,1000.0
