ZL,error,N
-0.04453870044136388,0.0025391342070250193,1000.0
