ZL,error,N
0.09494293738781111,0.0037465211241183784,1000.0
