O^z,error,N,total_data
-0.4059625947943947,0.0004506237045245374,1000.0,12000.0
