O^z,error,N,total_data
-0.3765669558631622,0.00038840162359555103,1000.0,16000.0
