O^z,error,N,total_data
-0.4653192774563118,0.0015458359004807004,1000.0,1000.0
