O^z,error,N,total_data
-0.36148247699911923,0.00035931238930207206,1000.0,20000.0
