O^z,error,N,total_data
-0.3412482180219633,0.0004151483140898023,1000.0,28000.0
