O^z,error,N,total_data
-0.3369041165997686,0.0003735261371717703,1000.0,32000.0
