O^z,error,N,total_data
-0.34996857312231305,0.0003560856178713428,1000.0,24000.0
