ZL,error,N
0.12872995462313222,0.00297468979325198,1000.0
