ZL,error,N
0.009710010222368216,0.004783039868072076,1000.0
