ZL,error,N
-0.019926981513038677,0.005132622558000272,1000.0
