ZL,error,N
0.03317715838541374,0.004565613241237697,1000.0
