ZL,error,N
0.06250340055294504,0.004234461811869345,1000.0
