ZL,error,N
-0.04134436484003501,0.005440241649617621,1000.0
