ZL,error,N
0.09315005547179085,0.003675068327392277,1000.0
