O^z,error,N,total_data
0.04955829960448335,0.0002340282293902789,869.0,111188.0
