ZL,error,N
0.294810765704083,0.0023130940451233273,1000.0
