ZL,error,N
0.3248516642874295,0.0028865167702644993,1000.0
