ZL,error,N
0.2694574995963701,0.0018236721533613747,1000.0
