ZL,error,N
0.3135174636742002,0.0028038756696731767,1000.0
