ZL,error,N
-0.13831016455993075,0.007557214729927489,1000.0
