ZL,error,N
0.008611843874821579,0.008267139040098914,1000.0
