ZL,error,N
-0.06907458229813915,0.008201154008541099,1000.0
