ZL,error,N
-0.02848360884835028,0.008448466954624357,1000.0
