ZL,error,N
0.011858379673359619,0.001812368269539691,5000.0
