ZL,error,N
0.03557493185608632,0.0014677046652142784,10000.0
