ZL,error,N
-0.016642843487076706,0.0008721020126535836,10000.0
