ZL,error,N
0.01181891426953283,0.0014290821701002274,8000.0
