ZL,error,N
-0.016671633360012966,0.0008719681865492861,10000.0
