ZL,error,N
0.035302203787259935,0.0016403737076169528,8000.0
