ZL,error,N
-0.018771301176689965,0.000954045107762931,10000.0
