ZL,error,N
0.011943657928962466,0.0012772497954014847,10000.0
