ZL,error,N
-0.01122414166868437,0.0019787177567494826,3000.0
