ZL,error,N
-0.016438386914101336,0.0009732115356394682,8000.0
