ZL,error,N
-0.010452489387411461,0.0015312400122106482,5000.0
