ZL,error,N
0.036093620451165764,0.002090084234577127,5000.0
