ZL,error,N
-0.015395859564315188,0.0012360030494743704,5000.0
