ZL,error,N
-0.017309967679024603,0.0015872592954576732,3000.0
