ZL,error,N
0.03554877762538932,0.0027109533294271677,3000.0
