ZL,error,N
-0.009461457871539456,0.0010778883411408048,10000.0
