ZL,error,N
0.012085765781096745,0.0023164191520927487,3000.0
