ZL,error,N
-0.00874254616957151,0.0011990243839524407,8000.0
