O^z,error,N,total_data
-0.2794818802021488,0.0005600935752586294,1000.0,16000.0
