O^z,error,N,total_data
-0.24901584639912758,0.0005192246151029078,1000.0,20000.0
