O^z,error,N,total_data
-0.39311075330066414,0.0018478335136039197,1000.0,1000.0
