O^z,error,N,total_data
-0.23142639942426468,0.00048412140207563847,1000.0,24000.0
