O^z,error,N,total_data
-0.20110496743047718,0.000444337435591334,1000.0,32000.0
