O^z,error,N,total_data
-0.2113158063801841,0.0004842685006432471,1000.0,28000.0
