O^z,error,N,total_data
-0.3208296659418372,0.0006158342558336195,1000.0,12000.0
