ZL,error,N
0.07588212792051836,0.0030433638214326835,1000.0
