ZL,error,N
0.3906466602974781,0.0032415632063730617,1000.0
