ZL,error,N
0.4357437852542297,0.003123200037424732,1000.0
