ZL,error,N
-0.021168784828598255,0.0019953367456929244,1000.0
