ZL,error,N
0.25726197633305764,0.003529785944900003,1000.0
