ZL,error,N
0.32640316979866624,0.00338548495821247,1000.0
