ZL,error,N
0.17447183587233217,0.0034656160010278526,1000.0
