O^z,error,N,total_data
-0.3918208283982556,0.003576018338854097,1000.0,1000.0
