O^z,error,N,total_data
-0.22180535693580855,0.0006102388083035173,1000.0,20000.0
