O^z,error,N,total_data
-0.2536764658384707,0.0007404733090031663,1000.0,16000.0
