O^z,error,N,total_data
-0.17893534482214565,0.0004494849781322238,1000.0,28000.0
