O^z,error,N,total_data
-0.3063004012218839,0.0009017844673897297,1000.0,12000.0
