O^z,error,N,total_data
-0.16416953724031158,0.00041126509838491346,1000.0,32000.0
