O^z,error,N,total_data
-0.1975199769820786,0.0005180442441979535,1000.0,24000.0
