ZL,error,N
0.030302026348041827,0.0028324289103396796,1000.0
