ZL,error,N
0.008614462812858423,0.0025319823642504483,1000.0
