ZL,error,N
0.004212631298455767,0.002426966323005501,1000.0
