ZL,error,N
0.001763114095868951,0.002443892681943042,1000.0
