ZL,error,N
-0.10494322434899803,0.003957398921142179,1000.0
