ZL,error,N
-0.08789563752171085,0.004673627684450498,1000.0
