ZL,error,N
-0.11857122625310575,0.003525796950103615,1000.0
