ZL,error,N
-0.10900880220163256,0.002457340779256795,1000.0
