ZL,error,N
-0.07139289653692005,0.0024976642394839137,1000.0
