ZL,error,N
-0.11877519151492029,0.0029011087671848095,1000.0
