ZL,error,N
-0.06491388272057524,0.005058502056729274,1000.0
