O^z,error,N,total_data
-0.16634647585589757,0.0005148849320120026,1000.0,32000.0
