O^z,error,N,total_data
-0.22123312538041154,0.0006773446709586936,1000.0,20000.0
