O^z,error,N,total_data
-0.1796519991690577,0.0005572375369538145,1000.0,28000.0
