O^z,error,N,total_data
-0.292341926346299,0.000897462375197723,1000.0,12000.0
