ZL,error,N
-0.07762307826827511,0.004048499037041613,1000.0
