ZL,error,N
-0.010785235058788601,0.0037929044468037994,1000.0
