ZL,error,N
-0.04791197371987039,0.004027004021396954,1000.0
