ZL,error,N
-0.12260378905308965,0.004044423104660176,1000.0
