ZL,error,N
-0.10080802115926184,0.00406257206423922,1000.0
