ZL,error,N
-0.138384492678041,0.004200196932368283,1000.0
