ZL,error,N
0.0358974935506017,0.003428103007487572,1000.0
