ZL,error,N
-0.007822082482021703,0.008260847103209675,1000.0
