ZL,error,N
0.1439614643585538,0.009511334031624475,1000.0
