ZL,error,N
0.1826443052472326,0.009981287197184845,1000.0
