ZL,error,N
0.08657511989138666,0.009365188112788816,1000.0
