O^z,error,N,total_data
-0.32834850905876334,0.006128339482888866,1.0,20.0
