O^z,error,N,total_data
-0.3160099304858457,0.005098403343067755,1.0,24.0
