O^z,error,N,total_data
-0.30120102299887136,0.0047869560555251905,1.0,32.0
