O^z,error,N,total_data
-0.1811103322496682,0.002611493970417002,1.0,80.0
