O^z,error,N,total_data
-0.3817652096724467,0.009593405628007983,1.0,12.0
