O^z,error,N,total_data
-0.34827918973553135,0.007691040543141914,1.0,16.0
