O^z,error,N,total_data
-0.276782932191498,0.0035501874330428943,1.0,48.0
