O^z,error,N,total_data
-0.22779632567385566,0.0017664438400608695,1.0,64.0
