O^z,error,N,total_data
-0.30780223504546933,0.004697511157277198,1.0,28.0
