ZL,error,N
-0.12144523767720271,0.0022694695946165965,1000.0
