ZL,error,N
-0.1308605858668372,0.002820551124276417,1000.0
