ZL,error,N
-0.07209032367768854,0.005129406945301583,1000.0
