ZL,error,N
-0.1291771189084216,0.0034555031579145508,1000.0
