ZL,error,N
-0.082908039593534,0.002206476601958428,1000.0
