ZL,error,N
-0.11069716946180903,0.004044321700207193,1000.0
