ZL,error,N
-0.09019569917855301,0.004644470497281897,1000.0
