O^z,error,N,total_data
-0.30116833965987017,0.0004783590701516704,1000.0,20000.0
