O^z,error,N,total_data
-0.2797035502368975,0.00043382638460448574,1000.0,24000.0
