O^z,error,N,total_data
-0.37398560732843494,0.0006140620740222977,1000.0,12000.0
