O^z,error,N,total_data
-0.2521542465437034,0.0004106420510107965,1000.0,32000.0
