O^z,error,N,total_data
-0.26432550569518576,0.0004269272144262664,1000.0,28000.0
