O^z,error,N,total_data
-0.33056798484462274,0.0005195750465604196,1000.0,16000.0
