O^z,error,N,total_data
-0.46213733813500346,0.0019445615919799278,1000.0,1000.0
