ZL,error,N
0.09553121011779234,0.005448596127873095,1000.0
