ZL,error,N
-0.09223589948555538,0.0017954262786635342,1000.0
