ZL,error,N
-0.0939847651521455,0.002606415060251753,1000.0
