ZL,error,N
0.052442191639820564,0.005245950733641656,1000.0
