ZL,error,N
-0.06686777977936395,0.0036455178059098202,1000.0
