ZL,error,N
0.007999811837802354,0.0047655702501192805,1000.0
