ZL,error,N
-0.02901516918039391,0.0043235301446533465,1000.0
