ZL,error,N
0.11175150780540856,0.003094863202798164,1000.0
