ZL,error,N
0.0897397134649474,0.0033445650684530088,1000.0
