ZL,error,N
0.10117921172852647,0.003249537114201122,1000.0
