ZL,error,N
0.09312526488039105,0.0032994143669100007,1000.0
