ZL,error,N
0.18186218092999537,0.005285247013480867,1000.0
