ZL,error,N
0.20697364459233278,0.0034570219539832264,1000.0
