ZL,error,N
0.20202618733301356,0.004251332041113717,1000.0
