ZL,error,N
0.20179253752214388,0.003924205672352423,1000.0
