ZL,error,N
0.21485359991524045,0.002042647461671737,1000.0
