ZL,error,N
0.2152175656213335,0.0028401957340205473,1000.0
