ZL,error,N
0.19062164381503796,0.004830863550629349,1000.0
