O^z,error,N,total_data
-0.1380047080726021,0.0007184797978985192,1000.0,20000.0
