O^z,error,N,total_data
-0.1137142733216911,0.0006147758193372227,1000.0,24000.0
