O^z,error,N,total_data
-0.3051741992853184,0.0041184168118535225,1000.0,1000.0
