O^z,error,N,total_data
-0.21921303454656393,0.0010938608241805089,1000.0,12000.0
