O^z,error,N,total_data
-0.170069567417098,0.0008700829425206427,1000.0,16000.0
