O^z,error,N,total_data
-0.09600440340854613,0.000527289516067046,1000.0,28000.0
