O^z,error,N,total_data
-0.08174260581966344,0.0004693911094263316,1000.0,32000.0
