O^z,error,N,total_data
-0.41057206658463846,0.011676605053236913,1.0,12.0
