O^z,error,N,total_data
-0.3537245947216256,0.008045772665192836,1.0,20.0
