O^z,error,N,total_data
-0.3236826093494582,0.005337017513144181,1.0,28.0
