O^z,error,N,total_data
-0.3751658072711398,0.00983785704625747,1.0,16.0
