O^z,error,N,total_data
-0.31143782046410773,0.004424590420075557,1.0,32.0
