O^z,error,N,total_data
-0.3380542457696791,0.006485846075899674,1.0,24.0
