O^z,error,N,total_data
0.02371376167870988,0.0002079000898270363,1000.0,64000.0
