O^z,error,N,total_data
0.008268091425761348,8.802195068625081e-05,1000.0,128000.0
