O^z,error,N,total_data
-0.22484033344494728,0.0018688517715092121,1000.0,1000.0
