O^z,error,N,total_data
-0.06746931854273712,0.0003554668653054038,1000.0,16000.0
