O^z,error,N,total_data
-0.0142699095591759,0.00013123387044053957,1000.0,28000.0
