O^z,error,N,total_data
-0.008887065554523722,0.00010615332532917953,1000.0,32000.0
