O^z,error,N,total_data
-0.11969578006706623,0.00047545415229505026,1000.0,12000.0
