O^z,error,N,total_data
-0.03830864676278846,0.0002548287892249743,1000.0,20000.0
