O^z,error,N,total_data
-0.022186068700205067,0.00017449441931597853,1000.0,24000.0
