ZL,error,N
0.019480049778606935,0.0014216849126454628,3000.0
