ZL,error,N
0.009765188898873248,0.0013107163486705635,3000.0
