ZL,error,N
0.014372214677339365,0.0013924971819239973,3000.0
