ZL,error,N
0.02145164235853458,0.001487229549823745,3000.0
