ZL,error,N
0.011282299278517113,0.0013317953068895153,3000.0
