ZL,error,N
0.031154616990498245,0.0015737394641300347,3000.0
