ZL,error,N
0.04457982496724767,0.0016236113026715285,3000.0
