ZL,error,N
-0.12891955052983753,0.004369042569764857,1000.0
