ZL,error,N
-0.10462381009591262,0.004937615073993478,1000.0
