ZL,error,N
-0.16601481912887225,0.0030226688409254053,1000.0
