ZL,error,N
-0.1580909950397777,0.0015711541975943167,1000.0
