O^z,error,N,total_data
-0.02576174669195211,0.00036273417690731825,500.0,24000.0
