O^z,error,N,total_data
-0.017083991223066364,0.0002482552597257283,500.0,32000.0
