O^z,error,N,total_data
-0.010287069622959246,0.00012689259360698643,1000.0,80000.0
