ZL,error,N
0.03104439880632397,0.0015790640422411958,3000.0
