ZL,error,N
0.005521351514285384,0.0010043677353476592,4997.0
