ZL,error,N
0.030888796795537257,0.0008609833040249228,10000.0
