ZL,error,N
0.008557916231702541,0.001347532910224759,3000.0
