ZL,error,N
0.0076919977010019135,0.0008135351471720425,7999.0
