ZL,error,N
0.005130625836374727,0.0007092899279711866,9996.0
