ZL,error,N
0.005485774274162885,0.0007934050804276075,7997.0
