ZL,error,N
0.007237362029577603,0.0007268548906462466,9999.0
