ZL,error,N
0.014964950190924592,0.0008579090816310888,8000.0
