ZL,error,N
0.015709409591635675,0.001398209110097117,3000.0
