ZL,error,N
0.006386008032489766,0.001305516294673183,2999.0
