ZL,error,N
0.015240416281582103,0.0010879498646758734,5000.0
