ZL,error,N
0.031537137921525966,0.0012249723571633936,5000.0
