ZL,error,N
0.008083552246991258,0.0010394603945056181,5000.0
