ZL,error,N
0.030979517729257496,0.0009608143899050912,8000.0
