ZL,error,N
0.01471725641221363,0.000768245679673751,10000.0
