O^z,error,N,total_data
-0.02102230203049769,0.00023214045472163774,1000.0,12000.0
