O^z,error,N,total_data
-0.06889750299380638,0.0011447499944667444,1000.0,1000.0
