O^z,error,N,total_data
-0.0010096418186673775,3.9792179281638866e-05,1000.0,24000.0
