O^z,error,N,total_data
-0.0025782261370157094,7.666754468937117e-05,1000.0,20000.0
