O^z,error,N,total_data
-0.0002761525141885237,1.7532065442893625e-05,1000.0,32000.0
