O^z,error,N,total_data
-0.006714478994586591,0.00012356096633241173,1000.0,16000.0
