O^z,error,N,total_data
-0.0006203594719695095,3.075736106797447e-05,1000.0,28000.0
