O^z,error,N,total_data
-0.00010248771105987614,6.959668696956965e-06,1000.0,32000.0
