O^z,error,N,total_data
-0.0015343248597856313,4.3571739506742836e-05,1000.0,20000.0
