O^z,error,N,total_data
-0.05514487810889109,0.0011329436485153018,1000.0,1000.0
