O^z,error,N,total_data
-0.01592292039505448,0.00020400049281105658,1000.0,12000.0
