O^z,error,N,total_data
-0.0006473506465384556,2.1798895551335147e-05,1000.0,24000.0
