O^z,error,N,total_data
-0.004911502412558006,9.03900640424718e-05,1000.0,16000.0
