O^z,error,N,total_data
-0.0002444657743958109,1.1459620245654457e-05,1000.0,28000.0
