O^z,error,N,total_data
0.018964997885740364,0.0003063061752089656,1000.0,24000.0
