O^z,error,N,total_data
0.0856014966367155,0.0031391380446365727,1000.0,1000.0
