O^z,error,N,total_data
0.036454034607595165,0.000520892976013275,1000.0,16000.0
