O^z,error,N,total_data
0.010782569709064934,0.000196428503012112,1000.0,32000.0
