O^z,error,N,total_data
-0.14766292750988105,0.0005668845180256333,1000.0,28000.0
