O^z,error,N,total_data
-0.2198640340099109,0.0008502499762847351,1000.0,16000.0
