O^z,error,N,total_data
-0.3514894533730836,0.003769626012596958,1000.0,1000.0
