O^z,error,N,total_data
-0.26564377684341955,0.0010371990848803345,1000.0,12000.0
