O^z,error,N,total_data
-0.18867375518225066,0.0007369825533063183,1000.0,20000.0
