O^z,error,N,total_data
-0.16506828651266756,0.000643431824961762,1000.0,24000.0
