O^z,error,N,total_data
-0.13461824956188762,0.0005203012833350355,1000.0,32000.0
