O^z,error,N,total_data
-0.2220986120584889,0.0001401967273926304,10000.0,240000.0
