O^z,error,N,total_data
-0.31741216533030564,0.0001793203279623822,10000.0,120000.0
