O^z,error,N,total_data
-0.20571304120815578,0.00013284154602599064,10000.0,280000.0
