O^z,error,N,total_data
-0.2426789869891391,0.0001545815626925559,10000.0,200000.0
