O^z,error,N,total_data
-0.2725030078130324,0.00017125576903522747,10000.0,160000.0
