O^z,error,N,total_data
-0.1912781210315658,0.0001298631617912767,10000.0,320000.0
