O^z,error,N,total_data
-0.39449529787847964,0.0004772279519623015,10000.0,10000.0
