O^z,error,N,total_data
0.016827276086610013,0.0001789195790556532,1000.0,64000.0
