O^z,error,N,total_data
0.005476728816053814,7.098192192131745e-05,1000.0,128000.0
