ZL,error,N
0.004334797886359555,0.00415657539527581,500.0
