ZL,error,N
0.003402533495539077,0.004482393529418134,500.0
