O^z,error,N,total_data
0.2015076217339829,0.006887771754426105,1.0,16.0
