O^z,error,N,total_data
0.1872727532677154,0.005755523226829198,1.0,64.0
