O^z,error,N,total_data
0.17912717425113076,0.00430242079986014,1.0,128.0
