O^z,error,N,total_data
0.18735380709415564,0.005855909049104844,1.0,32.0
