ZL,error,N
-0.13024062340927467,0.0020240481579145305,1000.0
