ZL,error,N
-0.1080568297163847,0.003735654518955872,1000.0
