ZL,error,N
-0.013796185868527645,0.005279032450481964,1000.0
