ZL,error,N
-0.04874381423437283,0.004914826569471502,1000.0
