O^z,error,N,total_data
-0.1279081721097001,0.0010581301312067054,1000.0,12000.0
