ZL,error,N
0.009250994826727987,0.0011428914982746468,5000.0
