ZL,error,N
0.013285423392678792,0.0009484096777591692,8000.0
