ZL,error,N
0.024637432108041916,0.0008933832274791845,10000.0
