ZL,error,N
0.013892172901816659,0.0015502003753083153,3000.0
