ZL,error,N
0.014139055033826722,0.001204086093851493,5000.0
