ZL,error,N
0.04739590601811427,0.0010686043340051867,8000.0
