ZL,error,N
0.008221763261930689,0.0009068527745828824,8000.0
