ZL,error,N
0.024682750548186996,0.0010006796694601015,8000.0
