ZL,error,N
0.0483453797213134,0.0013547540483116315,5000.0
