ZL,error,N
0.008450666038581668,0.0008123828811012831,10000.0
