ZL,error,N
0.04632429911945868,0.001752545920148657,3000.0
