ZL,error,N
0.02509446566191183,0.0012705750936030896,5000.0
