ZL,error,N
0.013223869599112214,0.0008487066107785667,10000.0
