ZL,error,N
0.024921560085627143,0.0016358581198470355,3000.0
