ZL,error,N
0.04722622874115989,0.0009567325631943562,10000.0
