ZL,error,N
0.011213976721871665,0.0014926031125989442,3000.0
