O^z,error,N,total_data
-0.11399697391088559,0.0010183388797651164,1000.0,12000.0
