O^z,error,N,total_data
-0.034063109777761606,0.00015172757123999375,8000.0,256000.0
