O^z,error,N,total_data
-0.04368260339281534,0.00016162185578888513,10000.0,280000.0
