O^z,error,N,total_data
-0.20967685517470655,0.0018202380307379307,10000.0,10000.0
