O^z,error,N,total_data
-0.055510449276019384,0.00019433565796399838,10000.0,240000.0
