O^z,error,N,total_data
-0.054992884483445914,0.00021728252349960723,8000.0,192000.0
