O^z,error,N,total_data
-0.05513950364759276,0.0002738964877713516,5000.0,120000.0
