O^z,error,N,total_data
-0.2094902741979806,0.0020369563089763973,8000.0,8000.0
