O^z,error,N,total_data
-0.03453268517710795,0.00024869115088666795,3000.0,96000.0
