O^z,error,N,total_data
-0.05551780453501223,0.000194203152835107,10000.0,240000.0
