O^z,error,N,total_data
-0.09658113363197979,0.0003159384195918691,10000.0,160000.0
