O^z,error,N,total_data
-0.03403390872052603,0.00019232259462806478,5000.0,160000.0
