O^z,error,N,total_data
-0.09660395288914309,0.0004468866620983328,5000.0,80000.0
