O^z,error,N,total_data
-0.03458101109251397,0.00013544153397678413,10000.0,320000.0
