O^z,error,N,total_data
-0.09598105353687042,0.0005763105122456498,3000.0,48000.0
