O^z,error,N,total_data
-0.21194465726711387,0.0025750856832370867,5000.0,5000.0
