O^z,error,N,total_data
-0.09602575992539125,0.0003536269778935276,8000.0,128000.0
