O^z,error,N,total_data
-0.03457765215773653,0.00013576606056001807,10000.0,320000.0
