O^z,error,N,total_data
-0.07778161110606199,0.0009986567894067497,1000.0,16000.0
