O^z,error,N,total_data
-0.18059611884660715,0.005795069735967735,1000.0,1000.0
