O^z,error,N,total_data
-0.02476756897208164,0.0004113015140219944,1000.0,32000.0
