O^z,error,N,total_data
-0.04039938630212689,0.00058820836782571,1000.0,24000.0
