O^z,error,N,total_data
-0.027472039257749693,0.0002852871857156197,1000.0,28000.0
