O^z,error,N,total_data
-0.05610661448221298,0.0005036968387704337,1000.0,20000.0
