O^z,error,N,total_data
-0.036878463611830004,0.0003580190972126721,1000.0,24000.0
