O^z,error,N,total_data
-0.2124021371440854,0.003927744832470015,1000.0,1000.0
