O^z,error,N,total_data
-0.1285127549616469,0.0009658502797633503,1000.0,12000.0
