O^z,error,N,total_data
-0.08358049838107795,0.0006812071322968326,1000.0,16000.0
