O^z,error,N,total_data
-0.019944813678260724,0.00023202012082796018,1000.0,32000.0
