ZL,error,N
-0.07733333248662098,0.00503163286092561,1000.0
