ZL,error,N
-0.07569724782338101,0.0024152968864326967,1000.0
