ZL,error,N
-0.0998988977119399,0.004541465774337053,1000.0
