ZL,error,N
-0.12586495949252946,0.0028863406478009707,1000.0
