ZL,error,N
-0.11517409198590113,0.0039087408863337034,1000.0
