ZL,error,N
-0.11306689477759824,0.002447495963911722,1000.0
