ZL,error,N
-0.12441805121166613,0.0033943146511432407,1000.0
