ZL,error,N
0.001639771940432049,0.0012903595421382317,5000.0
