ZL,error,N
0.01409524439905775,0.0012427404691348896,7994.0
