ZL,error,N
0.0024173577262777083,0.0015738984042885566,3000.0
