ZL,error,N
0.0011182336298458855,0.0016639434035729016,3000.0
