ZL,error,N
0.0006084837526094242,0.0010121545045075273,7999.0
