ZL,error,N
0.004591346585200646,0.0014116074388310714,4998.0
