ZL,error,N
0.01421444682095333,0.0015691671905361498,4997.0
