ZL,error,N
0.002418115447919327,0.0008527281768308978,10000.0
