ZL,error,N
0.0047270714810131636,0.0018212082615058991,2999.0
