ZL,error,N
0.014426137070904168,0.002042367798516293,2997.0
