ZL,error,N
0.014214890077106666,0.0011082917021560347,9993.0
