ZL,error,N
0.0005039966281143653,0.0009060832197498481,9999.0
