ZL,error,N
0.0027365820371344175,0.0009563996341034972,8000.0
