ZL,error,N
0.004188650056477383,0.0009944480055599145,9996.0
