ZL,error,N
0.0030168684188072443,0.0012074892189643525,5000.0
