ZL,error,N
0.004341371245493893,0.0011172242529186923,7997.0
