ZL,error,N
0.08360880792703675,0.008499138195526796,1000.0
