ZL,error,N
0.032057871191482054,0.00868418236742686,1000.0
