ZL,error,N
-0.29763967477714487,0.002646529023333667,1000.0
