ZL,error,N
-0.07882174307030433,0.0020543671739507636,1000.0
