ZL,error,N
-0.2136030781883381,0.0023571576104894423,1000.0
