ZL,error,N
-0.2624301882725338,0.0024146190161242653,1000.0
