ZL,error,N
-0.15475742713037666,0.0021997964617845164,1000.0
