ZL,error,N
-0.35771986069584366,0.003004700539078932,1000.0
