ZL,error,N
-0.32770705999515976,0.003029552773427876,1000.0
