O^z,error,N,total_data
-0.2868651778216496,0.0010190131735009612,1000.0,12000.0
