O^z,error,N,total_data
-0.36676894415896727,0.003964131083644344,1000.0,1000.0
