O^z,error,N,total_data
-0.23685427692231695,0.0008231581762817382,1000.0,16000.0
