O^z,error,N,total_data
-0.2041118447144214,0.0006859110925453174,1000.0,20000.0
