O^z,error,N,total_data
-0.14848244374093367,0.0004536583585311255,1000.0,32000.0
