O^z,error,N,total_data
-0.16394723288413757,0.000507441637115194,1000.0,28000.0
