O^z,error,N,total_data
-0.18081322628726107,0.0005780107856364001,1000.0,24000.0
