ZL,error,N
0.00670449429333175,0.004735983721108145,1000.0
