ZL,error,N
-0.09466110143643436,0.0017267250247170987,1000.0
