ZL,error,N
0.0928679643128703,0.005465950723775275,1000.0
