ZL,error,N
-0.06976981125748768,0.0035427230511850087,1000.0
