ZL,error,N
-0.098358662548631,0.0025474528434052592,1000.0
