ZL,error,N
0.052301965045095274,0.005154856315751144,1000.0
