ZL,error,N
-0.033178653918514885,0.004300050213545867,1000.0
