ZL,error,N
0.27223997183517573,0.0012611525807836766,1000.0
