ZL,error,N
0.3453479612343302,0.0019157345481203942,1000.0
