ZL,error,N
0.3724109929504807,0.0020609367476559764,1000.0
