ZL,error,N
0.3770964058998755,0.002118393696775054,1000.0
