ZL,error,N
0.3003079640129511,0.001759559911754452,1000.0
