ZL,error,N
0.3258872335585732,0.001632363009618806,1000.0
