ZL,error,N
0.3591680464241018,0.0020089439648295327,1000.0
