O^z,error,N,total_data
-0.22425207994191562,0.00048311807049614786,1000.0,28000.0
