O^z,error,N,total_data
-0.409343489028843,0.0029717971488459186,1000.0,1000.0
