O^z,error,N,total_data
-0.28475806174544205,0.0006819477587770101,1000.0,16000.0
