O^z,error,N,total_data
-0.23678916411890827,0.0005365115566782088,1000.0,24000.0
