O^z,error,N,total_data
-0.2138733352950316,0.00044975556214129204,1000.0,32000.0
