O^z,error,N,total_data
-0.32874315513297453,0.0008169435237171166,1000.0,12000.0
