O^z,error,N,total_data
-0.25848515274071715,0.0005977412325335054,1000.0,20000.0
