O^z,error,N,total_data
-0.23707257631835593,0.002421354551672157,1000.0,1000.0
