O^z,error,N,total_data
-0.016238961676875916,0.0001537697590436503,1000.0,32000.0
