O^z,error,N,total_data
-0.05560965503555211,0.00035904375681927606,1000.0,20000.0
