O^z,error,N,total_data
-0.03592367348887392,0.0002664114786179017,1000.0,24000.0
