O^z,error,N,total_data
-0.02409364144352205,0.0002089624358072146,1000.0,28000.0
