O^z,error,N,total_data
-0.1408651414280142,0.0006510969268431861,1000.0,12000.0
