O^z,error,N,total_data
-0.08865443204359094,0.0004981791130281885,1000.0,16000.0
