ZL,error,N
0.034441290858432894,0.005595841336511182,1000.0
