ZL,error,N
-0.052094751103391165,0.0041628386289370165,1000.0
