ZL,error,N
-0.0945243251823869,0.002616585997601764,1000.0
