ZL,error,N
-0.030441018027399545,0.004604219048877955,1000.0
