ZL,error,N
-0.07910885500611606,0.002180695126464103,1000.0
