ZL,error,N
-0.07895552724614131,0.0033953346254964587,1000.0
