ZL,error,N
0.004841294921169177,0.005211229563167577,1000.0
