ZL,error,N
0.00901662339319914,0.0011556748451685616,7993.0
