ZL,error,N
0.010408131500605844,0.001896614378060876,2998.0
