ZL,error,N
0.0015108017292956072,0.0016977663398886247,3000.0
