ZL,error,N
0.006535026503844278,0.001567153226398254,3000.0
