ZL,error,N
0.00886150886956747,0.0014769195730650823,4996.0
