ZL,error,N
0.00655285034764001,0.000856724322897916,10000.0
