ZL,error,N
0.0026632527299235414,0.0013075352238003724,4999.0
