ZL,error,N
0.0014366484889485104,0.0012558680825271523,5000.0
