ZL,error,N
0.002474953588263853,0.0010405699361126157,7997.0
