ZL,error,N
0.0014269203366429,0.0008777653116286451,10000.0
