ZL,error,N
0.007555004690694838,0.0012086162082588618,5000.0
