ZL,error,N
0.002718205492315666,0.0009282921985993046,9997.0
