ZL,error,N
0.0015733432768270774,0.000981243082520945,8000.0
