ZL,error,N
-0.0003656984028607509,0.001629932199846723,3000.0
