ZL,error,N
0.008587565218854457,0.0010294892782388176,9992.0
