ZL,error,N
0.006922607067893058,0.0009609663791505951,8000.0
