O^z,error,N,total_data
-0.0132785714791827,0.00018675323507726067,1000.0,32000.0
