O^z,error,N,total_data
-0.10843039237085361,0.0009171188933119823,1000.0,12000.0
