O^z,error,N,total_data
-0.019073021199368215,0.00024153424488888896,1000.0,28000.0
