O^z,error,N,total_data
-0.04367744497878375,0.00045927768129291956,1000.0,20000.0
