O^z,error,N,total_data
-0.18848348940497903,0.003914042307235629,1000.0,1000.0
