O^z,error,N,total_data
-0.06607789096580233,0.0006195417732110908,1000.0,16000.0
