O^z,error,N,total_data
-0.028227217095968968,0.0003309603006463863,1000.0,24000.0
