ZL,error,N
0.019191443310960246,0.006866152558377103,500.0
