ZL,error,N
0.0317689353594838,0.006730135090797484,500.0
