ZL,error,N
-0.008456313430047345,0.002665944940928196,1000.0
