ZL,error,N
0.013393170370587088,0.0036487507099916467,1000.0
