ZL,error,N
0.030211152619861213,0.003935052227355,999.0
