ZL,error,N
-0.005435225049261128,0.003158617018527285,1000.0
