O^z,error,N,total_data
-0.27528738292425337,0.0006806316710663118,1000.0,16000.0
