O^z,error,N,total_data
-0.20259449423134832,0.0004578872900705533,1000.0,28000.0
