O^z,error,N,total_data
-0.19215080789393993,0.0004071012181914405,1000.0,32000.0
