O^z,error,N,total_data
-0.4126507077195787,0.003162321584431521,1000.0,1000.0
