O^z,error,N,total_data
-0.22063329883162308,0.000494924647221433,1000.0,24000.0
