O^z,error,N,total_data
-0.2427207013984257,0.0005804647703893583,1000.0,20000.0
