O^z,error,N,total_data
-0.3226122126892392,0.0008436768521648758,1000.0,12000.0
