O^z,error,N,total_data
-0.21954335577396109,0.0009747198383374535,1000.0,12000.0
