O^z,error,N,total_data
-0.13308685794809888,0.0006669918998093976,1000.0,20000.0
