O^z,error,N,total_data
-0.07429259689949572,0.0004247805385488054,1000.0,32000.0
