O^z,error,N,total_data
-0.08867321737672638,0.00048002981252280683,1000.0,28000.0
