ZL,error,N
0.07230331515471718,0.0017829298034200598,1000.0
