ZL,error,N
-0.09307324791449667,0.0010076383503374252,1000.0
