ZL,error,N
0.016011049809539393,0.0005131811274330148,10000.0
