ZL,error,N
0.1696338254984949,0.0006917533255333774,10000.0
