ZL,error,N
-0.1151781366512221,0.00021384776771762583,10000.0
