ZL,error,N
-0.09334443147706926,0.0003168948371005862,10000.0
