ZL,error,N
0.0172462419733148,0.001573017990376631,1000.0
