ZL,error,N
0.07137000097364558,0.0005795181127959243,10000.0
