ZL,error,N
-0.04138543684071849,0.00044388188393569355,10000.0
