ZL,error,N
0.1690972274824875,0.0021965234321730336,1000.0
