ZL,error,N
0.12224518096729989,0.00064867563187615,10000.0
