ZL,error,N
-0.04193697094855996,0.0014709680770197393,1000.0
