ZL,error,N
0.12286901257705604,0.0019851434241382137,1000.0
