ZL,error,N
-0.11439586225961973,0.000663191249099617,1000.0
