O^z,error,N,total_data
-0.15993695964853424,0.0004275058616356669,1000.0,12000.0
