O^z,error,N,total_data
-0.05646720038415633,8.107648812576563e-05,10000.0,200000.0
