O^z,error,N,total_data
-0.034476821418158214,6.0398933134481746e-05,10000.0,240000.0
