O^z,error,N,total_data
-0.034492179411839324,0.0001894521987317351,1000.0,24000.0
