O^z,error,N,total_data
-0.09497857300779265,0.0003512025488027097,1000.0,16000.0
