O^z,error,N,total_data
-0.15931940560253646,0.00013373920657644824,10000.0,120000.0
