O^z,error,N,total_data
-0.09414248809812747,0.00010765984342071953,10000.0,160000.0
