O^z,error,N,total_data
-0.05588401239908621,0.0002540981164871424,1000.0,20000.0
