O^z,error,N,total_data
-0.021670324088545054,4.7304766466477824e-05,10000.0,280000.0
