O^z,error,N,total_data
-0.013724950097038238,3.802373404666237e-05,10000.0,320000.0
