O^z,error,N,total_data
-0.2709196678480151,0.0004301877273617738,10000.0,10000.0
