O^z,error,N,total_data
-0.014189083309330929,0.00011276861293231169,1000.0,32000.0
