O^z,error,N,total_data
-0.021791107081145844,0.00015459745894913932,1000.0,28000.0
