O^z,error,N,total_data
-0.2708805878648913,0.0013663102354513263,1000.0,1000.0
