O^z,error,N,total_data
0.008425241179742572,0.00021837483500442858,1000.0,24000.0
