O^z,error,N,total_data
0.018787525466685783,0.00039715671568124025,1000.0,16000.0
