O^z,error,N,total_data
0.0042216155996741295,0.0001354565018272682,1000.0,32000.0
