O^z,error,N,total_data
0.05578139126249377,0.00273059265122551,1000.0,1000.0
