O^z,error,N,total_data
-0.20824682323815843,0.0005277353062904338,1000.0,24000.0
