O^z,error,N,total_data
-0.31099978055380323,0.000900412781551545,1000.0,12000.0
