O^z,error,N,total_data
-0.22920059176982593,0.0006223203694674512,1000.0,20000.0
