O^z,error,N,total_data
-0.1911189663486908,0.00046652811266108013,1000.0,28000.0
