O^z,error,N,total_data
-0.39510634799340055,0.0033450217989363863,1000.0,1000.0
