O^z,error,N,total_data
-0.2611986115609943,0.0007255005262561546,1000.0,16000.0
