O^z,error,N,total_data
-0.1768675955874838,0.00042692453581199294,1000.0,32000.0
