O^z,error,N,total_data
-0.12906325691791162,0.0006203340321632004,1000.0,24000.0
