O^z,error,N,total_data
-0.09498679521234574,0.00048194184311733566,1000.0,32000.0
