O^z,error,N,total_data
-0.1538065480955064,0.000714693572843628,1000.0,20000.0
