O^z,error,N,total_data
-0.10910932265346607,0.0005380017128624758,1000.0,28000.0
