O^z,error,N,total_data
-0.32042267281396036,0.003801939647661494,1000.0,1000.0
