O^z,error,N,total_data
-0.18686609715222766,0.0008396857183467277,1000.0,16000.0
