O^z,error,N,total_data
-0.2363759786393982,0.0010309121277889655,1000.0,12000.0
