O^z,error,N,total_data
-0.2729695413728066,0.0039290970919815945,1000.0,1000.0
