O^z,error,N,total_data
-0.06422268684436229,0.00043586762886650937,1000.0,28000.0
