O^z,error,N,total_data
-0.1872428139689797,0.001025982774115856,1000.0,12000.0
