O^z,error,N,total_data
-0.052245832290524416,0.00037729738704702606,1000.0,32000.0
