O^z,error,N,total_data
-0.08110769215871792,0.0005298016550021355,1000.0,24000.0
