O^z,error,N,total_data
-0.13682142808551354,0.0007937419764983602,1000.0,16000.0
