O^z,error,N,total_data
-0.104667907811584,0.0006433317055058081,1000.0,20000.0
