ZL,error,N
-0.08806036063458975,0.0005550264480514644,10000.0
