ZL,error,N
-0.13626116540049954,0.001172568727885797,1000.0
