ZL,error,N
-0.12291882682517152,0.0009521487059478365,1000.0
