ZL,error,N
-0.009424550236318625,0.0025281032673390054,1000.0
