ZL,error,N
-0.12276893411643673,0.00030466212173616713,10000.0
