ZL,error,N
0.0337669628672183,0.002775992152133712,1000.0
