ZL,error,N
-0.009698114507343963,0.0007937094833574637,10000.0
