ZL,error,N
0.029344865910792082,0.0009347479171075765,10000.0
