ZL,error,N
-0.0874218847517806,0.0017540173217964294,1000.0
