ZL,error,N
-0.13825344344250048,0.00037422414515334907,10000.0
