ZL,error,N
-0.11750395030279867,0.00047448395511702414,10000.0
