ZL,error,N
-0.11733662508940443,0.0015321216585151363,1000.0
