ZL,error,N
-0.05156577586257813,0.0006690097576054994,10000.0
