ZL,error,N
-0.05153248237202113,0.002070706457932901,1000.0
