O^z,error,N,total_data
-0.07149821926351826,0.0009094687411562062,1000.0,16000.0
