O^z,error,N,total_data
-0.023079941412687707,0.0003693868849114583,1000.0,32000.0
