O^z,error,N,total_data
-0.03790133996372867,0.0005543951126873714,1000.0,24000.0
