O^z,error,N,total_data
-0.17416002455531893,0.005682301130997594,1000.0,1000.0
