O^z,error,N,total_data
-0.29314685024869996,0.00044154256167495075,1000.0,24000.0
