O^z,error,N,total_data
-0.30413764910617386,0.00047091392425459625,1000.0,20000.0
