O^z,error,N,total_data
-0.28091146445115384,0.0004294012500414235,1000.0,28000.0
