O^z,error,N,total_data
-0.3592358543511529,0.0005544700094621671,1000.0,12000.0
