O^z,error,N,total_data
-0.3251915065532061,0.0004951536125070382,1000.0,16000.0
