O^z,error,N,total_data
-0.27652504516046755,0.0004074353367583461,1000.0,32000.0
