O^z,error,N,total_data
-0.42759071685238115,0.0017164198506516798,1000.0,1000.0
