ZL,error,N
0.11018299123029694,0.004019264667058618,1000.0
