ZL,error,N
0.14943472671029026,0.0029960185258202186,1000.0
