ZL,error,N
0.12737005084133984,0.003531181572357246,1000.0
