ZL,error,N
0.08725893901902787,0.0044028401672504495,1000.0
