ZL,error,N
0.06355714747909777,0.004918439294414471,1000.0
