ZL,error,N
0.09707430299228474,0.004162966310794784,1000.0
