ZL,error,N
0.07594272381724992,0.004683478546046913,1000.0
