O^z,error,N,total_data
-0.04512005585758714,0.0005811909143552875,1000.0,24000.0
