O^z,error,N,total_data
-0.027201108507648987,0.0004204062774613699,1000.0,32000.0
