O^z,error,N,total_data
-0.1861338538791484,0.005858844978228435,1000.0,1000.0
