O^z,error,N,total_data
-0.08491411862909125,0.0009910782976721468,1000.0,16000.0
