x2-x1,corr,error
1.0,4.523413092168256,
2.0,3.0504267000852496,
3.0,2.7180799679787153,
4.0,2.3921761631584206,
5.0,2.2484873823737326,
6.0,2.107030488336612,
7.0,2.0551066965507796,
8.0,2.030809870038412,
