ZL,error,N
-0.05692757719754142,0.0027638878947110713,1000.0
