ZL,error,N
-0.08824471710541555,0.004391005069367343,1000.0
