ZL,error,N
-0.1064352516161116,0.003489228770431188,1000.0
