ZL,error,N
-0.10045812292620025,0.00384028224750819,1000.0
