ZL,error,N
-0.10646601063089482,0.0031141248808408324,1000.0
