ZL,error,N
-0.09415414309840388,0.002624731539391947,1000.0
