ZL,error,N
-0.07288610415793259,0.004723120205039846,1000.0
