O^z,error,N,total_data
-0.21495313033075827,0.0018224929533539262,10000.0,10000.0
