O^z,error,N,total_data
-0.03682025484191595,0.00019464323892804614,5000.0,160000.0
