O^z,error,N,total_data
-0.03689818825783126,0.0001534597870747519,8000.0,256000.0
