O^z,error,N,total_data
-0.05707769813225582,0.00022080934274967302,8000.0,192000.0
