O^z,error,N,total_data
-0.09982082235257464,0.00044758823519885476,5000.0,80000.0
