O^z,error,N,total_data
-0.05775959364578765,0.000197572624285181,10000.0,240000.0
