O^z,error,N,total_data
-0.03727626940630493,0.00013776256122262614,10000.0,320000.0
