O^z,error,N,total_data
-0.046009122635265805,0.0001638682932946304,10000.0,280000.0
