O^z,error,N,total_data
-0.05716991002536933,0.00028034222150488734,5000.0,120000.0
