O^z,error,N,total_data
-0.09937665235819763,0.00031807721472944104,10000.0,160000.0
