O^z,error,N,total_data
-0.2175137286956157,0.0025541667961895688,5000.0,5000.0
