O^z,error,N,total_data
-0.03719906796824157,0.00013772015766976112,10000.0,320000.0
