O^z,error,N,total_data
-0.03665589602870053,0.00025062422650058854,3000.0,96000.0
