O^z,error,N,total_data
-0.214860804912018,0.0020306187444896484,8000.0,8000.0
