O^z,error,N,total_data
-0.09976188541381217,0.0005785572865729705,3000.0,48000.0
