O^z,error,N,total_data
-0.09922369916333856,0.00035467178733888336,8000.0,128000.0
