O^z,error,N,total_data
-0.21967868114441402,0.003339080061079085,3000.0,3000.0
