O^z,error,N,total_data
-0.05646538826214226,0.00036177027483580464,3000.0,72000.0
