ZL,error,N
0.14985483143922926,0.003862083916897091,1000.0
