ZL,error,N
0.035757722007010724,0.0032857838473655636,1000.0
