ZL,error,N
0.03565008892041428,0.0032906167142376878,1000.0
