ZL,error,N
-0.0826570506691099,0.001940433050458616,1000.0
