ZL,error,N
-0.027463914292237997,0.0028960540481337647,1000.0
