ZL,error,N
-0.027495831143865532,0.002898382761173922,1000.0
