ZL,error,N
0.09613960800218883,0.0035282389803056296,1000.0
