ZL,error,N
-0.08263966597956159,0.0019440329298932907,1000.0
