ZL,error,N
0.19865236412481294,0.003831459400550265,1000.0
