ZL,error,N
-0.11245316711496672,0.000985807366822331,1000.0
