ZL,error,N
0.14991878416500065,0.0038582479206336487,1000.0
