ZL,error,N
-0.11244838277929967,0.00098564747976989,1000.0
