ZL,error,N
0.1980872868009639,0.0038321668212841966,1000.0
