ZL,error,N
0.09617783280500541,0.0035190888719830683,1000.0
