ZL,error,N
0.25660168508953096,0.0023795457334298835,1000.0
