ZL,error,N
0.23511501585669997,0.001809291976837014,1000.0
