ZL,error,N
0.26004045989265945,0.0027603310252941383,1000.0
