ZL,error,N
0.27812479641257704,0.0030718112367802714,1000.0
