ZL,error,N
0.28585773179799245,0.003158446723774617,1000.0
