ZL,error,N
0.2475161360514489,0.0021131173447147896,1000.0
