ZL,error,N
0.27301127879735987,0.0027937037188601513,1000.0
