O^z,error,N,total_data
-0.15169596308363906,0.0005160294216996908,1000.0,32000.0
