O^z,error,N,total_data
-0.36462471061081214,0.0036528883260603523,1000.0,1000.0
