O^z,error,N,total_data
-0.16579507989831394,0.0005659158626102769,1000.0,28000.0
