O^z,error,N,total_data
-0.2345687337295258,0.0008343288432066753,1000.0,16000.0
