O^z,error,N,total_data
-0.28176532942710547,0.0009914619815266752,1000.0,12000.0
