O^z,error,N,total_data
-0.2054154500585977,0.0007137425654008533,1000.0,20000.0
