O^z,error,N,total_data
-0.18159208699444065,0.0006338841674343776,1000.0,24000.0
