O^z,error,N,total_data
-0.3379657372722445,0.0020119633726257066,1000.0,1000.0
