O^z,error,N,total_data
-0.07807978122912913,0.00034205247690401885,1000.0,32000.0
