O^z,error,N,total_data
-0.19108434177359895,0.0005763059679410244,1000.0,16000.0
