O^z,error,N,total_data
-0.14835169732682968,0.0004858760424738849,1000.0,20000.0
