O^z,error,N,total_data
-0.09483513777567595,0.0003669467793727826,1000.0,28000.0
