O^z,error,N,total_data
-0.2475588728512493,0.0006529008797914937,1000.0,12000.0
