O^z,error,N,total_data
-0.11769883497529306,0.0004234396276352536,1000.0,24000.0
