O^z,error,N,total_data
0.026730297058873746,0.002089641565470594,997.0,997.0
