O^z,error,N,total_data
-0.2762194613336907,0.0005517361148274533,1000.0,20000.0
