O^z,error,N,total_data
-0.24629275296685413,0.00045128067292831716,1000.0,28000.0
