O^z,error,N,total_data
-0.258430977804056,0.0004824369315576291,1000.0,24000.0
