O^z,error,N,total_data
-0.4243715328134293,0.0027079382749714397,1000.0,1000.0
