O^z,error,N,total_data
-0.30200550801187803,0.0006247312405072947,1000.0,16000.0
