O^z,error,N,total_data
-0.34303502824325083,0.000754467270719694,1000.0,12000.0
