O^z,error,N,total_data
-0.23840562728886172,0.0004202056141061992,1000.0,32000.0
