ZL,error,N
-0.09256848083952487,0.003009178125117536,1000.0
