ZL,error,N
-0.2194327132716622,0.0033407834346997917,1000.0
