ZL,error,N
-0.17362535551435576,0.0031989709822760576,1000.0
