ZL,error,N
-0.23099583367400525,0.003609787416150795,1000.0
