ZL,error,N
0.1357652388701182,0.0030877618439445207,1000.0
