ZL,error,N
0.10427969825929499,0.0037140231455765967,1000.0
