ZL,error,N
0.00947116973499193,0.005034009403521422,1000.0
