ZL,error,N
0.03551819538329659,0.004769834790078713,1000.0
