ZL,error,N
-0.009251172002428042,0.005237883962310441,1000.0
