ZL,error,N
0.07866816356655361,0.0042300590040811525,1000.0
