ZL,error,N
0.05146388349731818,0.004415450303107105,1000.0
