O^z,error,N,total_data
-0.34491173493426963,0.0038942670986351516,1000.0,1000.0
