O^z,error,N,total_data
-0.13853689931007454,0.0005760964458945123,1000.0,28000.0
