O^z,error,N,total_data
-0.2573636840750119,0.0010586903620471478,1000.0,12000.0
