O^z,error,N,total_data
-0.1552868980392264,0.0006504874254289925,1000.0,24000.0
