O^z,error,N,total_data
-0.12380476000386097,0.0005141363840846767,1000.0,32000.0
