O^z,error,N,total_data
-0.1798399799668055,0.000735497195065973,1000.0,20000.0
