O^z,error,N,total_data
-0.21117619048537808,0.0008667922457683872,1000.0,16000.0
