O^z,error,N,total_data
-0.1076037828303904,0.0009934580586559655,1000.0,12000.0
