O^z,error,N,total_data
-0.049412704557463806,0.000437624605840741,1000.0,24000.0
