O^z,error,N,total_data
-0.03692545527853206,0.0003497205840847394,1000.0,28000.0
