O^z,error,N,total_data
-0.09644738819963052,0.0007450661735559663,1000.0,16000.0
