O^z,error,N,total_data
-0.06732012864483686,0.000569153156765481,1000.0,20000.0
