O^z,error,N,total_data
-0.22551524929247985,0.004177418961397286,1000.0,1000.0
