O^z,error,N,total_data
-0.14437420434116907,0.001014555768358627,1000.0,12000.0
