O^z,error,N,total_data
-0.027404996945143374,0.00028278419559323324,1000.0,32000.0
