ZL,error,N
0.14129334493699927,0.0034837314816068593,1000.0
