ZL,error,N
0.12569574444808257,0.0038994981205187347,1000.0
