ZL,error,N
0.1046714523883459,0.0042976931160306885,1000.0
