ZL,error,N
0.0977079597949627,0.0045770708041447524,1000.0
