ZL,error,N
0.08354590372802814,0.004866269051929105,1000.0
