ZL,error,N
0.11660368079076872,0.004126052070117724,1000.0
