ZL,error,N
0.15744487891448308,0.002905974144355445,1000.0
