O^z,error,N,total_data
-0.07441287611650028,0.0003466046140693832,8000.0,128000.0
