O^z,error,N,total_data
-0.03974748625140618,0.00020905386492434548,8000.0,192000.0
