O^z,error,N,total_data
-0.023331000459342856,0.00014574401471935134,7997.0,255904.0
