O^z,error,N,total_data
-0.07446699255003823,0.00031046329499173923,10000.0,160000.0
