O^z,error,N,total_data
-0.023577586687229833,0.00023902231774375438,2999.0,95968.0
