O^z,error,N,total_data
-0.040160857749950575,0.0002653403137500876,5000.0,120000.0
