O^z,error,N,total_data
-0.0745785067005138,0.00043652643019826716,5000.0,80000.0
