O^z,error,N,total_data
-0.02359350201571267,0.00012997243779439244,9996.0,319872.0
