O^z,error,N,total_data
-0.18621619009025422,0.0034311754285432142,3000.0,3000.0
