O^z,error,N,total_data
-0.039898909185691396,0.00018741631308251004,10000.0,240000.0
