O^z,error,N,total_data
-0.1809317387780648,0.001875062104160996,10000.0,10000.0
