O^z,error,N,total_data
-0.18328985126644187,0.002654865402713433,5000.0,5000.0
