O^z,error,N,total_data
-0.023338962907710467,0.00018612972070658024,4999.0,159968.0
