O^z,error,N,total_data
-0.0749771717463789,0.0005625242914840982,3000.0,48000.0
