O^z,error,N,total_data
-0.18041809673976256,0.0021041850897487403,8000.0,8000.0
