O^z,error,N,total_data
-0.040443337492389875,0.00034451043685588363,3000.0,72000.0
