O^z,error,N,total_data
0.2436119050868271,0.00027558111441685626,1000.0,128000.0
