O^z,error,N,total_data
0.24984258853142444,0.0003685863912243769,1000.0,64000.0
