O^z,error,N,total_data
-0.07798688870219934,0.0004997401797144271,500.0,24000.0
