O^z,error,N,total_data
-0.06015855370511506,0.0003819811871222738,500.0,32000.0
