O^z,error,N,total_data
-0.04792340677583266,0.00021394594516488375,1000.0,80000.0
