O^z,error,N,total_data
-0.19561661449245546,0.0005296404149777797,1000.0,24000.0
