O^z,error,N,total_data
-0.16300524726996835,0.0004082049569100752,1000.0,32000.0
