O^z,error,N,total_data
-0.17765999075507818,0.00045496374600561385,1000.0,28000.0
