O^z,error,N,total_data
-0.3042712081628775,0.0009197766175034097,1000.0,12000.0
