O^z,error,N,total_data
-0.25230348260480356,0.0007341958737599129,1000.0,16000.0
