O^z,error,N,total_data
-0.38764719034476786,0.003590070388600531,1000.0,1000.0
