O^z,error,N,total_data
-0.22099388363887756,0.0006255809858731529,1000.0,20000.0
