ZL,error,N
0.011566422916291183,0.001360096709854611,4995.0
