ZL,error,N
0.004055761854782442,0.0007916790364033455,10000.0
