ZL,error,N
0.01780671042684962,0.0015374874007361844,4984.0
