ZL,error,N
0.010748828969671838,0.0017685756244815037,2999.0
