ZL,error,N
0.0054577946224846335,0.001588280175536338,2999.0
