ZL,error,N
0.0060281247388265504,0.000870881467396702,9996.0
