ZL,error,N
0.017210518078220532,0.0019749562131089727,2993.0
