ZL,error,N
0.011238599558554573,0.0010716080580661061,7991.0
