ZL,error,N
0.004910284870915358,0.001130283328984891,5000.0
