ZL,error,N
0.01729680371985926,0.0010701934718733341,9970.0
