ZL,error,N
0.0044334045339724775,0.00088965802471282,8000.0
