ZL,error,N
0.005566875350381514,0.0012276754057959779,4999.0
