ZL,error,N
0.0110151589962286,0.0009577472584674878,9988.0
