ZL,error,N
0.017876876462466572,0.001208345065532426,7972.0
