ZL,error,N
0.006081773435864358,0.0009671457051100482,7996.0
