ZL,error,N
0.003843453622095892,0.00144242456826531,3000.0
