O^z,error,N,total_data
-0.10340667561214914,0.0025833320022385507,1000.0,1000.0
