O^z,error,N,total_data
-0.01951623726279706,0.0002863166898720996,1000.0,16000.0
