O^z,error,N,total_data
-0.009142582293890918,0.00014971203621636908,1000.0,20000.0
