O^z,error,N,total_data
-0.04377739290924878,0.0005008392961022884,1000.0,12000.0
