O^z,error,N,total_data
-0.00118144031377927,3.0085318421563718e-05,1000.0,32000.0
