O^z,error,N,total_data
-0.004037707176143647,7.683258089396559e-05,1000.0,24000.0
