O^z,error,N,total_data
-0.0020908774189976878,5.188211910616199e-05,1000.0,28000.0
