ZL,error,N
-0.013348161612695092,0.000993997449515395,10000.0
