ZL,error,N
-0.014192742329641624,0.0009299334923135198,10000.0
