O^z,error,N,total_data
-0.24879828698518686,0.00045823525024716086,1000.0,28000.0
