O^z,error,N,total_data
-0.26114601748504523,0.0004910394383806595,1000.0,24000.0
