O^z,error,N,total_data
-0.23927593078081622,0.00043025453479362153,1000.0,32000.0
