O^z,error,N,total_data
-0.2769076121190359,0.0005430495792492244,1000.0,20000.0
