O^z,error,N,total_data
-0.42112034071328225,0.0026656882483103543,1000.0,1000.0
