O^z,error,N,total_data
-0.3004930797911781,0.0006230117647248699,1000.0,16000.0
