O^z,error,N,total_data
-0.34117447466985956,0.0007499163668435441,1000.0,12000.0
