ZL,error,N
-0.1911687650359388,0.004614766306508495,1000.0
