ZL,error,N
-0.05045500527925941,0.00390866365628524,1000.0
