ZL,error,N
-0.23269216008831578,0.004787062603875425,1000.0
