ZL,error,N
0.002398351559644235,0.0033587564671518784,1000.0
