ZL,error,N
-0.1008009851782225,0.0043039941233535715,1000.0
