ZL,error,N
-0.14790741291619133,0.004329978813117122,1000.0
