ZL,error,N
0.057677556464604283,0.0026702411700561006,1000.0
