ZL,error,N
0.19444983796611326,0.0033487555696694368,1000.0
