ZL,error,N
0.37274227076686584,0.0032483850773246887,1000.0
