ZL,error,N
0.323209468117111,0.0033753018769502098,1000.0
