ZL,error,N
0.26374296959451193,0.003305850216040683,1000.0
