ZL,error,N
0.11531496633078346,0.003139408767910543,1000.0
