ZL,error,N
0.02712460483999221,0.0024584748819575686,1000.0
