ZL,error,N
-0.05706109837692172,0.0013825842758335722,1000.0
