ZL,error,N
0.008646001881717944,0.0014180159078390187,3000.0
