ZL,error,N
0.00515430889511228,0.0014388543366093591,2998.0
