ZL,error,N
0.003436741249788831,0.0014009371868918285,2998.0
