ZL,error,N
0.009198325555558847,0.0013938708661245867,3000.0
