ZL,error,N
0.018773328805121156,0.0015193014082789187,3000.0
