ZL,error,N
0.005737731759944001,0.0013989129976149969,3000.0
