ZL,error,N
0.004268758274868078,0.0014008510214076773,2999.0
