ZL,error,N
0.19295626713087757,0.001063691080266437,10000.0
