ZL,error,N
0.19328620416579653,0.0010990355537518503,10000.0
