ZL,error,N
0.19027542452588142,0.0009881982060457573,10000.0
