ZL,error,N
0.18964333427063995,0.0008735060394943513,10000.0
