ZL,error,N
0.19087640068336295,0.0010174453381981375,10000.0
