ZL,error,N
0.19031470130087613,0.0007667507203727631,10000.0
