ZL,error,N
0.1893210075394885,0.0009416646296208165,10000.0
