O^z,error,N,total_data
-0.19449065920621286,0.00037698310557593147,1000.0,28000.0
