O^z,error,N,total_data
-0.17804100524523114,0.00034193014201248375,1000.0,32000.0
