O^z,error,N,total_data
-0.3282763242942142,0.0007671923768093913,1000.0,12000.0
