O^z,error,N,total_data
-0.2401503327095266,0.0005048943875793974,1000.0,20000.0
