O^z,error,N,total_data
-0.18112292036513442,0.0004546469918399182,1000.0,28000.0
