O^z,error,N,total_data
-0.3900898830654831,0.0035093820032758927,1000.0,1000.0
