O^z,error,N,total_data
-0.19916084302501133,0.0005218445958529201,1000.0,24000.0
