O^z,error,N,total_data
-0.3050538505063956,0.0009263047261018298,1000.0,12000.0
