O^z,error,N,total_data
-0.22230393901784673,0.0006154869453129338,1000.0,20000.0
