O^z,error,N,total_data
-0.16649916978543794,0.00040554333129967326,1000.0,32000.0
