O^z,error,N,total_data
-0.25536509780448596,0.0007225039685385435,1000.0,16000.0
