ZL,error,N
-0.05661646491977056,0.001213337449281748,8000.0
