ZL,error,N
-0.09729542495126756,0.0010910249056631366,5000.0
