ZL,error,N
-0.05629577126448185,0.0015308881505144395,5000.0
