ZL,error,N
-0.0960047209046133,0.0007742613834035613,10000.0
