ZL,error,N
-0.10805377420196076,0.00046277796221482886,8000.0
