ZL,error,N
-0.09699584107950068,0.0008635341267854711,8000.0
