ZL,error,N
-0.10786625054247677,0.000582787278544079,5000.0
