ZL,error,N
-0.10782021730903034,0.00041355572406536476,10000.0
