ZL,error,N
-0.055593084684506765,0.0010840928524408454,10000.0
