O^z,error,N,total_data
-0.07687999679050464,0.0016616680609938556,1000.0,1000.0
