O^z,error,N,total_data
-0.02797264068936361,0.0003353446968243693,1000.0,12000.0
