ZL,error,N
-0.02687621397810674,0.003926355751640911,1000.0
