ZL,error,N
0.021361422178981123,0.004539312128122009,1000.0
