ZL,error,N
-0.07025876351754891,0.00289024727959674,1000.0
