ZL,error,N
-0.08674672948134454,0.0017767243274885787,1000.0
