ZL,error,N
0.1648113648683083,0.005370538437298007,1000.0
