ZL,error,N
0.12176902811709674,0.005142728622914757,1000.0
