ZL,error,N
0.07259163014672955,0.004826970412080831,1000.0
