ZL,error,N
0.1919108968172434,0.003294161035870724,1000.0
