ZL,error,N
0.1942710859911226,0.0034547459617861537,1000.0
