ZL,error,N
0.1934691203078039,0.0030954918663020086,1000.0
