ZL,error,N
0.18794294202305764,0.0037139412789909264,1000.0
