ZL,error,N
0.19494590995348693,0.002379410430449171,1000.0
