ZL,error,N
0.19050669897774547,0.0037079862014956356,1000.0
