ZL,error,N
0.19413566058937196,0.002773765796729747,1000.0
