O^z,error,N,total_data
-0.23951979640953072,0.0004266629620094588,1000.0,24000.0
