O^z,error,N,total_data
-0.44315885907749025,0.002265976614431325,1000.0,1000.0
