O^z,error,N,total_data
-0.3523047699420377,0.0006633662152119596,1000.0,12000.0
