O^z,error,N,total_data
-0.20368015421523275,0.0003646749056453411,1000.0,32000.0
