O^z,error,N,total_data
-0.30160561174174977,0.0005606096517654286,1000.0,16000.0
