O^z,error,N,total_data
-0.2675405129005173,0.0004898023815337601,1000.0,20000.0
