O^z,error,N,total_data
-0.21958025285238775,0.0004025720575730636,1000.0,28000.0
