O^z,error,N,total_data
-0.0010681422266692415,0.000245120857552257,435.0,27840.0
