O^z,error,N,total_data
-0.0005972491185977728,0.00017063856497477492,399.0,31920.0
