ZL,error,N
0.23602764506139642,0.0007447384062297774,10000.0
