ZL,error,N
0.22853106404418108,0.0006090502706274527,10000.0
