ZL,error,N
0.24350534253854236,0.002952785037392497,1000.0
