ZL,error,N
0.24466910811996,0.002623002478415152,1000.0
