ZL,error,N
0.25924189375882656,0.0010789772684488812,10000.0
