ZL,error,N
0.2302719007384159,0.0019113503871586006,1000.0
