ZL,error,N
0.2652022569832887,0.0011196239814224016,10000.0
