ZL,error,N
0.23801656785880898,0.002243209445934239,1000.0
