ZL,error,N
0.2553248405890167,0.0009992946205987252,10000.0
