ZL,error,N
0.24306886770245673,0.0008645966847043013,10000.0
