ZL,error,N
0.2567019004843235,0.003139010893620825,1000.0
