ZL,error,N
0.25658809115883274,0.0036617915780115472,1000.0
