ZL,error,N
0.2553620198496511,0.0034675255912839406,1000.0
