ZL,error,N
0.2502428460999326,0.0009346385824778781,10000.0
