ZL,error,N
0.20000929668111408,0.0032038153430240237,1000.0
