ZL,error,N
0.1919752042439879,0.003030363463883985,1000.0
