ZL,error,N
0.16878391744044546,0.0025874632613461382,1000.0
