ZL,error,N
0.180133212924587,0.0028612429101240308,1000.0
