ZL,error,N
0.24602567221554958,0.0029845717977860036,1000.0
