ZL,error,N
0.2334216192318672,0.0024905108267480824,1000.0
