ZL,error,N
0.22050610242385743,0.001999097151457229,1000.0
