ZL,error,N
0.24129508911857006,0.00279128034689529,1000.0
