ZL,error,N
0.2500745143543202,0.003095001218523565,1000.0
