ZL,error,N
0.2555537721060606,0.0031732217974477757,1000.0
