ZL,error,N
0.2271355151373235,0.0023673740126738184,1000.0
