O^z,error,N,total_data
-0.03228054601848288,0.0004287422336946728,999.0,31968.0
