O^z,error,N,total_data
-0.20346550022614623,0.005709921275881311,1000.0,1000.0
