O^z,error,N,total_data
-0.0921763332213959,0.0010165197672625578,1000.0,16000.0
