O^z,error,N,total_data
-0.052725041192700044,0.000621844125895,1000.0,24000.0
