ZL,error,N
0.04709213310554842,0.0028852357286248565,1000.0
