ZL,error,N
0.02477051092205679,0.002614851836143347,1000.0
