ZL,error,N
0.00849933359764598,0.0022929197082718093,1000.0
