ZL,error,N
0.017193094572955755,0.002441943721768018,1000.0
