ZL,error,N
0.004013618990656651,0.002476019001445944,999.0
