ZL,error,N
0.00782622607414518,0.002407325420313349,1000.0
