ZL,error,N
0.04345740229398523,0.0028946066023020334,1000.0
