ZL,error,N
0.017558023800763163,0.00254511403657799,1000.0
