O^z,error,N,total_data
-0.34237794311026465,0.0007050790970117633,1000.0,12000.0
