O^z,error,N,total_data
-0.19494316652684995,0.00035202031225610946,1000.0,28000.0
