O^z,error,N,total_data
-0.24682186960443825,0.0004678043868760735,1000.0,20000.0
