O^z,error,N,total_data
-0.28593236632297225,0.000563619048800993,1000.0,16000.0
