O^z,error,N,total_data
-0.4420048545022091,0.0023774035264158477,1000.0,1000.0
