O^z,error,N,total_data
-0.2171719228508803,0.00040299356409280424,1000.0,24000.0
