O^z,error,N,total_data
-0.1757912292648704,0.0003111382295530161,1000.0,32000.0
