ZL,error,N
0.010150481175884862,0.007529505640527965,1000.0
