ZL,error,N
0.058782115687813385,0.008149027743606338,1000.0
