ZL,error,N
0.11148059930750119,0.008358022359048726,997.0
