ZL,error,N
0.09151693940354295,0.008076046191559763,1000.0
