ZL,error,N
-0.07269608826575095,0.004816052061163584,1000.0
