ZL,error,N
-0.12085816814958131,0.0022734612333665614,1000.0
