ZL,error,N
-0.1262127417105506,0.0029231880205741875,1000.0
