ZL,error,N
-0.09947575037124429,0.00410921526816226,1000.0
