ZL,error,N
-0.08554135154840457,0.0021439083746806584,1000.0
