ZL,error,N
-0.04918863696246181,0.00523804664984069,1000.0
