ZL,error,N
-0.11963357596791448,0.0036028809741649776,1000.0
