O^z,error,N,total_data
-0.05550251287034892,0.0005301698705758583,3000.0,48000.0
