O^z,error,N,total_data
-0.013654314395509204,0.00016940197479463226,4994.0,159808.0
