O^z,error,N,total_data
-0.026137424515854133,0.0002479939627843192,4996.0,119904.0
