O^z,error,N,total_data
-0.1456207614794804,0.002627949689643647,5000.0,5000.0
