O^z,error,N,total_data
-0.02612530804656077,0.00032194064116629855,2999.0,71976.0
