O^z,error,N,total_data
-0.1478866982478325,0.0033822823080559847,3000.0,3000.0
