O^z,error,N,total_data
-0.025391129690216552,0.00019460713190671313,7994.0,191856.0
