O^z,error,N,total_data
-0.14452088016459633,0.0018691957985947074,10000.0,10000.0
