O^z,error,N,total_data
-0.01400205296118965,0.00011821070869858802,9979.0,319328.0
