O^z,error,N,total_data
-0.054228936447734716,0.0002953317233274392,9996.0,159936.0
