O^z,error,N,total_data
-0.05451416385004237,0.00041692379203689606,5000.0,80000.0
