O^z,error,N,total_data
-0.013807039443829099,0.0001313289515669247,7984.0,255488.0
