O^z,error,N,total_data
-0.02555166398566981,0.0001742950024827564,9991.0,239784.0
