O^z,error,N,total_data
-0.05450287256877517,0.00032950227324032866,7999.0,127984.0
