O^z,error,N,total_data
-0.14325392333071865,0.0020922891612808084,8000.0,8000.0
