O^z,error,N,total_data
-0.013403050421796153,0.00021993567629714696,2998.0,95936.0
