O^z,error,N,total_data
0.23325778596552926,0.001999512054751449,1.0,128.0
