O^z,error,N,total_data
0.2422302956013599,0.003469703309500267,1.0,64.0
