O^z,error,N,total_data
-0.014575526430279845,0.00017074055748932807,4987.0,159584.0
