O^z,error,N,total_data
-0.014498508927648254,0.00013337572764013,7982.0,255424.0
