O^z,error,N,total_data
-0.14834194365764128,0.0026279789827804542,5000.0,5000.0
