O^z,error,N,total_data
-0.1481975920529531,0.0018652218466870046,10000.0,10000.0
