O^z,error,N,total_data
-0.05379861456604494,0.0003306695261654924,7999.0,127984.0
