O^z,error,N,total_data
-0.026801217579973318,0.00017632549134953538,9989.0,239736.0
