O^z,error,N,total_data
-0.15166839759975262,0.003378153664232872,3000.0,3000.0
