O^z,error,N,total_data
-0.02691342694251873,0.0003223235949565191,2996.0,71904.0
