O^z,error,N,total_data
-0.05541746272345882,0.0005313083116043755,2999.0,47984.0
