O^z,error,N,total_data
-0.014673197455311718,0.0001193415174168101,9981.0,319392.0
