O^z,error,N,total_data
-0.026721135226913592,0.0002477007704364119,4993.0,119832.0
