O^z,error,N,total_data
-0.14759375661127475,0.0020850778735276893,8000.0,8000.0
