O^z,error,N,total_data
-0.05454439464456226,0.00042068303244534343,4999.0,79984.0
