O^z,error,N,total_data
-0.05414849969179428,0.0002952328836897419,9997.0,159952.0
