O^z,error,N,total_data
-0.01445703049353918,0.000222410305670332,2993.0,95776.0
