O^z,error,N,total_data
-0.02648871773742549,0.00019617444940312224,7990.0,191760.0
