O^z,error,N,total_data
-0.1242657752065202,0.000555952458945927,1000.0,28000.0
