O^z,error,N,total_data
-0.25110021352430295,0.001023648384313939,1000.0,12000.0
