O^z,error,N,total_data
-0.17102289192956993,0.000717807797263715,1000.0,20000.0
