O^z,error,N,total_data
-0.33281927358185937,0.003735088228037832,1000.0,1000.0
