O^z,error,N,total_data
-0.11214232486067455,0.0005108985671442395,1000.0,32000.0
