O^z,error,N,total_data
-0.14454435669516078,0.0006333938334129048,1000.0,24000.0
