O^z,error,N,total_data
-0.2022896717654861,0.000840438246320086,1000.0,16000.0
