O^z,error,N,total_data
-0.28297250715158956,0.00044189963869872004,1000.0,24000.0
