O^z,error,N,total_data
-0.43810306438079355,0.002353886867312445,1000.0,1000.0
