O^z,error,N,total_data
-0.26545265302101373,0.00038470376734736053,1000.0,32000.0
