O^z,error,N,total_data
-0.26987725899377063,0.00043160938815054237,1000.0,28000.0
