O^z,error,N,total_data
-0.2985031625576728,0.00048665727422450496,1000.0,20000.0
