O^z,error,N,total_data
-0.3595396890572979,0.0006723732610397636,1000.0,12000.0
