ZL,error,N
-0.0385756799542772,0.0035551439640031874,1000.0
