ZL,error,N
0.008354495403413327,0.00339810003666279,1000.0
