ZL,error,N
-0.12387792371296381,0.003604591971451529,1000.0
