ZL,error,N
-0.10918575491286084,0.0037952592133650206,1000.0
