ZL,error,N
-0.06712050439443847,0.003686621653255758,1000.0
