ZL,error,N
-0.12599003504924383,0.0038104710518352056,1000.0
