ZL,error,N
-0.09469129047376643,0.0036663162937236003,1000.0
