O^z,error,N,total_data
-0.19840868997190045,0.0005828265878492232,1000.0,24000.0
