O^z,error,N,total_data
-0.22192325053795278,0.0006628650576204747,1000.0,20000.0
