O^z,error,N,total_data
-0.3819222076928693,0.0036242053355813896,1000.0,1000.0
