O^z,error,N,total_data
-0.16891162805895618,0.00046694337784595417,1000.0,32000.0
