O^z,error,N,total_data
-0.29974528666427164,0.0009667683597703385,1000.0,12000.0
