O^z,error,N,total_data
-0.2525722952509372,0.0007749919036433299,1000.0,16000.0
