O^z,error,N,total_data
-0.1842102597267292,0.0005095539814892205,1000.0,28000.0
