ZL,error,N
0.0200654617928462,0.0013377298814366337,9999.0
