ZL,error,N
0.020043705117474307,0.001496214560168302,7999.0
