ZL,error,N
-0.012601200586662835,0.0011467155180503615,8000.0
