ZL,error,N
-0.012670622468561607,0.0010274044067220228,10000.0
