ZL,error,N
0.0009258759125585565,0.0021487069925995783,3000.0
