ZL,error,N
-0.011137222609821517,0.0016496916121354673,3000.0
