ZL,error,N
0.0019920465723720034,0.0013166196362962076,8000.0
