ZL,error,N
0.0020976382804861805,0.0016674544689435319,5000.0
