ZL,error,N
-0.009735859779504962,0.001272923608802291,5000.0
