ZL,error,N
0.0014155466348646543,0.001177209408025841,10000.0
