ZL,error,N
0.01899929063436201,0.0024537889518042723,3000.0
