ZL,error,N
-0.013740426505909202,0.0014565241398508326,5000.0
