ZL,error,N
-0.014210310493371391,0.0018654992292234521,3000.0
