ZL,error,N
-0.01763283033312772,0.0009446809192985791,10000.0
