ZL,error,N
-0.011578678696045232,0.0008914814170754804,10000.0
