ZL,error,N
-0.011566018326430205,0.0008921240573754553,10000.0
