ZL,error,N
-0.010978313126274798,0.0009999612583903813,8000.0
