ZL,error,N
-0.012709552411848877,0.0010266408956694458,10000.0
