ZL,error,N
0.020497973892209958,0.001900674406832833,4999.0
