O^z,error,N,total_data
-0.10249122568986808,0.0005430328792401346,1000.0,28000.0
