O^z,error,N,total_data
-0.1762709445036954,0.0008742080473826329,1000.0,16000.0
