O^z,error,N,total_data
-0.08791899938672647,0.0004858697661752632,1000.0,32000.0
