O^z,error,N,total_data
-0.3104409192403773,0.004047719941219091,1000.0,1000.0
