O^z,error,N,total_data
-0.22577218911386795,0.0010839584897030289,1000.0,12000.0
