O^z,error,N,total_data
-0.12057936674495073,0.0006213918342771595,1000.0,24000.0
