O^z,error,N,total_data
-0.14419387113187798,0.0007300883886341036,1000.0,20000.0
