O^z,error,N,total_data
-0.0018622652234646484,6.122698091087106e-05,1000.0,20000.0
