O^z,error,N,total_data
-0.015191518545938363,0.0002702122510773655,1000.0,12000.0
