O^z,error,N,total_data
-0.000197447504404344,2.847949938146197e-05,1000.0,28000.0
