O^z,error,N,total_data
-0.0005701286240732229,2.0853600928254143e-05,1000.0,24000.0
