O^z,error,N,total_data
-0.004987055940266837,0.0001265371907065225,1000.0,16000.0
