O^z,error,N,total_data
-0.04991686219430856,0.0017743707237762429,1000.0,1000.0
