O^z,error,N,total_data
-0.00011647124250244098,8.545804431061738e-06,1000.0,32000.0
