O^z,error,N,total_data
0.00040059167921614714,0.00039956561307365976,1.0,24.0
