O^z,error,N,total_data
-0.000395059480366461,0.0004334471668375718,1.0,28.0
