O^z,error,N,total_data
-0.0005056566219508552,2.6977256379516673e-05,1.0,12.0
