O^z,error,N,total_data
0.0006707761132037657,0.0005360246263498414,1.0,16.0
