O^z,error,N,total_data
0.0003744383206597319,0.00048145185477925083,1.0,20.0
