O^z,error,N,total_data
0.00023124219610854986,0.00014683427155993473,1.0,32.0
