O^z,error,N,total_data
-0.15953649836266132,0.0004285107178826253,1000.0,32000.0
