O^z,error,N,total_data
-0.38047804069128877,0.0036964623317236258,1000.0,1000.0
