O^z,error,N,total_data
-0.17293638360348104,0.00048119623874636575,1000.0,28000.0
