O^z,error,N,total_data
-0.1912288124017905,0.0005412643055184913,1000.0,24000.0
