O^z,error,N,total_data
-0.21671934055295233,0.000631414231117488,1000.0,20000.0
