O^z,error,N,total_data
-0.24771990279571318,0.0007838346894146734,1000.0,16000.0
