O^z,error,N,total_data
-0.299033467594046,0.0009617479818091681,1000.0,12000.0
