O^z,error,N,total_data
-0.008529202655452569,0.00029160382108787237,499.0,23952.0
