O^z,error,N,total_data
-0.06839565710312354,0.00042866253969445027,5000.0,80000.0
