O^z,error,N,total_data
-0.17173293069107973,0.00209414349502249,8000.0,8000.0
