O^z,error,N,total_data
-0.17539794673835135,0.003403368557721803,3000.0,3000.0
