O^z,error,N,total_data
-0.020641493934082617,0.0001714439911972263,4999.0,159968.0
