O^z,error,N,total_data
-0.035489613742009075,0.00020404441607090566,8000.0,192000.0
