O^z,error,N,total_data
-0.06867405063401169,0.0005477588672899665,3000.0,48000.0
