O^z,error,N,total_data
-0.020534037384070426,0.0001228172185199062,9998.0,319936.0
