O^z,error,N,total_data
-0.0685652078528508,0.0003402175077162684,8000.0,128000.0
