O^z,error,N,total_data
-0.003419124652305101,0.00020898769931421645,498.0,31872.0
