O^z,error,N,total_data
-0.0357170924034143,0.0002544282478048105,5000.0,120000.0
