O^z,error,N,total_data
-0.02056704249494421,0.0002196854369186377,2999.0,95968.0
