O^z,error,N,total_data
-0.17365132071396638,0.0026358227558098083,5000.0,5000.0
