O^z,error,N,total_data
-0.02045021903241565,0.0001366508613087336,7998.0,255936.0
