O^z,error,N,total_data
-0.06847609110294675,0.0003035591241151414,10000.0,160000.0
