O^z,error,N,total_data
-0.03646641394348265,0.00032730508421866656,3000.0,72000.0
