O^z,error,N,total_data
-0.17177589746752966,0.0018650767942946624,10000.0,10000.0
