O^z,error,N,total_data
-0.0024647445702627685,0.00011211491651926206,990.0,79200.0
