O^z,error,N,total_data
-0.03566761479846612,0.00018247751946140492,10000.0,240000.0
