O^z,error,N,total_data
-0.3513707406673714,0.000692885810685879,1000.0,12000.0
