O^z,error,N,total_data
-0.23324613387978707,0.0004033797436911172,1000.0,28000.0
