O^z,error,N,total_data
-0.22143892014555708,0.00037539659972878184,1000.0,32000.0
