O^z,error,N,total_data
-0.4407517381879539,0.002379608929723734,1000.0,1000.0
