O^z,error,N,total_data
-0.2517914426670196,0.00042902303272560717,1000.0,24000.0
