O^z,error,N,total_data
-0.3049473131327384,0.000577966888964047,1000.0,16000.0
