O^z,error,N,total_data
-0.2754701504595424,0.00048321872323998195,1000.0,20000.0
