O^z,error,N,total_data
-0.1751225864419008,0.0004673852295804172,1000.0,28000.0
