O^z,error,N,total_data
-0.1937663940874612,0.0005311703392049802,1000.0,24000.0
