O^z,error,N,total_data
-0.3810249148807151,0.0036565229455141793,1000.0,1000.0
