O^z,error,N,total_data
-0.16072180933626992,0.0004194634194231578,1000.0,32000.0
