O^z,error,N,total_data
-0.2504707722456038,0.0007518041769711454,1000.0,16000.0
