O^z,error,N,total_data
-0.2174645523343559,0.000629313154750833,1000.0,20000.0
