O^z,error,N,total_data
-0.30121737385778286,0.0009430651919424961,1000.0,12000.0
