ZL,error,N
0.05222975908257798,0.0017193584157768449,7996.0
