ZL,error,N
-0.009592688347509731,0.0009220307700419639,8000.0
