ZL,error,N
0.027533651207151986,0.0024130228349617863,3000.0
