ZL,error,N
0.05260302877887833,0.001527268427561146,9994.0
