ZL,error,N
-0.009649943656181556,0.0008233198202639566,10000.0
