ZL,error,N
0.029455801565880395,0.0014839906534400969,7998.0
