ZL,error,N
0.029902632714910306,0.0018628048536037949,4999.0
