ZL,error,N
0.008833486668312478,0.00158592208908495,5000.0
