ZL,error,N
0.05424457215996024,0.0021787544605357716,4998.0
