ZL,error,N
0.053736141115317465,0.0028285896960746357,2998.0
