ZL,error,N
0.009229528229689228,0.001234531175164652,8000.0
