ZL,error,N
0.008336313071317698,0.0020383582296288234,3000.0
