ZL,error,N
0.009186653578091317,0.0011097077920100792,10000.0
