ZL,error,N
-0.009260755241264747,0.0015096246208355286,3000.0
