ZL,error,N
0.029341078856318908,0.0013291637657027353,9998.0
