ZL,error,N
-0.008694538810669467,0.0011713783072117372,5000.0
