ZL,error,N
-0.117036629517996,0.0005396663851821358,10000.0
