ZL,error,N
-0.08405334443012008,0.0021225329263754355,1000.0
