ZL,error,N
-0.13895414775813816,0.0015356751830089457,1000.0
