ZL,error,N
-0.04626557040443757,0.002622178752801285,1000.0
