ZL,error,N
-0.0474401661841925,0.0008199041380785583,10000.0
