ZL,error,N
-0.12433338125944322,0.00032742911386568734,10000.0
