ZL,error,N
-0.12435775314816375,0.0010405604481347152,1000.0
