ZL,error,N
-0.14895650348377398,0.000400226867607817,10000.0
