ZL,error,N
-0.08453218732737966,0.0006699762533194901,10000.0
