ZL,error,N
-0.13880462949807526,0.0004838940853079532,10000.0
