ZL,error,N
-0.010049531267546286,0.0009546073993948293,10000.0
