ZL,error,N
-0.145942012762609,0.0012339054188687374,1000.0
