ZL,error,N
-0.006704569050369802,0.002785174315440769,1000.0
