ZL,error,N
-0.11576555879425858,0.0017579417025741179,1000.0
