O^z,error,N,total_data
-0.09965021568705769,0.0006843149309977315,1000.0,20000.0
