O^z,error,N,total_data
-0.26403785582083866,0.0044090796822061126,1000.0,1000.0
