O^z,error,N,total_data
-0.13137275454283998,0.0008628627096347202,1000.0,16000.0
