O^z,error,N,total_data
-0.0633482315742291,0.00045764950803189956,1000.0,28000.0
