O^z,error,N,total_data
-0.17757254037929404,0.001125902335109038,1000.0,12000.0
