O^z,error,N,total_data
-0.05108821582662436,0.0003990162772297064,1000.0,32000.0
