O^z,error,N,total_data
-0.0787467453794038,0.0005649777564016952,1000.0,24000.0
