x2-x1,corr,error
1.0,4.533926708896846,
2.0,3.060127603121605,
3.0,2.725309963477225,
4.0,2.409090227240394,
5.0,2.2634874399913745,
6.0,2.126305229585254,
7.0,2.0794619455860666,
8.0,2.0476202118185496,
