O^z,error,N,total_data
-0.2779989411042009,0.00105850575805452,1000.0,12000.0
