O^z,error,N,total_data
-0.1476524820164598,0.0004979156484905839,1000.0,32000.0
