O^z,error,N,total_data
-0.1791321887537312,0.0006190365875632643,1000.0,24000.0
