O^z,error,N,total_data
-0.16100738099158787,0.0005520989637700215,1000.0,28000.0
