O^z,error,N,total_data
-0.2314139122718986,0.0008459693747400059,1000.0,16000.0
