O^z,error,N,total_data
-0.19965327970446267,0.0007161129296445153,1000.0,20000.0
