O^z,error,N,total_data
-0.3596436027691988,0.003910203930499861,1000.0,1000.0
