ZL,error,N
-0.07191641799184584,0.004814857926783798,1000.0
