ZL,error,N
-0.08416651453210998,0.002186873504010313,1000.0
