ZL,error,N
-0.1141926601445251,0.0036388317881962348,1000.0
