ZL,error,N
-0.11828931333862534,0.002307747990748454,1000.0
