ZL,error,N
-0.04833991771493879,0.0052040086517259965,1000.0
