ZL,error,N
-0.09602629640967,0.0042075840097628575,1000.0
