ZL,error,N
-0.12199643825749704,0.0029397989184881974,1000.0
