ZL,error,N
-0.013994131354854477,0.009743080749503835,1000.0
