ZL,error,N
-0.1022853121771922,0.010106731690968622,1000.0
