O^z,error,N,total_data
-0.32516812228886577,0.004244608686134763,1000.0,1000.0
