O^z,error,N,total_data
-0.11704012884318986,0.0005588292424274188,1000.0,28000.0
