O^z,error,N,total_data
-0.16096044861979267,0.000759450141324388,1000.0,20000.0
