O^z,error,N,total_data
-0.1891936485036532,0.0008995726872104702,1000.0,16000.0
