O^z,error,N,total_data
-0.13564230454698792,0.0006522893630736982,1000.0,24000.0
