O^z,error,N,total_data
-0.10483295294522699,0.0005045555662694401,1000.0,32000.0
