O^z,error,N,total_data
-0.23970739455863835,0.0011132028725896715,1000.0,12000.0
