ZL,error,N
0.1502014166991417,0.0036572655495050303,1000.0
