ZL,error,N
0.1772290495028436,0.002706808317080225,1000.0
