ZL,error,N
0.15602315125942842,0.0034815931070737087,1000.0
