ZL,error,N
0.14782438518814237,0.0037805116719596427,1000.0
