ZL,error,N
0.13843576950690437,0.0041838744347398055,1000.0
