ZL,error,N
0.1443863416176357,0.004046433547580253,1000.0
