ZL,error,N
0.16759514673900264,0.0030588780099190566,1000.0
