ZL,error,N
-0.09268370916985033,0.002594321854974669,1000.0
