ZL,error,N
-0.0026105369054818025,0.004280675258452924,1000.0
