ZL,error,N
-0.10177698568904904,0.0014488090724338151,1000.0
