ZL,error,N
-0.05007318925889874,0.003626207763668449,1000.0
