ZL,error,N
0.1446382958246173,0.00497666279163627,1000.0
