ZL,error,N
0.10304827820926798,0.004932352012021476,1000.0
