ZL,error,N
0.049575079541809425,0.004581003308798963,1000.0
