O^z,error,N,total_data
-0.06491628776978509,0.0003074955387246504,8000.0,128000.0
