O^z,error,N,total_data
-0.16300360792793134,0.0019514403035145937,8000.0,8000.0
