O^z,error,N,total_data
-0.032102527007527276,0.00017779358525768128,8000.0,192000.0
