O^z,error,N,total_data
-0.09959342127876543,0.0003925030859753777,10000.0,120000.0
