O^z,error,N,total_data
-0.16373608928560499,0.0017481641150472863,10000.0,10000.0
