O^z,error,N,total_data
-0.018415282128799077,0.00010393414927968257,9997.0,319904.0
