ZL,error,N
-0.22030571058560872,0.0009442292720912694,10000.0
