ZL,error,N
-0.23392832609943207,0.0012787656423070358,10000.0
