ZL,error,N
-0.22563150990856826,0.005373965614690856,1000.0
