ZL,error,N
-0.2308719671933602,0.002946492740966306,3000.0
