ZL,error,N
-0.22781995615478537,0.004592229682250566,1000.0
