ZL,error,N
-0.23275040715185488,0.0026957706037806697,3000.0
