ZL,error,N
-0.17884266339025517,0.0013178475616277266,3000.0
