ZL,error,N
-0.2031839977815644,0.000818945481222711,10000.0
