ZL,error,N
-0.22949348667475442,0.0011078763252461296,10000.0
