ZL,error,N
-0.2326977833413969,0.0023550279202833647,3000.0
