ZL,error,N
-0.22672249184067067,0.003322225282201759,2000.0
