ZL,error,N
-0.22077044116011005,0.005817273264792351,1000.0
