ZL,error,N
-0.2255095102842355,0.0033728239729622182,3000.0
