ZL,error,N
-0.22509804367583575,0.005184643251873352,1000.0
