ZL,error,N
-0.22325046826865755,0.004157243453977958,2000.0
