ZL,error,N
-0.22794850767803576,0.003151042063052237,3000.0
