ZL,error,N
-0.22042881263101716,0.0017624893758078105,3000.0
