ZL,error,N
-0.02945633205169695,0.009337814552563781,1000.0
