ZL,error,N
-0.23057908646842218,0.0020375235315969117,3000.0
