ZL,error,N
-0.2046318145176396,0.0014841932102079112,3000.0
