ZL,error,N
-0.22268648285828477,0.0036613992441097134,2000.0
