ZL,error,N
-0.22404182627160135,0.0038601650081516387,2000.0
