ZL,error,N
0.12584888176232012,0.008753809866647245,998.0
