ZL,error,N
0.09941740354751818,0.008486751462585838,999.0
