ZL,error,N
0.13152431590797437,0.009364367223351624,998.0
