ZL,error,N
0.05014909207628774,0.007680220450100877,999.0
