ZL,error,N
0.19034626696158669,0.00102400107822543,10000.0
