ZL,error,N
0.1934785166980847,0.0010578957762997169,10000.0
