ZL,error,N
0.18993638834232773,0.0008742288375605643,10000.0
