ZL,error,N
0.19016026271230954,0.0009812815423979786,10000.0
