ZL,error,N
0.19329208918787744,0.0010942115840025803,10000.0
