ZL,error,N
0.18913281767744547,0.0009403775797282453,10000.0
