ZL,error,N
0.19013010404522082,0.000766847189782443,10000.0
