O^z,error,N,total_data
0.008879843890597353,0.0001800519057458071,1000.0,32000.0
