O^z,error,N,total_data
0.0002730148102303273,1.719023344521654e-05,998.0,127744.0
