O^z,error,N,total_data
0.03258862921408981,0.0004991042257043993,1000.0,16000.0
