O^z,error,N,total_data
0.001820389282193532,5.540464967460752e-05,1000.0,64000.0
