O^z,error,N,total_data
0.017085960138178927,0.00029440272460189376,1000.0,24000.0
