O^z,error,N,total_data
0.08165326632740928,0.0030984951979588513,1000.0,1000.0
