O^z,error,N,total_data
-0.053780274984364836,0.00032504971130180207,7999.0,127984.0
