O^z,error,N,total_data
-0.1457064247837413,0.001862826281574616,10000.0,10000.0
