O^z,error,N,total_data
-0.1473628960133841,0.002630389305907745,5000.0,5000.0
