O^z,error,N,total_data
-0.026004275992351406,0.00019150400476081986,7990.0,191760.0
