O^z,error,N,total_data
-0.05553274509596142,0.0005310984663904466,3000.0,48000.0
