O^z,error,N,total_data
-0.02585766288098623,0.00017227283330920374,9987.0,239688.0
