O^z,error,N,total_data
-0.01433924784752976,0.00012963792881935923,7984.0,255488.0
