O^z,error,N,total_data
-0.02628238267337186,0.0003064453846995508,2997.0,71928.0
