O^z,error,N,total_data
-0.01429660135449754,0.00016147002530136686,4991.0,159712.0
