O^z,error,N,total_data
-0.01427733826065485,0.00020890879210020547,2995.0,95840.0
