O^z,error,N,total_data
-0.1500666975782418,0.003384086421118255,3000.0,3000.0
