O^z,error,N,total_data
-0.053501306315487,0.00029135876215217674,9997.0,159952.0
