O^z,error,N,total_data
-0.14474506778809965,0.0020786215862338,8000.0,8000.0
