O^z,error,N,total_data
-0.053888557942732104,0.00041285212364669164,5000.0,80000.0
