O^z,error,N,total_data
-0.026239841048566092,0.00024147380849508877,4994.0,119856.0
