O^z,error,N,total_data
-0.014429223253617014,0.00011668322108503643,9978.0,319296.0
