O^z,error,N,total_data
-0.35363171635037133,0.00036867361678175493,1000.0,20000.0
