O^z,error,N,total_data
-0.4576495283563721,0.0014822384673455124,1000.0,1000.0
