O^z,error,N,total_data
-0.33468852959902406,0.00038711530792695905,1000.0,28000.0
