O^z,error,N,total_data
-0.32918647405130863,0.00040649696661883186,1000.0,32000.0
