O^z,error,N,total_data
-0.3695336441645961,0.0003932551796514144,1000.0,16000.0
