O^z,error,N,total_data
-0.3976505333184011,0.0004625711923788161,1000.0,12000.0
