O^z,error,N,total_data
-0.3431235915161954,0.00035818072794129805,1000.0,24000.0
