O^z,error,N,total_data
0.006001230229020865,9.51404922999712e-05,1000.0,64000.0
