O^z,error,N,total_data
0.022645518959435847,0.00028226006484153237,1000.0,32000.0
