O^z,error,N,total_data
0.11446508488090078,0.003352737198188768,1000.0,1000.0
