O^z,error,N,total_data
0.03278390050693693,0.00040364033579950477,1000.0,24000.0
