O^z,error,N,total_data
0.001195304489803256,3.126112512016289e-05,1000.0,128000.0
