O^z,error,N,total_data
0.055407740513118066,0.0006254517988012173,1000.0,16000.0
