ZL,error,N
-0.14101855493763488,0.003146340339611594,1000.0
