ZL,error,N
-0.08340145012095333,0.0029857937383042836,1000.0
