ZL,error,N
-0.16006057697316703,0.0039983262084966765,1000.0
