ZL,error,N
-0.16131157704407592,0.0036802231608729185,1000.0
