ZL,error,N
-0.1503179404386702,0.003508349815252611,1000.0
