ZL,error,N
-0.030205117581767194,0.003068074439174912,1000.0
