ZL,error,N
-0.11630266949572816,0.0031237992094292908,1000.0
