ZL,error,N
-0.11134702400963972,0.0034164699595006856,1000.0
