ZL,error,N
-0.09207060410058626,0.002746211592078778,1000.0
