ZL,error,N
-0.09527283678798344,0.004335683425570993,1000.0
