ZL,error,N
-0.10840023174210638,0.003052947116121533,1000.0
