ZL,error,N
-0.08353940655642404,0.0045858489823354135,1000.0
