ZL,error,N
-0.10504853233991979,0.003716202336597953,1000.0
