ZL,error,N
-0.05198534849190999,0.0028484184129312458,1000.0
