ZL,error,N
0.014972265950346121,0.0036669594650244343,1000.0
