ZL,error,N
0.03749769010691659,0.004249868768495568,998.0
