ZL,error,N
0.0022671540745165396,0.0033691581813231797,1000.0
