ZL,error,N
0.06405668391852383,0.005199119696517096,987.0
