ZL,error,N
0.05136230892435261,0.004804955933621556,997.0
