ZL,error,N
0.1716439251521523,0.004878946639394379,1000.0
