ZL,error,N
0.18745128585969564,0.0013103521084716918,10000.0
