ZL,error,N
0.18789903007474076,0.004107003649702684,1000.0
