ZL,error,N
0.19606973141292125,0.0010800583755716639,10000.0
