ZL,error,N
0.18046511596821962,0.0014947977846295677,10000.0
