ZL,error,N
0.184336724381686,0.0013992041865139365,10000.0
