ZL,error,N
0.1820180617423981,0.0042458339206952345,1000.0
