ZL,error,N
0.19355275928294197,0.0034628609062440255,1000.0
