ZL,error,N
0.2022091724462543,0.0029421137728279376,1000.0
