ZL,error,N
0.19277966534000815,0.0011987461767697743,10000.0
