ZL,error,N
0.18879267515061693,0.003829316743837348,1000.0
