ZL,error,N
0.19896313636606391,0.0009357379689680546,10000.0
