ZL,error,N
0.20366348438333606,0.0023231854889185096,1000.0
