ZL,error,N
0.2026436068141805,0.0007501176497416304,10000.0
