ZL,error,N
-0.5250362998492387,0.006435560376673568,1000.0
