O^z,error,N,total_data
-0.13230892960962287,0.0007205012696464663,1000.0,20000.0
