O^z,error,N,total_data
-0.08984606496507394,0.0005212701458816721,1000.0,28000.0
