O^z,error,N,total_data
-0.2125488416674328,0.0011043089911515547,1000.0,12000.0
