O^z,error,N,total_data
-0.07512158123063788,0.0004573828308861971,1000.0,32000.0
