O^z,error,N,total_data
-0.16220942799467777,0.000868539181818338,1000.0,16000.0
