O^z,error,N,total_data
-0.299503835274018,0.004161020930175359,1000.0,1000.0
