O^z,error,N,total_data
-0.10572453820619533,0.0006030328416029684,1000.0,24000.0
