O^z,error,N,total_data
-0.27468845525795177,0.0009886337703881119,1000.0,12000.0
