O^z,error,N,total_data
-0.22643248132274107,0.0008237279201836567,1000.0,16000.0
