O^z,error,N,total_data
-0.13757810416852184,0.000522615116548745,1000.0,32000.0
