O^z,error,N,total_data
-0.1719431190828268,0.0006353013273350116,1000.0,24000.0
