O^z,error,N,total_data
-0.19722167898908805,0.0007140099139324626,1000.0,20000.0
