O^z,error,N,total_data
-0.15527983461960976,0.0005655590304997955,1000.0,28000.0
