O^z,error,N,total_data
-0.3575460168921242,0.0034832582349690073,1000.0,1000.0
