ZL,error,N
0.019377986105232392,0.004885694806448715,467.0
