ZL,error,N
0.016777463120680035,0.003638846117816527,922.0
