ZL,error,N
0.023130821581375804,0.004492490906687406,486.0
