O^z,error,N,total_data
-0.0012385321095314393,0.00020857267705795256,426.0,34080.0
