O^z,error,N,total_data
-0.0013296514143394242,0.00022813053951929396,441.0,28224.0
