O^z,error,N,total_data
-0.21582773768035826,0.011150121384349536,1.0,24.0
