O^z,error,N,total_data
-0.3691268618584492,0.01611299516927369,1.0,12.0
