O^z,error,N,total_data
-0.30620032172992756,0.013071234850772879,1.0,16.0
