O^z,error,N,total_data
-0.1851282734573985,0.010017821766206714,1.0,28.0
