O^z,error,N,total_data
-0.2554129850333921,0.011833827060293966,1.0,20.0
