O^z,error,N,total_data
-0.16197647897384065,0.008735524299827263,1.0,32.0
