O^z,error,N,total_data
-0.13444549755351834,0.00040669652614477267,1000.0,48000.0
