O^z,error,N,total_data
-0.14703976089775958,0.00044540139610530773,1000.0,40000.0
