O^z,error,N,total_data
-0.14013296670640718,0.00042282886140921364,1000.0,44000.0
