O^z,error,N,total_data
-0.1577942678738914,0.0004776641625382194,1000.0,36000.0
