ZL,error,N
0.015507043789730718,0.0017657732428529875,3000.0
