ZL,error,N
-0.0019126194098015767,0.0016771624939364463,3000.0
