ZL,error,N
-0.0013056262127144993,0.0010243136827741983,8000.0
