ZL,error,N
-0.006090551720882551,0.0009256221867213912,10000.0
