ZL,error,N
-0.004992514293117796,0.0009667504275037521,10000.0
