ZL,error,N
-0.005949219112817459,0.0009260196695411039,10000.0
