ZL,error,N
0.017028350460346772,0.000956529371817056,10000.0
