ZL,error,N
-0.005099105674346598,0.0018045640494431423,3000.0
