ZL,error,N
-0.005226329645078685,0.0009220402966723657,10000.0
