ZL,error,N
0.017005427413332934,0.0010715066595052632,8000.0
