ZL,error,N
-0.0044002398117543575,0.001083502401347446,8000.0
