ZL,error,N
-0.0013230112260308984,0.00130429468478982,5000.0
