ZL,error,N
-0.004731951813471569,0.0013191506237533442,5000.0
