ZL,error,N
-0.006065033350831682,0.0009611570437897081,10000.0
