ZL,error,N
-0.004814707308548047,0.0017118007005893644,3000.0
