ZL,error,N
0.01729311538907881,0.0013651355241042819,5000.0
