ZL,error,N
-0.005623599211946119,0.0010343230958984714,8000.0
