ZL,error,N
-0.005021448233407035,0.0013876510769169988,5000.0
