ZL,error,N
-0.005216690903117181,0.0009655677504733311,10000.0
