ZL,error,N
-0.0014240750687263088,0.0009173364462886301,10000.0
