ZL,error,N
-0.14548074264423266,0.0033492289384891034,1000.0
