ZL,error,N
-0.129698963750232,0.003327228889254729,1000.0
