ZL,error,N
-0.16007338679580113,0.003767909458976715,1000.0
