ZL,error,N
-0.018381051054430258,0.003155539924723688,1000.0
