ZL,error,N
-0.10285123425544014,0.0033833486877648906,1000.0
