ZL,error,N
-0.06735584447293239,0.003279758933011341,1000.0
