ZL,error,N
-0.15705290672110095,0.003595851259571869,1000.0
