ZL,error,N
0.18429465413343077,0.003657715951274361,1000.0
