ZL,error,N
0.17571182129378973,0.004143935737766113,1000.0
