ZL,error,N
0.15868650515803276,0.005138814034182161,1000.0
