ZL,error,N
0.20188537673957574,0.002324860580701947,1000.0
