ZL,error,N
0.19539803729841834,0.0029990546560782717,1000.0
