ZL,error,N
0.16040545752464763,0.004853703347579916,1000.0
