ZL,error,N
0.1753984220755854,0.004330032091409905,1000.0
