O^z,error,N,total_data
-0.22523844876824653,0.0003310750818943746,3000.0,72000.0
