O^z,error,N,total_data
-0.11829817704763297,0.000265305249883288,1000.0,128000.0
