O^z,error,N,total_data
-0.1977914977637995,0.00029152594615570695,3000.0,96000.0
