O^z,error,N,total_data
-0.21090553524888261,0.00030782180628295615,3000.0,84000.0
