O^z,error,N,total_data
-0.24416288798424696,0.00036382974360129114,3000.0,60000.0
