O^z,error,N,total_data
-0.1701455420839527,0.000239623426971692,3000.0,144000.0
