O^z,error,N,total_data
-0.1760871432923254,0.0002493162621297408,3000.0,132000.0
