O^z,error,N,total_data
-0.27146675628937955,0.0004089118872999228,3000.0,48000.0
