O^z,error,N,total_data
-0.18950997967915284,0.0002744484541908255,3000.0,108000.0
