O^z,error,N,total_data
-0.18080565885977906,0.00026223463573141773,3000.0,120000.0
