ZL,error,N
-0.14871027476276952,0.004114118562439091,1000.0
