ZL,error,N
-0.09074143166862032,0.004037624587128576,1000.0
