ZL,error,N
-0.11679405256923119,0.004005548353733512,1000.0
