ZL,error,N
-0.05443846752244672,0.004067621701929826,1000.0
