ZL,error,N
0.03831093664768032,0.003332113458975273,1000.0
