ZL,error,N
-0.16088136391503838,0.004154379180303149,1000.0
