ZL,error,N
-0.012401675526500896,0.0037482036774391173,1000.0
