O^z,error,N,total_data
-0.05773989970889561,0.00085424182509409,1000.0,16000.0
