O^z,error,N,total_data
-0.027043772424305664,0.0004866724479425963,1000.0,24000.0
