O^z,error,N,total_data
-0.1422363756897849,0.005534574765788225,1000.0,1000.0
