O^z,error,N,total_data
-0.014393594444674486,0.00033251446623191425,999.0,31968.0
