O^z,error,N,total_data
-0.2236086149078609,0.0002992051083033001,3000.0,84000.0
