O^z,error,N,total_data
-0.2377279270957504,0.000320919766418574,3000.0,72000.0
