O^z,error,N,total_data
-0.14565120072725335,0.0002717005028729324,1000.0,128000.0
