O^z,error,N,total_data
-0.21336346677810777,0.0002813707580622947,3000.0,96000.0
