O^z,error,N,total_data
-0.28178291779399567,0.0003932674269272515,3000.0,48000.0
