O^z,error,N,total_data
-0.18859152620002798,0.00023507290954317986,3000.0,144000.0
