O^z,error,N,total_data
-0.20502984395914367,0.0002662202081068893,3000.0,108000.0
