O^z,error,N,total_data
-0.2553981328228436,0.0003518315717822333,3000.0,60000.0
