O^z,error,N,total_data
-0.19314655966091931,0.00024195591363962107,3000.0,132000.0
