O^z,error,N,total_data
-0.1978978081368214,0.00025387676703306835,3000.0,120000.0
