ZL,error,N
0.02589746352096339,0.004185670075280207,1000.0
