ZL,error,N
0.053010289122714487,0.004846686091250992,1000.0
