ZL,error,N
-0.004989233842775272,0.0034625473270241923,1000.0
