ZL,error,N
-0.016931926773098318,0.0026737664460919127,1000.0
