O^z,error,N,total_data
-0.38114205613716245,0.0022695757932926154,1000.0,1000.0
