O^z,error,N,total_data
-0.2637549929227098,0.0006323026126728499,1000.0,16000.0
