O^z,error,N,total_data
-0.18024999325056376,0.00047899329659082963,1000.0,32000.0
