O^z,error,N,total_data
-0.3061306222617948,0.0006921346827519945,1000.0,12000.0
