O^z,error,N,total_data
-0.21166934436731197,0.0005243552104233772,1000.0,24000.0
