O^z,error,N,total_data
-0.23071674092830138,0.0005665935448776267,1000.0,20000.0
