O^z,error,N,total_data
-0.192666681115093,0.000503295865659424,1000.0,28000.0
