ZL,error,N
0.1117831669730499,0.00435202142146685,1000.0
