ZL,error,N
0.0023825958540125503,0.0037025889046852145,1000.0
