ZL,error,N
-0.09896078864250854,0.002176913343401142,1000.0
