ZL,error,N
0.1580397657732775,0.004514519502779214,1000.0
