ZL,error,N
0.19746771555669537,0.0035045547482238488,1000.0
