ZL,error,N
0.1993572090617511,0.003090309017040315,1000.0
