ZL,error,N
0.1971447445765393,0.002333064751840917,1000.0
