ZL,error,N
0.19556313430714894,0.0035667956966967634,1000.0
