ZL,error,N
0.194185544280701,0.0027276980885447047,1000.0
