ZL,error,N
0.19512368119255882,0.003256675356542923,1000.0
