ZL,error,N
0.19394932549006422,0.002859442306634437,1000.0
