O^z,error,N,total_data
-0.18922506919145346,0.000544122306168346,1000.0,24000.0
