O^z,error,N,total_data
-0.1577500973992325,0.00043003793312576777,1000.0,32000.0
