O^z,error,N,total_data
-0.17127277064526902,0.000480103304798691,1000.0,28000.0
