O^z,error,N,total_data
-0.37521519743928616,0.0037917375539856454,1000.0,1000.0
