O^z,error,N,total_data
-0.2134178772121044,0.0006401664381217297,1000.0,20000.0
