O^z,error,N,total_data
-0.24630359290375992,0.0007705167559850675,1000.0,16000.0
