O^z,error,N,total_data
-0.29667388571345443,0.0009541230508573157,1000.0,12000.0
