O^z,error,N,total_data
-0.0829573404419758,0.0004995868810785211,1000.0,28000.0
