O^z,error,N,total_data
-0.20551349391325832,0.0010996728625144781,1000.0,12000.0
