O^z,error,N,total_data
-0.2909706495951204,0.004163600065128268,1000.0,1000.0
