O^z,error,N,total_data
-0.1558152994249973,0.0008577025020066502,1000.0,16000.0
