O^z,error,N,total_data
-0.06957138166859116,0.00043984016975667317,1000.0,32000.0
