O^z,error,N,total_data
-0.10023592855765417,0.0005860614364576668,1000.0,24000.0
