O^z,error,N,total_data
-0.12529794910238143,0.0007039208281186312,1000.0,20000.0
