ZL,error,N
-0.0067185645144288925,0.0009599756712641328,10000.0
