ZL,error,N
-0.005992853603266155,0.0009953041308126223,10000.0
