ZL,error,N
-0.00539435312115943,0.0009385262268661103,10000.0
