ZL,error,N
-0.0076795095508620835,0.000930648746470806,10000.0
