O^z,error,N,total_data
-0.19312254737941245,0.000731334108720234,1000.0,20000.0
