O^z,error,N,total_data
-0.26970353824116494,0.001033561795183811,1000.0,12000.0
