O^z,error,N,total_data
-0.2234291509840796,0.0008605025632678423,1000.0,16000.0
