O^z,error,N,total_data
-0.3535574975194993,0.0037751225854495366,1000.0,1000.0
