O^z,error,N,total_data
-0.13960697288288476,0.0005209345916740239,1000.0,32000.0
