O^z,error,N,total_data
-0.1690409858872144,0.0006491556447376573,1000.0,24000.0
