O^z,error,N,total_data
-0.15267326433381959,0.0005652862968971914,1000.0,28000.0
