ZL,error,N
-0.8728487879087835,0.002588143878323703,1000.0
