ZL,error,N
-0.9236875051744315,0.0025527460536930086,1000.0
