ZL,error,N
-0.12126107436170984,0.0019830103831684773,1000.0
