ZL,error,N
0.10047386331678022,0.004477106319881062,1000.0
