ZL,error,N
-0.04469621538774168,0.0036873764994878374,1000.0
