ZL,error,N
0.05173273167977622,0.004377566228286002,1000.0
