ZL,error,N
0.011234674004258031,0.0015448065927177572,3000.0
