ZL,error,N
0.016375436168315022,0.0015814651061244064,3000.0
