ZL,error,N
0.0010886132942095731,0.0014705473756437331,3000.0
