ZL,error,N
0.002745494980149159,0.001491877094116442,2999.0
