ZL,error,N
0.02727415325867739,0.0016879413873776491,3000.0
