ZL,error,N
0.007447981765067117,0.0014968671813683344,3000.0
