ZL,error,N
0.003929128215515121,0.0015240316222875111,3000.0
