ZL,error,N
-8.44775647675277e-05,0.002905372629414296,1000.0
