ZL,error,N
0.0048143789278107,0.002860954444074531,1000.0
