ZL,error,N
0.0018638068887719753,0.002765675163491483,1000.0
