ZL,error,N
0.010611037986607844,0.0027441321181999713,1000.0
