ZL,error,N
-0.016158424147295743,0.008190180160540227,1000.0
