ZL,error,N
0.04411924725653745,0.00826199126693855,1000.0
