ZL,error,N
0.0781118939395168,0.009022821775684314,993.0
