ZL,error,N
0.0922397928598606,0.008098538482331368,1000.0
