ZL,error,N
-0.08243372613704672,0.0075087032560992575,1000.0
