ZL,error,N
0.02780885877935027,0.008322291150363424,1000.0
