O^z,error,N,total_data
0.0017516735921557702,0.0001024562126728891,995.0,31840.0
