O^z,error,N,total_data
0.009318613967728755,0.0003091376484174992,999.0,15984.0
