O^z,error,N,total_data
0.034896084855041844,0.0023915925696322313,999.0,999.0
