O^z,error,N,total_data
0.003916768263448208,0.00016154501623893668,998.0,23952.0
