ZL,error,N
0.20031599751411788,0.000833408264534625,10000.0
