ZL,error,N
0.20850300664379723,0.003367811473046513,1000.0
