ZL,error,N
0.20813388267713717,0.0033521505573064696,1000.0
