ZL,error,N
0.20306690017383736,0.0026193760741117593,1000.0
