ZL,error,N
0.20444884227051707,0.0009599062047548246,10000.0
