ZL,error,N
0.2026901076191288,0.0022454552335514156,1000.0
