ZL,error,N
0.20447875728095702,0.0030360127507691125,1000.0
