ZL,error,N
0.20886318325996966,0.0031769101481372193,1000.0
