ZL,error,N
0.20867960419797132,0.0010380789972304948,10000.0
