ZL,error,N
0.19917172393275798,0.0007283163210142655,10000.0
