ZL,error,N
0.20189274742120328,0.0008978266168819761,10000.0
