ZL,error,N
0.2066001038575038,0.0009991677901834161,10000.0
