ZL,error,N
0.2016430535134374,0.002905266824552416,1000.0
