ZL,error,N
0.21061235261148045,0.001067181241648765,10000.0
