O^z,error,N,total_data
-0.1429662979006319,0.0018617202387957376,10000.0,10000.0
