O^z,error,N,total_data
-0.01321844433479153,0.0001635187180393042,4989.0,159648.0
