O^z,error,N,total_data
-0.025182242090061854,0.00019263023204616175,7987.0,191688.0
