O^z,error,N,total_data
-0.0255488002684359,0.00031626836963118517,2995.0,71880.0
