O^z,error,N,total_data
-0.1462174548914231,0.0025903295383050092,5000.0,5000.0
