O^z,error,N,total_data
-0.01356430024128352,0.00012843877468129124,7980.0,255360.0
