O^z,error,N,total_data
-0.053941268284710395,0.0005338297280753536,3000.0,48000.0
