O^z,error,N,total_data
-0.013442858408635374,0.00011595757633308136,9976.0,319232.0
