O^z,error,N,total_data
-0.14808794998047886,0.0033183759164739633,3000.0,3000.0
