O^z,error,N,total_data
-0.013346614882171447,0.00021055698444507156,2994.0,95808.0
