O^z,error,N,total_data
-0.02550220609507478,0.00024386219903906295,4992.0,119808.0
