O^z,error,N,total_data
-0.05339605948775405,0.0003244983908775737,8000.0,128000.0
