O^z,error,N,total_data
-0.14187796192962637,0.002081986036304159,8000.0,8000.0
