O^z,error,N,total_data
-0.05365154422792153,0.0004113939598294801,5000.0,80000.0
