O^z,error,N,total_data
-0.025049292500465767,0.0001708334582890823,9985.0,239640.0
