O^z,error,N,total_data
-0.053182084786108384,0.00029037501170215254,9998.0,159968.0
