O^z,error,N,total_data
-0.2184201487318281,0.0003035882688969197,3000.0,84000.0
