O^z,error,N,total_data
-0.18469663590416685,0.00024506700916700463,3000.0,132000.0
