O^z,error,N,total_data
-0.2313683778989387,0.00032711947054797207,3000.0,72000.0
