O^z,error,N,total_data
-0.197022928338659,0.00027031103576033146,3000.0,108000.0
