O^z,error,N,total_data
-0.25008689752319857,0.0003562897262276233,3000.0,60000.0
