O^z,error,N,total_data
-0.20643148438981374,0.00028490145077230913,3000.0,96000.0
