O^z,error,N,total_data
-0.18995601977764862,0.00025836532384940577,3000.0,120000.0
