O^z,error,N,total_data
-0.18081956136513758,0.0002367721811351396,3000.0,144000.0
