O^z,error,N,total_data
-0.1337611436121712,0.000579041091907148,200.0,25600.0
