O^z,error,N,total_data
-0.1617366947578112,0.0003597285172278038,1000.0,64000.0
