O^z,error,N,total_data
-0.2771714306675274,0.0003969802379999529,3000.0,48000.0
