O^z,error,N,total_data
-0.1311232906429421,0.0002647715892795644,1000.0,128000.0
