corr,error,N
2.5783746122566122,0.012676259229669572,3000.0
