corr,error,N
2.9591727280258517,0.012796965449388525,3000.0
