corr,error,N
2.1447833607432587,0.012881616736927542,3000.0
