corr,error,N
2.413839262143364,0.01275666033078415,3000.0
