corr,error,N
2.2329194267037433,0.012799571690123518,3000.0
