corr,error,N
2.2967847874124563,0.012755530827219572,3000.0
