ZL,error,N
0.13512488386404176,0.003925512308393887,1000.0
