ZL,error,N
0.1537900668753975,0.003401493152085373,1000.0
