ZL,error,N
0.17292274787386142,0.0026839511000910396,1000.0
