ZL,error,N
0.10298184998473459,0.004600625417278522,1000.0
