ZL,error,N
0.11872387298486849,0.004358562186270116,1000.0
