ZL,error,N
0.0869657468231037,0.005002548447902786,1000.0
