ZL,error,N
0.0757119640845172,0.00531833379820192,1000.0
