O^z,error,N,total_data
-0.0559363876954179,0.00019660805163210568,10000.0,240000.0
