O^z,error,N,total_data
-0.04393803944936976,0.00016220086993883672,10000.0,280000.0
