O^z,error,N,total_data
-0.0354314764720136,0.00013626078747939698,10000.0,320000.0
