O^z,error,N,total_data
-0.19276794907314274,0.003297649961699322,3000.0,3000.0
