O^z,error,N,total_data
-0.1888716021564323,0.001998524157371097,8000.0,8000.0
