O^z,error,N,total_data
-0.04589144691331396,0.0002598984222760679,5000.0,120000.0
