O^z,error,N,total_data
-0.026744838650134956,0.00021966062976573703,3000.0,96000.0
