O^z,error,N,total_data
-0.19266958339975962,0.002533979398768005,5000.0,5000.0
