O^z,error,N,total_data
-0.045193372850720136,0.0003338917395459589,3000.0,72000.0
