O^z,error,N,total_data
-0.027056500801833566,0.00013553458170507368,8000.0,256000.0
