O^z,error,N,total_data
-0.04540534876182859,0.00020401946903985703,8000.0,192000.0
