O^z,error,N,total_data
-0.12079997873144305,0.00041857962475342963,10000.0,120000.0
