O^z,error,N,total_data
-0.027275360218295415,0.00012167840014139529,10000.0,320000.0
