O^z,error,N,total_data
-0.08218162754732344,0.0003005601491022836,10000.0,160000.0
