O^z,error,N,total_data
-0.18905623669049268,0.0017862643767497365,10000.0,10000.0
