O^z,error,N,total_data
-0.02688084732094911,0.00017158643427726418,5000.0,160000.0
