O^z,error,N,total_data
-0.08255066620805811,0.00042549974192589515,5000.0,80000.0
