O^z,error,N,total_data
-0.08168527386132332,0.0005465056805625654,3000.0,48000.0
