O^z,error,N,total_data
-0.04531517047615877,0.0001812746313622586,10000.0,240000.0
