O^z,error,N,total_data
-0.059051800250321765,0.00022610675575205404,10000.0,200000.0
