O^z,error,N,total_data
-0.08224590982986575,0.0003006120461760023,10000.0,160000.0
