O^z,error,N,total_data
-0.08218900360717794,0.0003357633005993539,8000.0,128000.0
