O^z,error,N,total_data
-0.25744446851089553,0.0007437070705026836,1000.0,16000.0
