O^z,error,N,total_data
-0.17458629212860163,0.00043618660674164215,1000.0,32000.0
