O^z,error,N,total_data
-0.1864596994384214,0.00048785767811353355,1000.0,28000.0
