O^z,error,N,total_data
-0.20286218585528437,0.0005523929473674786,1000.0,24000.0
