O^z,error,N,total_data
-0.3065939960148703,0.0009219435983011408,1000.0,12000.0
