O^z,error,N,total_data
-0.22707822116388066,0.0006305727207683184,1000.0,20000.0
