O^z,error,N,total_data
-0.3889651167352837,0.003567707692589711,1000.0,1000.0
