ZL,error,N
0.02055049863375364,0.000920839474986454,8000.0
