ZL,error,N
0.02114481774266846,0.001490343645062708,3000.0
