ZL,error,N
0.030183427700088864,0.0009670290675802653,8000.0
