ZL,error,N
0.05555735876656565,0.0013361632618746377,5000.0
