ZL,error,N
0.05448753347203693,0.0010496584589098654,8000.0
