ZL,error,N
0.01991328118657264,0.0011672848087324328,5000.0
