ZL,error,N
0.056127286654855474,0.0017254066050201367,3000.0
