ZL,error,N
0.03126359122921205,0.0015725401390634531,3000.0
