ZL,error,N
0.054018647390856815,0.0009405144110847296,10000.0
