ZL,error,N
0.014269545631445675,0.0007849613592443052,10000.0
