ZL,error,N
0.016802957345497988,0.0014102043901237438,3000.0
