ZL,error,N
0.030222133244645125,0.0008651344446353428,10000.0
