ZL,error,N
0.02072245469211707,0.0008274452927186034,10000.0
