ZL,error,N
0.030839440196373708,0.0012273781175990116,5000.0
