ZL,error,N
0.014871278986002177,0.0008800319886298457,8000.0
