ZL,error,N
0.015504205624141083,0.0011078089023208457,5000.0
