O^z,error,N,total_data
-0.011455092519700703,0.00015135852192769443,1000.0,16000.0
