O^z,error,N,total_data
-0.002155387423709169,5.904100715308117e-05,1000.0,24000.0
