O^z,error,N,total_data
-0.031500417365950335,0.0002721252091256448,1000.0,12000.0
