O^z,error,N,total_data
-0.0006464665051773488,2.4608520730888858e-05,1000.0,32000.0
