O^z,error,N,total_data
-0.004967365161445836,9.787670195409455e-05,1000.0,20000.0
