O^z,error,N,total_data
-0.09180778695348163,0.0013603839358048656,1000.0,1000.0
