O^z,error,N,total_data
-0.0011903475645717184,4.0849216538448686e-05,1000.0,28000.0
