ZL,error,N
-0.10774555254333343,0.002917099913858986,1000.0
