ZL,error,N
-0.06849915489389544,0.0035888148354117884,1000.0
