ZL,error,N
0.024469720356452743,0.00445988704794875,1000.0
