ZL,error,N
0.06524038905283129,0.004753721124951671,1000.0
