ZL,error,N
-0.024182428845594052,0.0040536841850189525,1000.0
