ZL,error,N
-0.13082051505682488,0.0018565708126318755,1000.0
