ZL,error,N
-0.11940587079802525,0.0011193545763462987,1000.0
