ZL,error,N
0.004850515550971827,0.0009206205965137676,7988.0
