ZL,error,N
0.023165649792087635,0.0035855821565573265,969.0
