ZL,error,N
0.008403399143007015,0.0008792753409071522,9974.0
