ZL,error,N
0.02898049903252786,0.004910750504921871,494.0
