ZL,error,N
0.011008316339646763,0.0008891663784256124,8000.0
