ZL,error,N
0.0193784382195638,0.0051026320150878305,494.0
