ZL,error,N
0.006145954628209708,0.0008798838472231577,7998.0
