O^z,error,N,total_data
0.06409803940605878,0.0005274436091982961,1000.0,24000.0
