O^z,error,N,total_data
0.15229886779148055,0.003435893928590344,1000.0,1000.0
