O^z,error,N,total_data
0.04753918848166098,0.00039777896035423705,1000.0,32000.0
