O^z,error,N,total_data
0.09308218478548612,0.0007381243462158494,1000.0,16000.0
