ZL,error,N
-0.026507316906684945,0.004671872257335722,1000.0
