ZL,error,N
-0.10306607509366963,0.0024980923792675236,1000.0
