ZL,error,N
0.048587229527305924,0.005551530845444941,1000.0
