ZL,error,N
-0.08461038237923597,0.0034009105819772082,1000.0
