ZL,error,N
-0.05734351765433409,0.004186485829625291,1000.0
