ZL,error,N
0.014588406789234386,0.005224772092044258,1000.0
