ZL,error,N
-0.08892539040135311,0.0019877700638196265,1000.0
