O^z,error,N,total_data
-0.1914288173708458,0.005779266761141851,1000.0,1000.0
