O^z,error,N,total_data
-0.08661924823555851,0.0010104357636956573,1000.0,16000.0
