O^z,error,N,total_data
-0.02820884042702886,0.0004131526573327283,1000.0,32000.0
