O^z,error,N,total_data
-0.04755457352961903,0.0006095691200325177,1000.0,24000.0
