O^z,error,N,total_data
-0.2018200860970983,0.0004522849622823442,1000.0,28000.0
