O^z,error,N,total_data
-0.32267101078768085,0.0008485902904281295,1000.0,12000.0
