O^z,error,N,total_data
-0.18901279484531786,0.00039773186673229923,1000.0,32000.0
