O^z,error,N,total_data
-0.24205396809662671,0.0005742498108149434,1000.0,20000.0
