O^z,error,N,total_data
-0.11748812063424385,0.0006985647386843553,1000.0,12000.0
