O^z,error,N,total_data
-0.04170872558609185,0.00033498618616782796,1000.0,20000.0
