O^z,error,N,total_data
-0.027738948241284856,0.00025487402822412745,1000.0,24000.0
