O^z,error,N,total_data
-0.0115185522885175,0.00013254457953545056,1000.0,32000.0
