O^z,error,N,total_data
-0.20712745799333562,0.0028438956280025358,1000.0,1000.0
