O^z,error,N,total_data
-0.01736398931112544,0.00018778498827881767,1000.0,28000.0
