O^z,error,N,total_data
-0.06947607338101575,0.0004909726382027953,1000.0,16000.0
