O^z,error,N,total_data
-0.18628990462425138,0.005707174491668725,1000.0,1000.0
