O^z,error,N,total_data
-0.0436302479039892,0.0005796681468609745,1000.0,24000.0
