O^z,error,N,total_data
-0.08381506821888043,0.0009682873272121085,1000.0,16000.0
