O^z,error,N,total_data
-0.028075093965375164,0.0004098143009749972,1000.0,32000.0
