ZL,error,N
0.14281544824962009,0.0026345180768120756,1000.0
