ZL,error,N
0.048281962348829484,0.004659548384714796,1000.0
