ZL,error,N
0.02046634944254382,0.004943723039010569,1000.0
