ZL,error,N
0.11607819545380248,0.003433290782541792,1000.0
