ZL,error,N
0.0787129636359509,0.004032677391245094,1000.0
