ZL,error,N
-0.012244505587020912,0.005420270428895485,1000.0
