ZL,error,N
-0.035769646823056424,0.0059156370730614975,1000.0
