ZL,error,N
-0.027442983019855833,0.0024288817343470297,1000.0
