ZL,error,N
0.3914756909596261,0.004429375601872014,1000.0
