ZL,error,N
0.3455833584823558,0.0043894797689491985,1000.0
