ZL,error,N
0.05880282460347189,0.0035781847514572375,1000.0
