ZL,error,N
0.14695587004114843,0.004198623097868692,1000.0
