ZL,error,N
0.28837226516539466,0.004274885837032712,1000.0
