ZL,error,N
0.22372054149746848,0.004394723476445512,1000.0
