O^z,error,N,total_data
-0.2627960358690733,0.0004028771653400903,1000.0,28000.0
