O^z,error,N,total_data
-0.44948616292338767,0.0021813533407692275,1000.0,1000.0
