O^z,error,N,total_data
-0.2529773187317941,0.0003787295432837309,1000.0,32000.0
