O^z,error,N,total_data
-0.36407546987496237,0.0006457415340514765,1000.0,12000.0
