O^z,error,N,total_data
-0.32193241314024673,0.0005468030756772635,1000.0,16000.0
