O^z,error,N,total_data
-0.27564512757874,0.0004312230915047302,1000.0,24000.0
