O^z,error,N,total_data
-0.2945586845046783,0.000486810843498059,1000.0,20000.0
