O^z,error,N,total_data
-0.32279710204087403,0.0008458202140943172,1000.0,12000.0
