O^z,error,N,total_data
-0.2450655458900027,0.0005685908854875693,1000.0,20000.0
