O^z,error,N,total_data
-0.1931174027412383,0.0004115543767591852,1000.0,32000.0
