O^z,error,N,total_data
-0.20591291831399014,0.00044390698256508115,1000.0,28000.0
