ZL,error,N
0.004503846658728963,0.001047727395771095,4995.0
