ZL,error,N
0.01213190419873271,0.001099773352736961,5000.0
