ZL,error,N
0.027895752250119435,0.0015879278733958546,3000.0
