ZL,error,N
0.006954993451705153,0.0008321550466371007,8000.0
