ZL,error,N
0.028112041848368716,0.000864825861507986,10000.0
