ZL,error,N
0.01164249308548043,0.0007777959439176535,10000.0
