ZL,error,N
0.006704650904741043,0.0007445350752741212,10000.0
