ZL,error,N
0.011408515199552658,0.0014226056332220505,3000.0
