ZL,error,N
0.01249788388088609,0.0008695568132397077,8000.0
