ZL,error,N
0.003115973558250084,0.0007397262635163468,9995.0
