ZL,error,N
0.02924537210470099,0.0012270712984937659,5000.0
