ZL,error,N
0.0075287008803740785,0.0013487286353210581,3000.0
