ZL,error,N
0.003692794445019137,0.0008252140433201076,7995.0
