ZL,error,N
0.007672549237735784,0.0010493281093218935,5000.0
