ZL,error,N
0.028170660597771166,0.000964267981562437,8000.0
