ZL,error,N
0.00519661129213391,0.0013576011541375063,2999.0
