O^z,error,N,total_data
-0.11999708444212337,0.00041567104930272396,1000.0,44000.0
