O^z,error,N,total_data
-0.14056741345798252,0.0004832078103856641,1000.0,36000.0
