O^z,error,N,total_data
-0.11442289172467594,0.00028332280598616536,2000.0,96000.0
