O^z,error,N,total_data
-0.12782469534341515,0.00031524951134495523,2000.0,80000.0
