O^z,error,N,total_data
-0.11349426460808339,0.00039189827071583756,1000.0,48000.0
