O^z,error,N,total_data
-0.126223096255805,0.0004406262431032058,1000.0,40000.0
