O^z,error,N,total_data
-0.12066247182067177,0.00029820169026082365,2000.0,88000.0
