O^z,error,N,total_data
-0.13953046734831254,0.00034331686363341086,2000.0,72000.0
