O^z,error,N,total_data
-0.1720664700399271,0.0007438854997317228,1000.0,20000.0
