O^z,error,N,total_data
-0.13177214462776593,0.0005736171824985732,1000.0,28000.0
