O^z,error,N,total_data
-0.14963285320822695,0.0006474879704649269,1000.0,24000.0
