O^z,error,N,total_data
-0.25372482350281483,0.0010823641689570683,1000.0,12000.0
