O^z,error,N,total_data
-0.11895394981839462,0.0005152190880410006,1000.0,32000.0
