O^z,error,N,total_data
-0.3406720873845821,0.0038864533372239673,1000.0,1000.0
