O^z,error,N,total_data
-0.20636937419816906,0.0008665708403708233,1000.0,16000.0
