O^z,error,N,total_data
-0.2562491725999584,0.00015507291241586752,10000.0,200000.0
