O^z,error,N,total_data
-0.2278164332076019,0.00013851985557004464,10000.0,240000.0
