O^z,error,N,total_data
-0.44138576627139575,0.000714561710473649,10000.0,10000.0
