O^z,error,N,total_data
-0.2962046939888135,0.00017865339022367276,10000.0,160000.0
