O^z,error,N,total_data
-0.204810452086914,0.00012624969951421716,10000.0,280000.0
