O^z,error,N,total_data
-0.3519182993363959,0.0002113886325055637,10000.0,120000.0
