O^z,error,N,total_data
-0.18666460295437334,0.00011612592095704374,10000.0,320000.0
