O^z,error,N,total_data
-0.21886326399049738,0.0005874109464661973,1000.0,24000.0
