O^z,error,N,total_data
-0.388607133122288,0.003141566569280664,1000.0,1000.0
