O^z,error,N,total_data
-0.3098645025384262,0.000860435492607991,1000.0,12000.0
