O^z,error,N,total_data
-0.23960103604230792,0.0006466184194741656,1000.0,20000.0
