O^z,error,N,total_data
-0.20403148752779512,0.0005341034297595788,1000.0,28000.0
