O^z,error,N,total_data
-0.19064847626252765,0.0005001662938025943,1000.0,32000.0
