O^z,error,N,total_data
-0.26717528203855007,0.0007300505198394433,1000.0,16000.0
