O^z,error,N,total_data
-0.23534192360016,0.0008090347031352277,1000.0,16000.0
