O^z,error,N,total_data
-0.17878816498950142,0.0005859672819486365,1000.0,24000.0
