O^z,error,N,total_data
-0.37119560310416333,0.004034251050083898,1000.0,1000.0
