O^z,error,N,total_data
-0.1615394052852741,0.0005096663030513862,1000.0,28000.0
