O^z,error,N,total_data
-0.20362223640081126,0.00068354215979526,1000.0,20000.0
