O^z,error,N,total_data
-0.2853113115088208,0.0010422936672513474,1000.0,12000.0
