O^z,error,N,total_data
-0.14771416962432576,0.0004557267219733309,1000.0,32000.0
