ZL,error,N
0.03424122149127857,0.0042222317506680745,1000.0
