ZL,error,N
0.015725461151358595,0.004432838742770466,1000.0
