ZL,error,N
0.09611548139518057,0.0034932170744539936,1000.0
