ZL,error,N
-6.337215063759376e-05,0.004525181941556615,1000.0
