ZL,error,N
0.05693229785559592,0.003888973719117445,1000.0
