ZL,error,N
-0.030731055102568697,0.004722593793241175,1000.0
