ZL,error,N
-0.01661150760305175,0.004669569290567082,1000.0
