ZL,error,N
0.1606757750765856,0.006472109353149793,1000.0
