ZL,error,N
0.18104586481988008,0.004372788766442567,1000.0
