ZL,error,N
0.20741102951913318,0.0006165765430469463,10000.0
