ZL,error,N
0.16207573768326936,0.002083745480575994,10000.0
