ZL,error,N
0.16331713502784362,0.005861781643604281,1000.0
