ZL,error,N
0.20753004550094326,0.0019456528646476865,1000.0
