ZL,error,N
0.17881592023427303,0.001607055298295062,10000.0
