ZL,error,N
0.20243453312282497,0.0008739106957494735,10000.0
