ZL,error,N
0.19238993956909883,0.0036451888143664837,1000.0
