ZL,error,N
0.18974321397458233,0.0013791757120539502,10000.0
