ZL,error,N
0.20435124427135973,0.0027640699098990897,1000.0
