ZL,error,N
0.1692210117731598,0.001858805508730297,10000.0
