ZL,error,N
0.18007544509383186,0.004989496753964072,1000.0
