ZL,error,N
0.19503267213762293,0.0011282158531389485,10000.0
