ZL,error,N
-0.2970064646844292,0.002759912928118601,1000.0
