ZL,error,N
-0.2006411648857888,0.0026395571409611146,1000.0
