ZL,error,N
-0.25474717283672293,0.0027990560553626687,1000.0
