ZL,error,N
-0.13829615091988137,0.0024705105069054768,1000.0
