ZL,error,N
-0.06199654370846232,0.0021864859021058633,1000.0
