ZL,error,N
-0.3666727880716747,0.0030526385628485407,1000.0
