ZL,error,N
-0.3350114206252663,0.00303709258564029,1000.0
