O^z,error,N,total_data
-0.27769466122770614,0.0004842398623199476,1000.0,20000.0
