O^z,error,N,total_data
-0.3589161322294135,0.0006511811603111619,1000.0,12000.0
