O^z,error,N,total_data
-0.2213728214742363,0.00038679592572978184,1000.0,32000.0
