O^z,error,N,total_data
-0.23630584664216486,0.00040588954852483557,1000.0,28000.0
