O^z,error,N,total_data
-0.31076107327731156,0.0005596052110306899,1000.0,16000.0
