O^z,error,N,total_data
-0.4458286654148786,0.002306726398049808,1000.0,1000.0
