O^z,error,N,total_data
-0.2536757872000428,0.00044019892043148915,1000.0,24000.0
