ZL,error,N
0.16290312656794914,0.005427032603217441,1000.0
