ZL,error,N
0.18324203868642905,0.004497422665338064,1000.0
