ZL,error,N
0.20605073161075704,0.0028554444088506187,1000.0
