ZL,error,N
0.17197613605758633,0.0050566672825918335,1000.0
