ZL,error,N
0.18493777287793497,0.0040196874714717576,1000.0
