ZL,error,N
0.20797641155165186,0.0021328741052554956,1000.0
