ZL,error,N
0.1925784733363612,0.003560414302772348,1000.0
