ZL,error,N
0.18363565070294777,0.000893185186926537,10000.0
