ZL,error,N
0.18270988859592655,0.0010387704605158423,10000.0
