ZL,error,N
0.18257471375324413,0.0010076333379626086,10000.0
