ZL,error,N
0.1822381359508424,0.0009462403794905864,10000.0
