ZL,error,N
0.18540553440637364,0.0007845325882791319,10000.0
