ZL,error,N
0.1831404095295353,0.0010750462144657358,10000.0
