ZL,error,N
0.18395469917644902,0.001097594512362841,10000.0
