O^z,error,N,total_data
-0.06888142901047598,0.0005961882682801092,1000.0,20000.0
