O^z,error,N,total_data
-0.14445631102952736,0.001073568729685377,1000.0,12000.0
