O^z,error,N,total_data
-0.02978811023777326,0.00030918546280979826,1000.0,32000.0
