O^z,error,N,total_data
-0.09660684713212586,0.0007687511187679844,1000.0,16000.0
