O^z,error,N,total_data
-0.22416631615419697,0.004378150148009974,1000.0,1000.0
