O^z,error,N,total_data
-0.049751410348909654,0.00045553978601601625,1000.0,24000.0
