O^z,error,N,total_data
-0.03725881301771706,0.00035895987875171425,1000.0,28000.0
