ZL,error,N
0.047054431776276696,0.005463759503918826,1000.0
