ZL,error,N
-0.061913284232521903,0.004103245432596494,1000.0
