ZL,error,N
-0.08784363939577096,0.003351521128939637,1000.0
