ZL,error,N
0.012554303113598904,0.0051868033487498955,1000.0
