ZL,error,N
-0.027737696035182762,0.004638852666056942,1000.0
