ZL,error,N
-0.10384336663628142,0.0024486732826167765,1000.0
