ZL,error,N
-0.09026919231579106,0.0019087939192395495,1000.0
