ZL,error,N
-0.022883840195642224,0.004680772101256277,1000.0
