ZL,error,N
0.06805438663100027,0.003927552533870644,1000.0
