ZL,error,N
0.018803614435767516,0.004475585969561493,1000.0
