ZL,error,N
0.04017460564220011,0.00421695860810852,1000.0
