ZL,error,N
-0.034997942377798595,0.00502806446910471,1000.0
