ZL,error,N
-0.0010091594874032652,0.00461734250103599,1000.0
