ZL,error,N
0.10357615881464786,0.0034365724536798863,1000.0
