ZL,error,N
-0.06457231983057184,0.0035133850974156714,1000.0
