ZL,error,N
-0.10372509437931006,0.0014909612699030453,1000.0
