ZL,error,N
-0.10234524590847628,0.002462459511669313,1000.0
