ZL,error,N
0.026036041152406902,0.0046178990374839465,1000.0
