ZL,error,N
-0.023046633308287927,0.004221907093292466,1000.0
