ZL,error,N
0.12141031875204034,0.00505750144552729,1000.0
