ZL,error,N
0.0776078456992302,0.004913766115036443,1000.0
