ZL,error,N
0.02228256359364384,0.0052497216772126615,1000.0
