ZL,error,N
0.14864271677858718,0.00294432359999617,1000.0
