ZL,error,N
0.09800928782042069,0.004163062756507092,1000.0
