ZL,error,N
0.05870410012463173,0.004630579958661564,1000.0
