ZL,error,N
0.12014611937416651,0.003666768570294417,1000.0
