ZL,error,N
0.07702120880559145,0.004418800336365505,1000.0
