ZL,error,N
0.03732375537703057,0.005060032269597017,1000.0
