ZL,error,N
-0.15433315330246766,0.0033964714708020483,1000.0
