ZL,error,N
-0.0979012447172419,0.002832941249222745,1000.0
