ZL,error,N
-0.044954575665519705,0.0028901923510960877,1000.0
