ZL,error,N
-0.14556703055412007,0.003109859974035832,1000.0
