ZL,error,N
-0.15789172100351873,0.004148089201663983,1000.0
