ZL,error,N
-0.164173465673488,0.003624366424220164,1000.0
