ZL,error,N
-0.1282896847085478,0.0029471672268899826,1000.0
