O^z,error,N,total_data
-0.0050975836288512065,0.00016318978873371191,1000.0,16000.0
