O^z,error,N,total_data
-0.0010222119780214846,5.4207720057813936e-05,1000.0,28000.0
