O^z,error,N,total_data
-0.0621198685801946,0.0009682916394228079,1000.0,1000.0
