O^z,error,N,total_data
-0.002395221609005927,0.00011959779479157296,1000.0,20000.0
