O^z,error,N,total_data
-0.017236470576960945,0.00023851234658457573,1000.0,12000.0
