O^z,error,N,total_data
-0.0006429962992242918,3.528967179056841e-05,1000.0,32000.0
