O^z,error,N,total_data
-0.001413839027221267,8.376017237458918e-05,1000.0,24000.0
