O^z,error,N,total_data
-0.04857950697721956,0.0005256387904348941,2997.0,47952.0
