O^z,error,N,total_data
-0.1386342794444205,0.0033748761159373315,2999.0,2999.0
