O^z,error,N,total_data
-0.033697727749222056,0.00039979400217179484,2998.0,59960.0
