O^z,error,N,total_data
-0.011517025224162009,0.00020872128101845282,2987.0,95584.0
