O^z,error,N,total_data
-0.01659907248886212,0.00025975343735469477,2990.0,83720.0
