O^z,error,N,total_data
-0.07792630986833407,0.0007627930024814873,2999.0,35988.0
