O^z,error,N,total_data
-0.022137374891531333,0.00031384025969986227,2995.0,71880.0
