O^z,error,N,total_data
-0.023151426607481426,0.00021265154052760462,4999.0,119976.0
