O^z,error,N,total_data
-0.14000398600293182,0.003196103845757748,3000.0,3000.0
