O^z,error,N,total_data
-0.05118217634777772,0.0002701958029910675,10000.0,160000.0
