O^z,error,N,total_data
-0.13808658133795118,0.0019565391602068324,8000.0,8000.0
