O^z,error,N,total_data
-0.05116545225179093,0.0003023105882115528,8000.0,128000.0
