O^z,error,N,total_data
-0.05118891636933162,0.0003808560224920282,5000.0,80000.0
