O^z,error,N,total_data
-0.01208742411261212,0.00014166755296213086,4998.0,159936.0
