O^z,error,N,total_data
-0.023310199048159133,0.00016905934693388792,7998.0,191952.0
