O^z,error,N,total_data
-0.0501829819118613,0.0004836338635967677,3000.0,48000.0
