O^z,error,N,total_data
-0.01232388870389065,0.00010069247131492287,9996.0,319872.0
