O^z,error,N,total_data
-0.13854584755670518,0.001758933702297084,10000.0,10000.0
