O^z,error,N,total_data
-0.01214837878137378,0.00017920846491024345,3000.0,96000.0
