O^z,error,N,total_data
-0.01224377645426306,0.00011205692391623943,7997.0,255904.0
