O^z,error,N,total_data
-0.13960936009853941,0.0024513047048948062,5000.0,5000.0
