O^z,error,N,total_data
-0.02298821330756709,0.0002723678673522139,2999.0,71976.0
