O^z,error,N,total_data
-0.023310129890901723,0.00015157476443436154,9998.0,239952.0
