O^z,error,N,total_data
0.001004701126062372,8.800386317490103e-05,976.0,31232.0
