O^z,error,N,total_data
0.0025235940362367958,0.00014822402810312643,991.0,23784.0
