O^z,error,N,total_data
0.007688563269595335,0.00028286731422243834,996.0,15936.0
