O^z,error,N,total_data
0.027025157220782265,0.002110766241920788,997.0,997.0
