O^z,error,N,total_data
0.05465982524127856,0.0027422571788295346,1000.0,1000.0
