O^z,error,N,total_data
-0.3540385111825043,0.006147020457839358,1.0,28.0
