O^z,error,N,total_data
-0.34249537053659634,0.005658961785054523,1.0,64.0
