O^z,error,N,total_data
-0.34107146906935376,0.005070197072087722,1.0,48.0
