O^z,error,N,total_data
-0.38048390479487326,0.0091790232141442,1.0,16.0
