O^z,error,N,total_data
-0.3389010912124065,0.004028780914224828,1.0,80.0
