O^z,error,N,total_data
-0.36783853598877153,0.007833400175681468,1.0,20.0
