O^z,error,N,total_data
-0.3612036399038434,0.006213842476079757,1.0,24.0
