O^z,error,N,total_data
-0.3482838686216105,0.008310544735004633,1.0,32.0
