O^z,error,N,total_data
-0.409007729188696,0.010891845563378716,1.0,12.0
