ZL,error,N
0.4026088624934531,0.0028296614234646117,1000.0
