ZL,error,N
0.3339622825065357,0.0030528622768469186,1000.0
