ZL,error,N
0.14497364139091368,0.0027892628596061456,1000.0
