ZL,error,N
0.025744311634383493,0.0020265237074417364,1000.0
