ZL,error,N
0.508509801613993,0.002490448173335583,1000.0
