ZL,error,N
0.46142483449993527,0.00276295982125973,1000.0
