ZL,error,N
0.2491699531937206,0.0030843459245273814,1000.0
