O^z,error,N,total_data
-0.006481829334963303,0.00024294077041355942,498.0,31872.0
