O^z,error,N,total_data
-0.04935280742458236,0.0006076833490178343,1000.0,24000.0
