O^z,error,N,total_data
-0.004614084207936832,0.00012551424492400707,999.0,79920.0
