O^z,error,N,total_data
-0.030462392511509354,0.0004318371903144001,1000.0,32000.0
