O^z,error,N,total_data
-0.08908455873805268,0.0009978350699564932,1000.0,16000.0
