O^z,error,N,total_data
-0.014464320827133947,0.0003408569708265279,500.0,24000.0
