O^z,error,N,total_data
-0.1954731710160472,0.0057997059347136845,1000.0,1000.0
