ZL,error,N
-0.09528653499653579,0.004699120075344068,1000.0
