ZL,error,N
-0.12762742501870075,0.0033493733604126013,1000.0
