ZL,error,N
-0.10656764915557092,0.0025218575926240524,1000.0
