ZL,error,N
-0.0641179679072208,0.0025673178487537374,1000.0
