ZL,error,N
-0.11143141950501254,0.004266140606675696,1000.0
