ZL,error,N
-0.12258013433503925,0.002900614375343593,1000.0
