ZL,error,N
-0.12158922917229417,0.003797630961835842,1000.0
