O^z,error,N,total_data
-0.18589810133078835,0.005896169374957368,1000.0,1000.0
