O^z,error,N,total_data
-0.02439094426133771,0.00041904185512951173,1000.0,32000.0
