O^z,error,N,total_data
-0.08046913129525587,0.0009848617513384765,1000.0,16000.0
