O^z,error,N,total_data
-0.043085267248779285,0.0005982041784197739,1000.0,24000.0
