ZL,error,N
-0.1849331198341638,0.001603577717547704,1000.0
