ZL,error,N
-0.22593354678564062,0.0019415084252131934,1000.0
