ZL,error,N
-0.2637663523011626,0.0033667992484686356,1000.0
