ZL,error,N
-0.263314422603518,0.0038885340585800426,1000.0
