ZL,error,N
-0.12029942182848699,0.0013338595106373102,1000.0
