ZL,error,N
-0.2610866524557227,0.002756381591520204,1000.0
