ZL,error,N
-0.24724752200343525,0.0023850838063213474,1000.0
