ZL,error,N
-0.34742065845749204,0.005633085100661023,500.0
