ZL,error,N
-0.46861348431395367,0.004505683046124885,1000.0
