ZL,error,N
0.04766936928807988,0.004241892337830241,1000.0
