ZL,error,N
0.2252348207830963,0.004939839080734445,1000.0
