ZL,error,N
0.26826677005481553,0.005126473765127842,1000.0
