ZL,error,N
-0.06611066522495818,0.0020771251359777035,1000.0
