ZL,error,N
0.16937288060066505,0.004867937558185261,1000.0
