ZL,error,N
-0.019459992007384692,0.0033776411012983783,1000.0
