ZL,error,N
0.11054258790129268,0.0047924868930528195,1000.0
