O^z,error,N,total_data
-0.2204967948333316,0.00047788363804251354,1000.0,32000.0
