O^z,error,N,total_data
-0.19273551533116504,0.00039712483943748036,1000.0,48000.0
