O^z,error,N,total_data
-0.2111523400792152,0.0004451876219476012,1000.0,36000.0
