O^z,error,N,total_data
-0.22812806429553106,0.0005054548112785642,1000.0,28000.0
