O^z,error,N,total_data
-0.28553748654459593,0.0006639201758596469,1000.0,16000.0
