O^z,error,N,total_data
-0.15754355288261318,0.00026617920818500777,1000.0,128000.0
