O^z,error,N,total_data
-0.19909179699461965,0.0004030780732419852,1000.0,44000.0
