O^z,error,N,total_data
-0.16056880081970265,0.0005920011537700023,200.0,25600.0
