O^z,error,N,total_data
-0.18083272350715796,0.0003453550302190371,1000.0,64000.0
