O^z,error,N,total_data
-0.20445591715042383,0.00042620754936812733,1000.0,40000.0
