O^z,error,N,total_data
-0.25966586941574443,0.0005895275231820892,1000.0,20000.0
