O^z,error,N,total_data
-0.40215973481753436,0.002864530403754486,1000.0,1000.0
