O^z,error,N,total_data
-0.32627718729791,0.0007782399311579289,1000.0,12000.0
