O^z,error,N,total_data
-0.24154722005791532,0.0005459169476673135,1000.0,24000.0
