ZL,error,N
0.029020983159946,0.0073744446951809475,999.0
