ZL,error,N
0.09219909543837307,0.00826211853995668,997.0
