ZL,error,N
0.07490176949461852,0.007931725412463893,999.0
