ZL,error,N
0.0943944324638128,0.008522781000940024,992.0
