O^z,error,N,total_data
-0.016837325233302256,0.00016053088604147612,4996.0,159872.0
