O^z,error,N,total_data
-0.06208008308416068,0.00041178415314319387,5000.0,80000.0
