O^z,error,N,total_data
-0.06191874841354958,0.0005290032114655423,3000.0,48000.0
