O^z,error,N,total_data
-0.03050891478099634,0.000188754451002285,7997.0,191928.0
