O^z,error,N,total_data
-0.03052085021454254,0.0003028678293801346,3000.0,72000.0
