O^z,error,N,total_data
-0.06126509053338651,0.0002889767501677724,10000.0,160000.0
