O^z,error,N,total_data
-0.017335435658869542,0.00011431679447790237,9992.0,319744.0
