O^z,error,N,total_data
-0.1575299275260754,0.0018323443510674007,10000.0,10000.0
