O^z,error,N,total_data
-0.017213987508549272,0.00012836315019888235,7993.0,255776.0
