O^z,error,N,total_data
-0.030679565543310184,0.00016879487911025123,9997.0,239928.0
