O^z,error,N,total_data
-0.15931268253456035,0.0025849385947232344,5000.0,5000.0
