O^z,error,N,total_data
-0.0173154610824148,0.0002107629024694882,2998.0,95936.0
