O^z,error,N,total_data
-0.03078518037883583,0.00023609929902104,4999.0,119976.0
