O^z,error,N,total_data
-0.06124648671385228,0.0003235512605306268,8000.0,128000.0
