O^z,error,N,total_data
-0.1575026871788499,0.002052898776391982,8000.0,8000.0
