O^z,error,N,total_data
-0.1612134694652237,0.003377044924782199,3000.0,3000.0
