O^z,error,N,total_data
-0.08999441718581823,0.0003793225534417226,10000.0,120000.0
