O^z,error,N,total_data
-0.1528374856824203,0.0017073179981562754,10000.0,10000.0
