O^z,error,N,total_data
-0.060088327185866555,0.0002299063059294935,10000.0,200000.0
