O^z,error,N,total_data
-0.08375018777000319,0.00030075863902709847,10000.0,160000.0
