O^z,error,N,total_data
-0.12229431062159117,0.0004167677780092073,10000.0,120000.0
