O^z,error,N,total_data
-0.012489025795410216,0.0001129089083391354,9974.0,319168.0
