O^z,error,N,total_data
-0.0008196808433195907,0.00011288319243639032,969.0,77520.0
