O^z,error,N,total_data
-0.04931790831641827,0.00031612076633829596,7998.0,127968.0
