O^z,error,N,total_data
-0.0017743392290495781,0.00018888978909753493,494.0,31616.0
