O^z,error,N,total_data
-0.022747469569213613,0.000187186990737974,7988.0,191712.0
