O^z,error,N,total_data
-0.1355146602144709,0.0020351183116705403,8000.0,8000.0
