O^z,error,N,total_data
-0.003736973805400896,0.00028413287480110605,494.0,23712.0
