ZL,error,N
0.02210360150651534,0.0008219740922813826,10000.0
