ZL,error,N
0.03177107444195886,0.0012220182154369554,5000.0
