ZL,error,N
0.0219237132548323,0.0009164260778392326,8000.0
