ZL,error,N
0.014902465108122268,0.0007862914765822361,10000.0
