ZL,error,N
0.015154651399664595,0.0008789607725505999,8000.0
