ZL,error,N
0.015041133849930307,0.0011155275377714637,5000.0
