ZL,error,N
0.03060712123024786,0.0008686039300005906,10000.0
