ZL,error,N
0.054334481757115374,0.0010378917463113643,8000.0
