ZL,error,N
0.02221346688356083,0.001154229114608731,5000.0
