ZL,error,N
0.05420699430638315,0.0009285358872046459,10000.0
