ZL,error,N
0.014336137865110527,0.0014289390658063078,3000.0
