ZL,error,N
0.05523374023886564,0.001324384533367502,5000.0
