ZL,error,N
0.030443051508405358,0.0009695505534565975,8000.0
