ZL,error,N
0.03217082703612078,0.0015748551443970234,3000.0
