ZL,error,N
0.030484412172619865,0.007588511821704244,1000.0
