ZL,error,N
0.13272995205647717,0.008777819111420195,999.0
