ZL,error,N
0.1089824921416858,0.008555381629839473,1000.0
