ZL,error,N
0.0867778460270631,0.00846645210751805,1000.0
