O^z,error,N,total_data
-0.3548096092604782,0.00535917315947181,1.0,24.0
