O^z,error,N,total_data
-0.41470483381222517,0.009422118526033698,1.0,12.0
