O^z,error,N,total_data
-0.3363781094113343,0.007995061048331514,1.0,32.0
