O^z,error,N,total_data
-0.3475074013421978,0.008530610212754254,1.0,28.0
