O^z,error,N,total_data
-0.38164659185896144,0.007677934998979438,1.0,16.0
