O^z,error,N,total_data
-0.363627856194012,0.0054666829186328595,1.0,20.0
