ZL,error,N
-0.0028757011445688734,0.0009100881755454958,10000.0
