ZL,error,N
-0.0025005425177549822,0.0009099058328465805,10000.0
