ZL,error,N
-0.0038207958710275206,0.0009125758156330868,10000.0
