O^z,error,N,total_data
-0.02054320483365799,0.0005036708434283433,1000.0,24000.0
