O^z,error,N,total_data
-0.009998148532179929,0.00033119058844303343,998.0,31936.0
