O^z,error,N,total_data
-0.0001807341763418276,0.0001013200082612843,972.0,77760.0
