O^z,error,N,total_data
-0.0035359729309341064,0.00018784907089724746,993.0,47664.0
