O^z,error,N,total_data
-0.001607170182308407,0.00012747711645239173,985.0,63040.0
