O^z,error,N,total_data
-0.3569851385859511,0.0006584216373302001,1000.0,12000.0
