O^z,error,N,total_data
-0.21510158754994024,0.00038314034666233964,1000.0,32000.0
