O^z,error,N,total_data
-0.2749411935366502,0.0004866670653485812,1000.0,20000.0
