O^z,error,N,total_data
-0.230650006795798,0.0004036775726710891,1000.0,28000.0
