O^z,error,N,total_data
-0.3069639163722135,0.0005625936987529363,1000.0,16000.0
