O^z,error,N,total_data
-0.24864964499229167,0.0004308256113890672,1000.0,24000.0
