O^z,error,N,total_data
-0.4420312702871472,0.002289730633341378,1000.0,1000.0
