O^z,error,N,total_data
-0.0034507878491428024,0.00020676734711589433,496.0,39680.0
