O^z,error,N,total_data
-0.02546928633792669,0.00024105457816397735,2999.0,95968.0
