O^z,error,N,total_data
-0.03985045610630272,0.0001892076946888306,9998.0,239952.0
