O^z,error,N,total_data
-0.07488348394799942,0.0005684752876909801,3000.0,48000.0
