O^z,error,N,total_data
-0.18182456842175412,0.0026194950780561886,5000.0,5000.0
