O^z,error,N,total_data
-0.17947883567740774,0.0020762511903657153,8000.0,8000.0
