O^z,error,N,total_data
-0.03984802596115372,0.0002117176376248802,7999.0,191976.0
