O^z,error,N,total_data
-0.024583671012103604,0.00018485917516315498,4998.0,159936.0
