O^z,error,N,total_data
-0.0405171137744136,0.0002683915461394826,5000.0,120000.0
