O^z,error,N,total_data
-0.07453838127089842,0.0003126334159477344,9999.0,159984.0
