O^z,error,N,total_data
-0.024200574796783933,0.00014574875832843386,7998.0,255936.0
