O^z,error,N,total_data
-0.07463426512829878,0.0004387412971608043,5000.0,80000.0
