O^z,error,N,total_data
-0.18016525696256283,0.001854787925760887,10000.0,10000.0
