O^z,error,N,total_data
-0.07450965664153879,0.0003479123034184432,8000.0,128000.0
