O^z,error,N,total_data
-0.006040976746013068,0.0002428246707753878,498.0,31872.0
