O^z,error,N,total_data
-0.024299780239566377,0.0001305002278956636,9998.0,319936.0
