O^z,error,N,total_data
-0.04005388536316396,0.0003409863831509744,3000.0,72000.0
