O^z,error,N,total_data
-0.18645876537079176,0.0033996686064598535,3000.0,3000.0
