O^z,error,N,total_data
-0.32416085002033473,0.013438495038693675,1.0,16.0
