O^z,error,N,total_data
-0.2244374903606909,0.006477000927436889,1.0,32.0
