O^z,error,N,total_data
-0.2321757333268839,0.009053518072161941,1.0,28.0
