O^z,error,N,total_data
-0.3783485962530199,0.016991638561999457,1.0,12.0
