O^z,error,N,total_data
-0.25450746930969487,0.010574776290594291,1.0,24.0
