O^z,error,N,total_data
-0.281098969360397,0.012092714888316583,1.0,20.0
