ZL,error,N
-0.06262855174945761,0.00442574586306581,1000.0
