ZL,error,N
-0.11142811448525321,0.0023546491473080975,1000.0
