ZL,error,N
-0.08554378132579392,0.003941157906621871,1000.0
