ZL,error,N
-0.10461761359288145,0.003107598490389404,1000.0
