ZL,error,N
-0.08711205901177901,0.002058690223988922,1000.0
