ZL,error,N
-0.0004513526890053164,0.005420365609232383,1000.0
