ZL,error,N
-0.027526687835626926,0.005031845409852216,1000.0
