ZL,error,N
0.07390433811162184,0.00456668631314697,1000.0
