ZL,error,N
0.12338817848024555,0.003659990859721227,1000.0
