ZL,error,N
0.10320066321535605,0.004093914973857805,1000.0
