ZL,error,N
0.08629919917362613,0.004388974127232577,1000.0
