ZL,error,N
0.14624283260232873,0.0031093851416446596,1000.0
