ZL,error,N
0.04291038196437743,0.005049686190223086,1000.0
