ZL,error,N
0.05794376138133598,0.004885606643077849,1000.0
