ZL,error,N
-0.013671373663134055,0.008198096662733112,1000.0
