ZL,error,N
-0.10083435014108294,0.003178030587558294,1000.0
