ZL,error,N
-0.033685085097975576,0.005139495010278933,1000.0
