ZL,error,N
-0.09090683438269076,0.0037571261060554053,1000.0
