ZL,error,N
-0.07660339113305098,0.004172161759566167,1000.0
