ZL,error,N
-0.05562379452823928,0.004674946376035685,1000.0
