ZL,error,N
-0.0992703302358323,0.0025506808626347545,1000.0
