ZL,error,N
-0.06806029915311076,0.002495411217260774,1000.0
