O^z,error,N,total_data
-0.2480887556067931,0.0007529483095570547,1000.0,16000.0
