O^z,error,N,total_data
-0.15821737881147888,0.0001332059741395362,10000.0,320000.0
