O^z,error,N,total_data
-0.21523221457618752,0.0006285543562311392,1000.0,20000.0
