O^z,error,N,total_data
-0.1580386626529275,0.00042433079240683904,1000.0,32000.0
