O^z,error,N,total_data
-0.17276625898752201,0.0004800626025387746,1000.0,28000.0
