O^z,error,N,total_data
-0.19124352881116938,0.00017207853398754986,10000.0,240000.0
