O^z,error,N,total_data
-0.21499865686026393,0.00020098777818660973,10000.0,200000.0
