O^z,error,N,total_data
-0.2979046395475791,0.0009642926642304408,1000.0,12000.0
