O^z,error,N,total_data
-0.17283039520225424,0.00015063286331031247,10000.0,280000.0
