O^z,error,N,total_data
-0.37752150599818224,0.0011603029974508192,10000.0,10000.0
