O^z,error,N,total_data
-0.24782091232521658,0.0002424908104868493,10000.0,160000.0
