O^z,error,N,total_data
-0.29687752728227684,0.0003072323515182098,10000.0,120000.0
