O^z,error,N,total_data
-0.37755493180706057,0.003801340167646386,1000.0,1000.0
