O^z,error,N,total_data
-0.19029374010208824,0.0005453913267584265,1000.0,24000.0
