ZL,error,N
0.29394747016332623,0.002530706885650806,1000.0
