ZL,error,N
0.255258788222902,0.0015321039790688789,1000.0
