ZL,error,N
0.3060215843053308,0.002879134090557656,1000.0
