ZL,error,N
0.28461814569016247,0.002366124164783797,1000.0
