ZL,error,N
0.27203454179098535,0.0020313406419699676,1000.0
