ZL,error,N
0.3239200400396544,0.0030706610077026832,1000.0
