ZL,error,N
0.31519043839058664,0.0030628026903309533,1000.0
