O^z,error,N,total_data
-0.3764622766100554,0.007568338731831078,1.0,20.0
