O^z,error,N,total_data
-0.412122649262258,0.009245126453775161,1.0,12.0
