O^z,error,N,total_data
-0.36983881330013973,0.0060793931942247775,1.0,24.0
