O^z,error,N,total_data
-0.3911156179789643,0.008319067326467052,1.0,16.0
