O^z,error,N,total_data
-0.3658892774013162,0.005104938716565692,1.0,28.0
