O^z,error,N,total_data
-0.365738442122043,0.006339885787366847,1.0,32.0
