ZL,error,N
0.02586666377456344,0.004305198632404051,1000.0
