ZL,error,N
0.05903835650182101,0.003917265925309574,1000.0
