ZL,error,N
0.10026935075156061,0.0033291692953674656,1000.0
