ZL,error,N
-0.0224311731798625,0.004734764714677985,1000.0
