ZL,error,N
-0.003305495354739206,0.004507235133954891,1000.0
