ZL,error,N
-0.06643656821965017,0.005013159653102155,1000.0
