ZL,error,N
-0.050392849142412356,0.0047707137700606205,1000.0
