ZL,error,N
-0.1653722220545608,0.004188917711268,1000.0
