ZL,error,N
-0.059035286792509856,0.004013815356206583,1000.0
