ZL,error,N
0.04041166280444926,0.0032687658705132885,1000.0
