ZL,error,N
-0.13165756835996759,0.003993291356770832,1000.0
