ZL,error,N
-0.09875765313752434,0.004106004363104641,1000.0
