ZL,error,N
-0.1917933739240647,0.004157744629068169,1000.0
