ZL,error,N
-0.012939837797762515,0.003649141177945351,1000.0
