ZL,error,N
0.010877168309761775,0.0008854053194840804,8000.0
