ZL,error,N
0.0033567905151303825,0.0014601182061785354,3000.0
