ZL,error,N
0.010744855065829631,0.001120590750667038,5000.0
