ZL,error,N
0.004866849334155288,0.000828786692211018,9989.0
