ZL,error,N
0.010916514997367475,0.001454391517890851,3000.0
