ZL,error,N
0.005483972283842972,0.0008772451820241391,8000.0
