ZL,error,N
0.004560694953946467,0.0015192014780238032,2996.0
