ZL,error,N
0.008236278600264007,0.0009971120633523946,7986.0
