ZL,error,N
0.010752189283156115,0.0007887983337431786,10000.0
