ZL,error,N
0.00798134495545609,0.0008910750918987754,9982.0
