ZL,error,N
0.00548653188777561,0.000785800008580908,10000.0
