ZL,error,N
0.010077593025353264,0.0016379303986894078,2998.0
