ZL,error,N
0.0047826573634522,0.0011199243480603074,5000.0
