ZL,error,N
0.004835311823769519,0.001183695892341629,4993.0
