ZL,error,N
0.005022689399470895,0.0009268351997784034,7990.0
