ZL,error,N
0.008559710669966667,0.0012591906989881183,4995.0
