O^z,error,N,total_data
-0.0190992961327064,0.0002729391426073811,500.0,32000.0
