O^z,error,N,total_data
-0.012463770182193575,0.00013439427541437455,1000.0,80000.0
