O^z,error,N,total_data
-0.029728595423305738,0.00037721692534675635,500.0,24000.0
