O^z,error,N,total_data
-0.22286584940230497,0.0006020391993512133,1000.0,20000.0
