O^z,error,N,total_data
-0.3900522931342721,0.0037142764314746558,1000.0,1000.0
