O^z,error,N,total_data
-0.16621816209889473,0.00040817785391248913,1000.0,32000.0
