O^z,error,N,total_data
-0.1794257803067946,0.00045963509739929475,1000.0,28000.0
