O^z,error,N,total_data
-0.30598399413382127,0.0009361783169488894,1000.0,12000.0
