O^z,error,N,total_data
-0.25516454195152294,0.0007167285011437564,1000.0,16000.0
