O^z,error,N,total_data
-0.19829230608454418,0.0005160401601120633,1000.0,24000.0
