ZL,error,N
-0.48551541278954086,0.011831091682684728,881.0
