ZL,error,N
-0.27077909944664047,0.003921192455330044,1000.0
