ZL,error,N
-0.23728195506132974,0.002387552249420466,1000.0
