ZL,error,N
-0.25972665689226965,0.0028323753148845904,1000.0
