ZL,error,N
-0.17186068814072042,0.0017676931259296591,1000.0
