ZL,error,N
-0.2649649377741375,0.0035544294788477223,1000.0
