ZL,error,N
-0.21625844559111168,0.0020000867072853764,1000.0
