ZL,error,N
-0.10463752530211892,0.0016793618302926793,1000.0
