O^z,error,N,total_data
-0.3994928839069864,0.015057815719673823,1.0,12.0
