O^z,error,N,total_data
-0.31166322381478034,0.008409910272016336,1.0,24.0
