O^z,error,N,total_data
-0.3543136027063075,0.013604365023786402,1.0,16.0
