O^z,error,N,total_data
-0.25615253940110566,0.003580380220895763,1.0,64.0
