O^z,error,N,total_data
-0.3274432041002707,0.012634454778659985,1.0,20.0
