O^z,error,N,total_data
-0.2874549942262109,0.007384961688379145,1.0,32.0
