O^z,error,N,total_data
-0.24950576530670246,0.003080861815073141,1.0,128.0
