O^z,error,N,total_data
-0.2647878654134673,0.0052116162166499745,1.0,48.0
