O^z,error,N,total_data
-0.2932600809047539,0.009445076256444307,1.0,28.0
