O^z,error,N,total_data
0.032680752827611334,0.000337780759277248,1000.0,32000.0
