O^z,error,N,total_data
0.07454934048838058,0.000692001227634606,1000.0,16000.0
