O^z,error,N,total_data
0.04763734886094395,0.0004724264919211967,1000.0,24000.0
