O^z,error,N,total_data
0.011249149349560195,0.00014013380452171175,1000.0,64000.0
