O^z,error,N,total_data
0.002921637052318451,5.078969144354659e-05,1000.0,128000.0
