O^z,error,N,total_data
0.1329067900139461,0.0033790885857767202,1000.0,1000.0
