O^z,error,N,total_data
-0.2644413742638638,0.0007298656583776854,1000.0,16000.0
