O^z,error,N,total_data
-0.31328967059319157,0.0008804964321741008,1000.0,12000.0
