O^z,error,N,total_data
-0.23588713455159566,0.0006244556310544807,1000.0,20000.0
