O^z,error,N,total_data
-0.1854146194789177,0.00044161039787767324,1000.0,32000.0
