O^z,error,N,total_data
-0.2138923755024247,0.0005418636564892679,1000.0,24000.0
