O^z,error,N,total_data
-0.3960125482250734,0.0033158161091156727,1000.0,1000.0
