O^z,error,N,total_data
-0.19777333231855235,0.00048350831400274894,1000.0,28000.0
