O^z,error,N,total_data
-0.0018334332516705216,0.00020229951676395034,467.0,29888.0
