O^z,error,N,total_data
-0.0027572217352979512,0.0002920094767591205,486.0,23328.0
