O^z,error,N,total_data
-0.00040407411357485995,0.00013069625734275434,922.0,73760.0
