O^z,error,N,total_data
-0.09431631942418338,0.00035828934140067766,1000.0,48000.0
