O^z,error,N,total_data
-0.09313821680236635,0.0005028557600957955,500.0,24000.0
