O^z,error,N,total_data
-0.11851980212621625,0.00045452665488450336,1000.0,36000.0
