O^z,error,N,total_data
-0.07429942588112243,0.00039148960082965655,500.0,32000.0
