O^z,error,N,total_data
-0.10103568586269172,0.0003782717403782344,1000.0,44000.0
