O^z,error,N,total_data
-0.10862012305082469,0.0004152717335705362,1000.0,40000.0
