O^z,error,N,total_data
-0.06158002773592208,0.0002249473573174415,1000.0,80000.0
