ZL,error,N
-0.017074668592155076,0.0009367168289838547,10000.0
