ZL,error,N
-0.009680276245067319,0.0008964159143132468,10000.0
