ZL,error,N
-0.013499205325877122,0.0010136779275085747,10000.0
