ZL,error,N
-0.04356658676659277,0.0006639203755133303,1000.0
