ZL,error,N
0.3494372917246172,0.0024133012264341046,1000.0
