ZL,error,N
0.1486180286596291,0.0017371824061471468,1000.0
