ZL,error,N
0.0549095849794939,0.0013001827441586826,1000.0
