ZL,error,N
0.39672403187980004,0.002495554983219274,1000.0
