ZL,error,N
0.22595394903541402,0.0020806726557267164,1000.0
