ZL,error,N
0.29420579951060905,0.002133152300169424,1000.0
