O^z,error,N,total_data
-0.10420283698095154,0.0005404639314576346,1000.0,20000.0
