O^z,error,N,total_data
-0.059013930950116485,0.0003565065728273309,1000.0,28000.0
