O^z,error,N,total_data
-0.04564290901037205,0.00029627084138171637,1000.0,32000.0
