O^z,error,N,total_data
-0.19630204044533114,0.0008132730396772996,1000.0,12000.0
