O^z,error,N,total_data
-0.024593831326746897,0.0020710358216646176,1.0,16.0
