O^z,error,N,total_data
-0.006250836788011548,0.0011032917211198966,1.0,24.0
