O^z,error,N,total_data
-0.001660018364825757,0.0012019418591528558,1.0,32.0
