O^z,error,N,total_data
-0.010203735345507869,0.0010279423216153145,1.0,20.0
