O^z,error,N,total_data
-0.06021416532608159,0.002081307326715106,1.0,12.0
