O^z,error,N,total_data
-0.00606181429696568,0.0015435892191821858,1.0,28.0
