O^z,error,N,total_data
-0.15805407866134688,0.00013363430213964836,10000.0,320000.0
