O^z,error,N,total_data
-0.2150316568975458,0.00020092210217253896,10000.0,200000.0
