O^z,error,N,total_data
-0.19091509143610289,0.000541883852573961,1000.0,24000.0
