O^z,error,N,total_data
-0.1727198820832312,0.00015060147277014914,10000.0,280000.0
