O^z,error,N,total_data
-0.19093273412202214,0.00017233007279900315,10000.0,240000.0
