O^z,error,N,total_data
-0.21423528657872892,0.0006375961672597016,1000.0,20000.0
