O^z,error,N,total_data
-0.29738402869809843,0.0003053673816373639,10000.0,120000.0
