O^z,error,N,total_data
-0.2480205392388279,0.00024304347473524615,10000.0,160000.0
