O^z,error,N,total_data
-0.17293740651361386,0.0004807226507754433,1000.0,28000.0
