O^z,error,N,total_data
-0.24812873608062985,0.0007643690084676888,1000.0,16000.0
