O^z,error,N,total_data
-0.2983378935321221,0.0009613077185012799,1000.0,12000.0
