O^z,error,N,total_data
-0.15843898581967691,0.000421267863850296,1000.0,32000.0
