O^z,error,N,total_data
-0.3780834592088195,0.0038270763571066724,1000.0,1000.0
