O^z,error,N,total_data
-0.3774675094996892,0.0011591520137438967,10000.0,10000.0
