ZL,error,N
-0.0014183104990337532,0.003254840291295778,1000.0
