ZL,error,N
0.01516247427983576,0.003788727933517897,1000.0
