ZL,error,N
-0.008041220813187692,0.002645459209396269,1000.0
