ZL,error,N
0.035155778255803224,0.00424772699145605,1000.0
