ZL,error,N
0.25804281389944767,0.002291212657617021,1000.0
