ZL,error,N
0.26959578552289715,0.002536206002019797,1000.0
