ZL,error,N
0.28856059702272885,0.002783158593517276,1000.0
