ZL,error,N
0.2786436931986042,0.0026755909121820654,1000.0
