ZL,error,N
0.25061886406228934,0.0020735438153135968,1000.0
