ZL,error,N
0.293344636786302,0.003003089239120449,1000.0
