ZL,error,N
0.23626244331138024,0.001674613662739584,1000.0
