O^z,error,N,total_data
-0.025082691962705822,0.00048038058857219606,1000.0,24000.0
