O^z,error,N,total_data
-0.14130653060873852,0.005542386148575433,1000.0,1000.0
