O^z,error,N,total_data
-0.014014146560291539,0.0003317304994697835,1000.0,32000.0
