O^z,error,N,total_data
-0.05423187457855289,0.0008534605447184409,1000.0,16000.0
