O^z,error,N,total_data
-0.3174327535778249,0.0008641917105740264,1000.0,12000.0
