O^z,error,N,total_data
-0.19072372488608563,0.00043351052878727955,1000.0,28000.0
