O^z,error,N,total_data
-0.23379597869627594,0.0005734813502896195,1000.0,20000.0
