O^z,error,N,total_data
-0.17704213353655973,0.00039437453891920214,1000.0,32000.0
