ZL,error,N
0.03791688990483533,0.0044741278776565556,995.0
