ZL,error,N
0.02371448363540251,0.00558236252279308,500.0
