ZL,error,N
0.00483228077024199,0.0032032419522311055,1000.0
