ZL,error,N
0.02575927138694363,0.005418123788106477,498.0
