ZL,error,N
-0.005636194504944146,0.003060233800454198,1000.0
