ZL,error,N
0.008390387010249389,0.0028974424951691566,1000.0
