ZL,error,N
-0.0063436692627402945,0.002885123175189855,1000.0
