O^z,error,N,total_data
-0.19824715180772337,0.00037319857179583685,1000.0,28000.0
