O^z,error,N,total_data
-0.24404195394951328,0.0005133535878864278,1000.0,20000.0
