O^z,error,N,total_data
-0.33002993664372965,0.0007626405918513189,1000.0,12000.0
