O^z,error,N,total_data
-0.1827472247123468,0.0003424816774457018,1000.0,32000.0
