O^z,error,N,total_data
-0.03797363246704914,0.00046401181119123816,2999.0,47984.0
