O^z,error,N,total_data
-0.03849735548739777,0.00029071732142482617,7999.0,127984.0
