O^z,error,N,total_data
-0.11563155100598906,0.001957944753252564,8000.0,8000.0
