O^z,error,N,total_data
-0.01713478429077351,0.00027191708375268273,3000.0,72000.0
