O^z,error,N,total_data
-0.008393113021687848,0.00013397806847467313,4981.0,159392.0
