O^z,error,N,total_data
-0.11691346607518997,0.0024623086034068274,5000.0,5000.0
