O^z,error,N,total_data
-0.11624382617541591,0.0017474186560291454,10000.0,10000.0
