O^z,error,N,total_data
-0.03801001974825917,0.00036675312171753453,4999.0,79984.0
