O^z,error,N,total_data
-0.11928618057011663,0.0032176032453811697,3000.0,3000.0
