O^z,error,N,total_data
-0.008539840039564879,0.0001681909493055429,2991.0,95712.0
