O^z,error,N,total_data
-0.01705420724122567,0.00016411792054078395,7991.0,191784.0
