O^z,error,N,total_data
-0.016970910666140673,0.00020795437166518655,4997.0,119928.0
