O^z,error,N,total_data
-0.008417686686225072,9.540704657409003e-05,9962.0,318784.0
