O^z,error,N,total_data
-0.03863866863424738,0.00025982203172285584,9999.0,159984.0
