O^z,error,N,total_data
-0.01727509255267261,0.00014695479999762183,9986.0,239664.0
