O^z,error,N,total_data
-0.008354357813849567,0.00010736427015979857,7968.0,254976.0
