ZL,error,N
-0.17977611395003215,0.007395460381146671,1000.0
