ZL,error,N
-0.0503492503411827,0.008690535567367784,1000.0
