ZL,error,N
-0.08578723703986917,0.008662834323855109,1000.0
