ZL,error,N
-0.12294216972563712,0.008422771350485534,1000.0
