ZL,error,N
-0.32853321089771204,0.003195278758694025,1000.0
