ZL,error,N
-0.043391383180800144,0.0023463126273727056,1000.0
