ZL,error,N
-0.290742689754568,0.0029203735187125195,1000.0
