ZL,error,N
-0.3666359657304234,0.0032616390264285054,1000.0
