ZL,error,N
-0.12077213792875711,0.0026965512685097233,1000.0
