ZL,error,N
-0.1856765557652114,0.0028432709879054902,1000.0
