ZL,error,N
-0.24056928942326888,0.003092370130424805,1000.0
