ZL,error,N
-0.11204981594211891,0.0005866499940869489,5000.0
