ZL,error,N
-0.09950073277136626,0.0031418398373109124,1000.0
