ZL,error,N
0.016954849516436415,0.0027903355874799693,3000.0
