ZL,error,N
-0.0249986886553891,0.004367193100409088,1000.0
