ZL,error,N
0.05616083901492461,0.002902049489064204,3000.0
