ZL,error,N
-0.10460380601814671,0.0011135749207050172,8000.0
