ZL,error,N
-0.11294453362808583,0.001322226198575549,1000.0
