ZL,error,N
-0.12366532288324349,0.0020760494122718403,1000.0
