ZL,error,N
-0.06560656206313781,0.003906916979997644,1000.0
