ZL,error,N
-0.11219409928309881,0.0004169368393649924,10000.0
