ZL,error,N
-0.12431836448732862,0.0007550772180881291,8000.0
