ZL,error,N
-0.1037787600774419,0.000994611830702251,10000.0
