ZL,error,N
-0.10394679433689301,0.0014122315628544938,5000.0
