ZL,error,N
-0.027314585198119672,0.002528879949219759,3000.0
