ZL,error,N
-0.12436890716401261,0.0009564663081709215,5000.0
