ZL,error,N
-0.12385359807817968,0.0006756907918562705,10000.0
