ZL,error,N
0.020038275769379638,0.004860991005354581,1000.0
