ZL,error,N
-0.06916150791198655,0.0022402502007046084,3000.0
