ZL,error,N
-0.11213400537319594,0.0004673741951252072,8000.0
