ZL,error,N
-0.1110242333289237,0.003677540488277644,1000.0
