ZL,error,N
-0.080310119668657,0.0037598946501866447,1000.0
