ZL,error,N
-0.14820738288479732,0.0037729305742771066,1000.0
