ZL,error,N
-0.13356265121185756,0.0036235740328365417,1000.0
