ZL,error,N
-0.04296446283947814,0.003589589059969401,1000.0
