ZL,error,N
0.008594995547052035,0.0033460408480501178,1000.0
