ZL,error,N
-0.16020468198122148,0.003873149038771404,1000.0
