O^z,error,N,total_data
-0.0985339462107458,0.0007411690423561062,1000.0,16000.0
