O^z,error,N,total_data
-0.03685862157390542,0.00034227670398354396,1000.0,28000.0
