O^z,error,N,total_data
-0.06780660228566447,0.0005638947294701329,1000.0,20000.0
