O^z,error,N,total_data
-0.027485446008437008,0.0002813215030722153,1000.0,32000.0
