O^z,error,N,total_data
-0.047677458313513534,0.0004232619611810169,1000.0,24000.0
