O^z,error,N,total_data
-0.14507749651352678,0.0010087472868788654,1000.0,12000.0
