O^z,error,N,total_data
-0.22856224173021955,0.004105960852818766,1000.0,1000.0
