ZL,error,N
0.036743742021964315,0.003927751102200984,1000.0
