ZL,error,N
-0.08439647336318348,0.0047672866939502305,1000.0
