ZL,error,N
-0.06836872301037655,0.004671088186130354,1000.0
