ZL,error,N
-0.04353359669644542,0.004495960640325981,1000.0
