ZL,error,N
0.004239028483457731,0.004232160557581266,1000.0
