ZL,error,N
0.07949156834668712,0.003490060303639034,1000.0
