ZL,error,N
-0.020957472520896088,0.0044377588693813716,1000.0
