O^z,error,N,total_data
-0.001020312127295208,0.00022959258407148807,473.0,30272.0
