O^z,error,N,total_data
-0.0006451281098001319,0.0001820023674873356,463.0,37040.0
