ZL,error,N
0.2489612633806923,0.0017071618194864219,10000.0
