ZL,error,N
0.24524974149714307,0.00116059428303873,10000.0
