ZL,error,N
0.24008326337456898,0.0009652055524867188,10000.0
