ZL,error,N
0.24682320894683057,0.0015326065051988094,10000.0
