ZL,error,N
0.228725772008601,0.0017239463602566581,1000.0
