ZL,error,N
0.23802520670073002,0.0031548031849612584,1000.0
