ZL,error,N
0.2409267078425009,0.0023382643481663903,1000.0
