ZL,error,N
0.24721149504090537,0.004207969581093795,1000.0
