ZL,error,N
0.24225944063971452,0.004789939835806418,1000.0
