ZL,error,N
0.23775486624571834,0.0036909562237982738,1000.0
