ZL,error,N
0.2360317435012317,0.0007654592146905563,10000.0
