ZL,error,N
0.2489549204020123,0.00533599139164805,1000.0
