ZL,error,N
0.24522714037326987,0.001342680214592656,10000.0
