ZL,error,N
0.22982688336981988,0.0005470805481719099,10000.0
