ZL,error,N
-0.060350693400242905,0.0016221356792166471,1000.0
