ZL,error,N
0.01743608828856644,0.0027966684300814062,1000.0
