O^z,error,N,total_data
-0.3402353247634989,0.00040186421993498693,1000.0,24000.0
