O^z,error,N,total_data
-0.35430924077196085,0.00038477435405557923,1000.0,20000.0
