O^z,error,N,total_data
-0.4025867477523992,0.0004946878346568111,1000.0,12000.0
