O^z,error,N,total_data
-0.4676419423813901,0.0015956257884934364,1000.0,1000.0
