O^z,error,N,total_data
-0.3275787121806029,0.0003861277512895618,1000.0,32000.0
