O^z,error,N,total_data
-0.33188862214716536,0.0004215713187835463,1000.0,28000.0
