O^z,error,N,total_data
-0.3723621064058572,0.00039922739947705147,1000.0,16000.0
