O^z,error,N,total_data
-0.16724587336980326,0.005862805712521258,1000.0,1000.0
