O^z,error,N,total_data
-0.018952612042295838,0.00037693394280576865,1000.0,32000.0
