O^z,error,N,total_data
-0.03232230344921513,0.0005391365026514576,1000.0,24000.0
