O^z,error,N,total_data
-0.06359003400800428,0.0009239473416864327,1000.0,16000.0
