O^z,error,N,total_data
-0.07582913563705257,0.0004422441028802656,5000.0,80000.0
