O^z,error,N,total_data
-0.02431548142810977,0.0001323857323272424,9995.0,319840.0
