O^z,error,N,total_data
-0.040008503642633496,0.000213279327027182,7999.0,191976.0
