O^z,error,N,total_data
-0.18821556184957494,0.0034476424530297213,3000.0,3000.0
