O^z,error,N,total_data
-0.18215091149004758,0.0018724510164002622,10000.0,10000.0
