O^z,error,N,total_data
-0.07557604348405111,0.0003117755155276016,9999.0,159984.0
