O^z,error,N,total_data
-0.04027291185636558,0.00019115554394402555,9998.0,239952.0
