O^z,error,N,total_data
-0.1817425076125488,0.0020957221655138426,8000.0,8000.0
