O^z,error,N,total_data
-0.07535009641958357,0.00034761998464913444,8000.0,128000.0
