O^z,error,N,total_data
-0.18421350961690236,0.002639140392542329,5000.0,5000.0
