O^z,error,N,total_data
-0.024297760006582195,0.00014766180183798153,7996.0,255872.0
