O^z,error,N,total_data
-0.024585609426866932,0.00019011957599490362,4998.0,159936.0
