O^z,error,N,total_data
-0.07654250736505086,0.0005665882538529466,3000.0,48000.0
