O^z,error,N,total_data
-0.04088232611193683,0.00026917067683330837,5000.0,120000.0
