O^z,error,N,total_data
-0.025128003705846516,0.00024668231224768877,2999.0,95968.0
