O^z,error,N,total_data
-0.04151455015240713,0.0003480917549925996,3000.0,72000.0
