O^z,error,N,total_data
-0.2934487995717393,0.0030147574555830442,3000.0,3000.0
