O^z,error,N,total_data
-0.10885232186887434,0.0003978619308604127,3000.0,72000.0
