O^z,error,N,total_data
-0.035916383054166265,0.0002331931212497426,1000.0,64000.0
