O^z,error,N,total_data
-0.024854048738371375,0.00017840779910737706,1000.0,80000.0
