O^z,error,N,total_data
-0.08171880410541936,0.0002888678100142454,3000.0,96000.0
