O^z,error,N,total_data
-0.16083258787916666,0.0005855601784183103,3000.0,48000.0
