O^z,error,N,total_data
-0.12989149955449958,0.0004712442357654455,3000.0,60000.0
