O^z,error,N,total_data
-0.20778397166017834,0.0007613083501388754,3000.0,36000.0
