O^z,error,N,total_data
-0.09371885516610992,0.0003344932934526078,3000.0,84000.0
