O^z,error,N,total_data
-0.05200748055093526,0.0003229489184417103,1000.0,48000.0
