O^z,error,N,total_data
-0.07421091688597155,0.00044070133674522805,1000.0,32000.0
