O^z,error,N,total_data
-0.29907190209691065,0.003922022875720865,1000.0,1000.0
