O^z,error,N,total_data
-0.16351871467019102,0.0008328534797479097,1000.0,16000.0
