O^z,error,N,total_data
-0.10378046132180169,0.0005787296671609811,1000.0,24000.0
