O^z,error,N,total_data
-0.2137566478572781,0.0010405473546990765,1000.0,12000.0
