O^z,error,N,total_data
-0.08596666497372804,0.0004983018179654658,1000.0,28000.0
