O^z,error,N,total_data
-0.1304978951778831,0.0006960989402656445,1000.0,20000.0
