O^z,error,N,total_data
-0.15388149449978464,0.0002520700665331511,3000.0,132000.0
