O^z,error,N,total_data
-0.18032352407439073,0.0001628316101676358,10000.0,320000.0
