O^z,error,N,total_data
-0.22984699492846938,0.000375032366186229,3000.0,60000.0
