O^z,error,N,total_data
-0.18032392091490113,0.0002983563154982446,3000.0,96000.0
