O^z,error,N,total_data
-0.20908383624844198,0.0003426365827011426,3000.0,72000.0
