O^z,error,N,total_data
-0.19365556068827802,0.00031707911978155696,3000.0,84000.0
