O^z,error,N,total_data
-0.14840370039043768,0.000242133304450411,3000.0,144000.0
