O^z,error,N,total_data
-0.08349004830056496,0.00024189340750452757,1000.0,128000.0
