O^z,error,N,total_data
-0.20902714029676042,0.0001868412824899815,10000.0,240000.0
