O^z,error,N,total_data
-0.23021006062262753,0.000205503035804139,10000.0,200000.0
