O^z,error,N,total_data
-0.259425786399788,0.00041966867299736817,3000.0,48000.0
