O^z,error,N,total_data
-0.16053964230130907,0.00026312304773040403,3000.0,120000.0
