O^z,error,N,total_data
-0.16949289234635576,0.0002802600941145923,3000.0,108000.0
