O^z,error,N,total_data
-0.1936301436365962,0.00017268678795714844,10000.0,280000.0
