O^z,error,N,total_data
-0.16486464409967705,0.0002794750577869148,10000.0,120000.0
