O^z,error,N,total_data
-0.2547911545040742,0.001044281684204934,10000.0,10000.0
