O^z,error,N,total_data
-0.11404052951594267,0.00021167847573054526,10000.0,160000.0
