ZL,error,N
0.013178031904930745,0.005682989845048447,500.0
