ZL,error,N
0.014135890948685925,0.005839608375569836,500.0
