ZL,error,N
0.039277170436805495,0.004467585382060251,999.0
