ZL,error,N
0.0024388919975080457,0.001159656650120633,5000.0
