ZL,error,N
0.0028504752770544886,0.0008159880360617652,10000.0
