ZL,error,N
0.008692649618654102,0.0014790419374642342,3000.0
