ZL,error,N
0.008318585758091704,0.0009073453882127555,8000.0
