ZL,error,N
0.008894463281074572,0.0011479181730074757,5000.0
