ZL,error,N
0.004973200701990154,0.0011949051673647794,4999.0
