ZL,error,N
0.01922113204211315,0.0012350531039960065,5000.0
