ZL,error,N
0.010903341323423073,0.004543904646714189,499.0
