ZL,error,N
0.0031292157663718786,0.0009187784142489141,8000.0
