ZL,error,N
0.0028837184827521273,0.0014917731123063249,3000.0
