ZL,error,N
0.0035383617645793493,0.0008375406959384474,9998.0
