ZL,error,N
0.013797785027310784,0.00452425336257328,498.0
