ZL,error,N
0.017753633206212312,0.001606929823996311,3000.0
