ZL,error,N
0.004054706966449037,0.0009378643281479733,7998.0
