ZL,error,N
0.0077071727809929986,0.0008137482780935433,10000.0
