ZL,error,N
0.01854838587946242,0.0008679875837468623,10000.0
