ZL,error,N
0.018559286585476432,0.0009737897366875445,8000.0
