ZL,error,N
0.004504743248907031,0.0015337209811145138,2999.0
