ZL,error,N
0.014114625711389798,0.003543943964744793,990.0
