O^z,error,N,total_data
-0.005280926956459325,8.660818357877888e-05,1000.0,28000.0
