O^z,error,N,total_data
-0.009183035527598181,0.00012476289365003987,1000.0,24000.0
