O^z,error,N,total_data
-0.1482626395210634,0.0020693390759933448,1000.0,1000.0
