O^z,error,N,total_data
-0.016765275090001894,0.0001881834364594523,1000.0,20000.0
