O^z,error,N,total_data
-0.03367272941691381,0.0003068214094936863,1000.0,16000.0
