O^z,error,N,total_data
-0.00283477141778992,4.8821871126976786e-05,1000.0,32000.0
