O^z,error,N,total_data
-0.06911444830375021,0.00047862885278164455,1000.0,12000.0
