O^z,error,N,total_data
-0.2306115736753762,0.0004959150026024969,1000.0,20000.0
