O^z,error,N,total_data
-0.17990614208882752,0.0003574858803239003,1000.0,28000.0
