O^z,error,N,total_data
-0.26893568882922636,0.0005947628266434584,1000.0,16000.0
