O^z,error,N,total_data
-0.4121755477485866,0.002976812065143375,1000.0,1000.0
