O^z,error,N,total_data
-0.2022443293205064,0.00040753164541607035,1000.0,24000.0
