O^z,error,N,total_data
-0.16380974506711396,0.0003083539171849613,1000.0,32000.0
