O^z,error,N,total_data
-0.32297718385367064,0.0007796221213123713,1000.0,12000.0
