ZL,error,N
0.2603624215074464,0.0012998901260638876,1000.0
