ZL,error,N
0.2820838270498916,0.0018921794250444412,1000.0
