ZL,error,N
0.2951472689480017,0.002331250308502251,1000.0
