ZL,error,N
0.3442223232335615,0.0032263482213691066,1000.0
