ZL,error,N
0.30679122054565844,0.0026113901257803383,1000.0
