ZL,error,N
0.32283473599555657,0.002915222913798642,1000.0
