ZL,error,N
0.32998349388628506,0.00322606404281849,1000.0
