O^z,error,N,total_data
-0.36230233463281736,0.0005956104297744741,1000.0,12000.0
