O^z,error,N,total_data
-0.4272836046402261,0.00196763480761894,1000.0,1000.0
