O^z,error,N,total_data
-0.2831046938722222,0.0004329715353887561,1000.0,28000.0
