O^z,error,N,total_data
-0.3068968489834418,0.00047845719788825917,1000.0,20000.0
