O^z,error,N,total_data
-0.3277486479966374,0.0005205649516910138,1000.0,16000.0
