O^z,error,N,total_data
-0.2952704959920188,0.00044753977842081874,1000.0,24000.0
