O^z,error,N,total_data
-0.27872391152669396,0.00040973189687990464,1000.0,32000.0
