O^z,error,N,total_data
-0.00922566845657059,0.00014582321302639495,1000.0,80000.0
