O^z,error,N,total_data
-0.01487185178557162,0.00026919121521682153,500.0,32000.0
