O^z,error,N,total_data
-0.024176994782627883,0.00037739604497877304,500.0,24000.0
