ZL,error,N
0.025820313152695486,0.005209263589375597,499.0
