ZL,error,N
0.024243500175616516,0.0040303259963183485,992.0
