ZL,error,N
0.026900901050596886,0.005513791888505677,498.0
