ZL,error,N
-0.1845060682800868,0.0037372462241499057,2000.0
