ZL,error,N
-0.18407875473835222,0.005347412847982592,1000.0
