ZL,error,N
-0.1916418670812721,0.003440321416580196,2000.0
