ZL,error,N
-0.1789098254450648,0.003901481203392096,2000.0
