ZL,error,N
-0.19459630550017262,0.004707595676539684,1000.0
