ZL,error,N
-0.17547015506508803,0.0041417808856208035,2000.0
