ZL,error,N
-0.17035735659819495,0.005873101887417487,1000.0
