ZL,error,N
-0.1810092219242274,0.005355908330503089,1000.0
