ZL,error,N
0.22776816076175255,0.001227223918109443,10000.0
