ZL,error,N
0.2263140540223536,0.0010181578870996038,10000.0
