ZL,error,N
0.22281268323873865,0.000569882519776208,10000.0
