ZL,error,N
0.22197856707004748,0.0018295661836404923,10000.0
