ZL,error,N
0.2177087032931815,0.005711090499524361,1000.0
