ZL,error,N
0.2214719792627041,0.0038616729586530714,1000.0
