ZL,error,N
0.22575474716766203,0.0007971631002834086,10000.0
