ZL,error,N
0.22855943569900353,0.002514964078404863,1000.0
