ZL,error,N
0.21580362903199363,0.005263380879747918,1000.0
