ZL,error,N
0.22495785044122235,0.0014356394989117718,10000.0
