ZL,error,N
0.22925346177575784,0.0044927065193235,1000.0
