ZL,error,N
0.22215832481985567,0.0016473820333814013,10000.0
