ZL,error,N
0.22383530049121225,0.003324215216047879,1000.0
