ZL,error,N
0.22307120561931074,0.0017924223922685814,1000.0
