ZL,error,N
0.16088321075938164,0.003315022114877349,1000.0
