ZL,error,N
0.12819895250573252,0.004395509002938269,1000.0
