ZL,error,N
0.17739184619197476,0.002709279245063152,1000.0
