ZL,error,N
0.11073962394710674,0.00479231997366023,1000.0
