ZL,error,N
0.10262999590247956,0.005056703905122345,1000.0
