ZL,error,N
0.1469738768298277,0.003791693181085864,1000.0
