ZL,error,N
0.13224195889698417,0.004192301688906,1000.0
