O^z,error,N,total_data
0.0027518641726953555,0.00011835470413696077,1000.0,32000.0
