O^z,error,N,total_data
0.005449971029358624,0.00018676433720990753,1000.0,24000.0
