O^z,error,N,total_data
0.013430961691262943,0.00035258218431317637,1000.0,16000.0
