O^z,error,N,total_data
0.04383342690033271,0.002584148570577523,1000.0,1000.0
