O^z,error,N,total_data
-0.07417359239785777,0.0008123529273456158,1000.0,12000.0
