O^z,error,N,total_data
-0.0412381302875155,0.0005188283450379264,1000.0,16000.0
