O^z,error,N,total_data
-0.14502595357291606,0.0037962184101212855,1000.0,1000.0
