O^z,error,N,total_data
-0.006001637027554346,0.00013655717399572398,1000.0,32000.0
