O^z,error,N,total_data
-0.008707287795909333,0.00015976576327064824,1000.0,28000.0
