O^z,error,N,total_data
-0.024901896967331746,0.0003623738934447604,1000.0,20000.0
