O^z,error,N,total_data
-0.014200251796934883,0.00023070824947696764,1000.0,24000.0
