O^z,error,N,total_data
-0.15645904977777403,0.0004995717422169835,1000.0,32000.0
