O^z,error,N,total_data
-0.17027504446309488,0.0005221190206728379,1000.0,28000.0
