O^z,error,N,total_data
-0.2115903279348017,0.0006169438068615071,1000.0,20000.0
