O^z,error,N,total_data
-0.29003458165346063,0.0007782199981248671,1000.0,12000.0
