O^z,error,N,total_data
-0.0021924066194024105,0.00011563099802277957,990.0,63360.0
