O^z,error,N,total_data
-0.00432110982284003,0.00018372292004424805,994.0,47712.0
