O^z,error,N,total_data
-0.013044546106606285,0.0003437936545578814,999.0,31968.0
