O^z,error,N,total_data
-0.0006478736225016445,8.809677519505346e-05,979.0,78320.0
