O^z,error,N,total_data
-0.022757188157917985,0.0004927027988815679,999.0,23976.0
