O^z,error,N,total_data
-0.0003668211960833415,0.0001647205912559666,450.0,36000.0
