O^z,error,N,total_data
-0.0016611537634435491,0.000288604396670086,471.0,30144.0
