ZL,error,N
-0.021260207467117015,0.00820934014834408,1000.0
