ZL,error,N
0.1286718586178066,0.009363306130312103,1000.0
