ZL,error,N
0.07774817487026088,0.00921313847480755,1000.0
