ZL,error,N
0.156916535329995,0.00994811095990548,1000.0
