ZL,error,N
0.24512253453312993,0.003984478170121413,1000.0
