ZL,error,N
0.2315108262153079,0.0017938045770941194,1000.0
