ZL,error,N
0.24500278388143806,0.005026316835439385,1000.0
