ZL,error,N
0.23954047181210458,0.0030544799650108296,1000.0
