ZL,error,N
0.23867645285552602,0.004650087984960932,1000.0
