ZL,error,N
0.2378339763988566,0.003640468506959263,1000.0
