ZL,error,N
0.2406045425363328,0.0024635572868465065,1000.0
