ZL,error,N
-0.15650959484505086,0.0034216645998025623,1000.0
