ZL,error,N
-0.17152537473896137,0.0035350304622922307,1000.0
