ZL,error,N
-0.017173186069176973,0.0031519987475776227,1000.0
