ZL,error,N
-0.07128115367129079,0.0031867356448716157,1000.0
