ZL,error,N
-0.17660711866157686,0.0037827754254943988,1000.0
