ZL,error,N
-0.1376443499575166,0.0033524586230248917,1000.0
