ZL,error,N
-0.1105434935119278,0.0033669165486259656,1000.0
