ZL,error,N
-0.05914116382993898,0.0040268502654043515,1000.0
