ZL,error,N
-0.0914875757342286,0.003284063049303249,1000.0
