ZL,error,N
-0.02001134585127741,0.004561827866832446,1000.0
