ZL,error,N
-0.10500760723906413,0.001521471520557191,1000.0
