ZL,error,N
-0.11620896687244078,0.002238280758640955,1000.0
