ZL,error,N
0.0635875698261762,0.005223970170572337,1000.0
