ZL,error,N
0.025462909428860397,0.004975042500745069,1000.0
