O^z,error,N,total_data
-0.16108855404351977,0.0006445867598230894,1000.0,24000.0
