O^z,error,N,total_data
-0.18518402699964098,0.0007483777038297569,1000.0,20000.0
