O^z,error,N,total_data
-0.21551144792978288,0.0008721991893232188,1000.0,16000.0
