O^z,error,N,total_data
-0.13047586463394684,0.0005119995617666171,1000.0,32000.0
