O^z,error,N,total_data
-0.3460615088592759,0.004084710554826695,1000.0,1000.0
