O^z,error,N,total_data
-0.14523905418867586,0.0005612834937180003,1000.0,28000.0
