O^z,error,N,total_data
-0.2634898833125187,0.0010795815219806744,1000.0,12000.0
