ZL,error,N
0.04588020259445715,0.004956528798147393,1000.0
