ZL,error,N
0.02092720499077418,0.005626638667163171,1000.0
