ZL,error,N
-0.012977231422189017,0.006537414875582425,1000.0
