ZL,error,N
0.08253182116813121,0.004154019696630778,1000.0
