ZL,error,N
0.14783807986417366,0.0022718408138417334,1000.0
