ZL,error,N
-0.03819120358732822,0.007175364577349457,1000.0
