ZL,error,N
0.11996192169804619,0.0032353794912610974,1000.0
