O^z,error,N,total_data
-0.46028380753723813,0.0019063039491915058,1000.0,1000.0
