O^z,error,N,total_data
-0.3488337742275885,0.0004914483256308609,1000.0,16000.0
