O^z,error,N,total_data
-0.32667891941250027,0.0004473085215132758,1000.0,20000.0
