O^z,error,N,total_data
-0.3033117882530215,0.00039399874873715854,1000.0,28000.0
