O^z,error,N,total_data
-0.31242659800379086,0.00040883625665027426,1000.0,24000.0
