O^z,error,N,total_data
-0.3849600421467238,0.0005664185929763545,1000.0,12000.0
