O^z,error,N,total_data
-0.29418687430548385,0.00038813098912189744,1000.0,32000.0
