ZL,error,N
0.20707647059308246,0.004532873898003249,1000.0
