ZL,error,N
-0.10112403356258934,0.0013779842834312805,1000.0
