ZL,error,N
-0.07287925258746657,0.0025897063063971297,1000.0
