ZL,error,N
-0.01825115666992635,0.003550456695451101,1000.0
