ZL,error,N
0.10128258505113681,0.0042913204255249715,1000.0
