ZL,error,N
0.1581527146482894,0.0044742580959178935,1000.0
