ZL,error,N
0.04268951443179076,0.004131044178521167,1000.0
