O^z,error,N,total_data
0.04410342459986313,0.0004519401967296499,1000.0,24000.0
