O^z,error,N,total_data
0.029584869522525245,0.0003173804016452097,1000.0,32000.0
