O^z,error,N,total_data
0.1288596918423676,0.003401319882080086,1000.0,1000.0
