O^z,error,N,total_data
0.07034890403278662,0.0006723512153129029,1000.0,16000.0
