O^z,error,N,total_data
-0.17600526501252248,0.0004732381311917762,1000.0,28000.0
