O^z,error,N,total_data
-0.161822760250482,0.0004191854180284055,1000.0,32000.0
