O^z,error,N,total_data
-0.38585649804547617,0.003615606611510862,1000.0,1000.0
