O^z,error,N,total_data
-0.21815530186228158,0.000630259017966604,1000.0,20000.0
