O^z,error,N,total_data
-0.19345685014771644,0.0005383200782206728,1000.0,24000.0
