O^z,error,N,total_data
-0.29974403529135113,0.0009673556736077834,1000.0,12000.0
