O^z,error,N,total_data
-0.25023647034542346,0.000759542393269528,1000.0,16000.0
