O^z,error,N,total_data
-0.2109630684080491,0.0007013394514301195,1000.0,20000.0
