O^z,error,N,total_data
-0.15874831137785297,0.0005104412404781662,1000.0,32000.0
