O^z,error,N,total_data
-0.18709753424431053,0.0006263170171795738,1000.0,24000.0
