O^z,error,N,total_data
-0.36918813103925846,0.0035027542638344264,1000.0,1000.0
