O^z,error,N,total_data
-0.28552875121821697,0.000969225041917967,1000.0,12000.0
