O^z,error,N,total_data
-0.17051842399670594,0.0005672989573249529,1000.0,28000.0
