O^z,error,N,total_data
-0.24152203658779844,0.0008089173879445251,1000.0,16000.0
