O^z,error,N,total_data
-0.1794855190969788,0.002668258165476257,1000.0,1000.0
