O^z,error,N,total_data
-0.05159748100363976,0.00042494188206485835,1000.0,16000.0
