O^z,error,N,total_data
-0.029563684378908613,0.00028004336639185273,1000.0,20000.0
