O^z,error,N,total_data
-0.01784531066266643,0.0002013215583487536,1000.0,24000.0
