O^z,error,N,total_data
-0.010663005118980428,0.00014097712061420683,1000.0,28000.0
