O^z,error,N,total_data
-0.09354878334936889,0.0006234147459449156,1000.0,12000.0
