O^z,error,N,total_data
-0.006338328465500539,8.606011645820881e-05,1000.0,32000.0
