O^z,error,N,total_data
-0.20635965386894606,0.0005291602002051939,1000.0,24000.0
