O^z,error,N,total_data
-0.3102301061954482,0.0009033682838102665,1000.0,12000.0
