O^z,error,N,total_data
-0.23013615414870237,0.0006064090140503925,1000.0,20000.0
