O^z,error,N,total_data
-0.3965871597631947,0.0033616042585545253,1000.0,1000.0
