O^z,error,N,total_data
-0.17579502487399043,0.00042767799932038193,1000.0,32000.0
