O^z,error,N,total_data
-0.190060365996474,0.0004673770854041961,1000.0,28000.0
