O^z,error,N,total_data
-0.261150715576065,0.0007174154599625925,1000.0,16000.0
