O^z,error,N,total_data
0.03234904292786041,0.0022937285230764893,999.0,999.0
