ZL,error,N
-0.1409826920668654,0.0008725296037662646,10000.0
