ZL,error,N
-0.14156125980861903,0.0008552460763889023,5000.0
