ZL,error,N
-0.14128881781230815,0.0006033605769089338,10000.0
