ZL,error,N
-0.10938801204367414,0.0006699461919287302,5000.0
