ZL,error,N
-0.10969769530071932,0.00047801148702982356,10000.0
