ZL,error,N
-0.14152757180024472,0.0012332969812592475,5000.0
