ZL,error,N
-0.12549190206099156,0.0011277205929714803,10000.0
