ZL,error,N
-0.06681452226810865,0.0015020738642456898,10000.0
