ZL,error,N
-0.1413736184268319,0.0009720483523104777,8000.0
