ZL,error,N
-0.09815688587714473,0.0013323883539105407,10000.0
