ZL,error,N
-0.10940331862046221,0.000534862222956602,8000.0
