ZL,error,N
-0.1417801478672649,0.0006732587551470802,8000.0
