O^z,error,N,total_data
-0.01963708716265893,0.00016658641417945726,1000.0,80000.0
