O^z,error,N,total_data
-0.028717912083067065,0.00021763367138436188,1000.0,64000.0
