O^z,error,N,total_data
-0.09747541313223794,0.0003882087521797375,3000.0,72000.0
