O^z,error,N,total_data
-0.12012793790863396,0.0004650126184891662,3000.0,60000.0
