O^z,error,N,total_data
-0.2812087375815007,0.0030484207826512234,3000.0,3000.0
