O^z,error,N,total_data
-0.19708871323218982,0.0007588250327590778,3000.0,36000.0
