O^z,error,N,total_data
-0.15013596411039262,0.0005790068073621635,3000.0,48000.0
