O^z,error,N,total_data
-0.07124947260060545,0.0002827990055321079,3000.0,96000.0
