O^z,error,N,total_data
-0.040526861192614665,0.00030614770221762806,1000.0,48000.0
