O^z,error,N,total_data
-0.08254793168280007,0.00033031086588710155,3000.0,84000.0
