O^z,error,N,total_data
-0.3052084533859037,0.0005289335257842006,1000.0,16000.0
