O^z,error,N,total_data
-0.24752676581563057,0.00042796361577800374,1000.0,32000.0
