O^z,error,N,total_data
-0.4127035709802332,0.0017879815657917946,1000.0,1000.0
