O^z,error,N,total_data
-0.34309363078743976,0.0005753947884334089,1000.0,12000.0
