O^z,error,N,total_data
-0.2525306620299332,0.00044926923273823306,1000.0,28000.0
