O^z,error,N,total_data
-0.2814138227597148,0.0004914801688344961,1000.0,20000.0
