O^z,error,N,total_data
-0.2676042484577122,0.00046309664480726756,1000.0,24000.0
