O^z,error,N,total_data
-0.10410143065611453,0.0007708200743530395,1000.0,16000.0
