O^z,error,N,total_data
-0.03089495125996659,0.00029838145897835095,1000.0,32000.0
