O^z,error,N,total_data
-0.07398923838544023,0.0005828717723728797,1000.0,20000.0
