O^z,error,N,total_data
-0.23567047729992546,0.004156196662993285,1000.0,1000.0
