O^z,error,N,total_data
-0.05345238805159849,0.0004505405228104905,1000.0,24000.0
