O^z,error,N,total_data
-0.15231677267115856,0.0010329623960613958,1000.0,12000.0
