O^z,error,N,total_data
-0.04049767991761595,0.0003667763768068653,1000.0,28000.0
