ZL,error,N
-0.10921838068531191,0.004208863703152333,1000.0
