ZL,error,N
-0.10680963430030462,0.004359414998416473,1000.0
