ZL,error,N
-0.1040307135847885,0.004066787410029786,1000.0
