ZL,error,N
-0.10618120954946644,0.004085310812906146,1000.0
