O^z,error,N,total_data
-0.25334395976264745,0.0004961723301848847,1000.0,20000.0
