O^z,error,N,total_data
-0.1946010760003147,0.00035545215511611263,1000.0,32000.0
