O^z,error,N,total_data
-0.2104146673163169,0.00039413260883476255,1000.0,28000.0
