O^z,error,N,total_data
-0.3357595080595259,0.0007560390111142308,1000.0,12000.0
