O^z,error,N,total_data
-0.282125872463012,0.0005850874558549981,1000.0,16000.0
