O^z,error,N,total_data
-0.18148815247941483,0.00031895732606934576,1000.0,32000.0
