O^z,error,N,total_data
-0.21786923266120595,0.0004049535408534731,1000.0,24000.0
