O^z,error,N,total_data
-0.1977123163196404,0.0003594776449145994,1000.0,28000.0
