O^z,error,N,total_data
-0.24512586476995998,0.0004856057293129696,1000.0,20000.0
