O^z,error,N,total_data
-0.3358499480686656,0.0007191708216511512,1000.0,12000.0
