O^z,error,N,total_data
-0.4265165858646548,0.0027629366997548046,1000.0,1000.0
