O^z,error,N,total_data
-0.0012865737166199926,0.00011374766216799738,1000.0,16000.0
