O^z,error,N,total_data
-0.000326903816781212,4.251806703920899e-05,1000.0,24000.0
