O^z,error,N,total_data
-0.03233594830651103,0.0007710171707875932,1000.0,1000.0
