O^z,error,N,total_data
-0.0005716401909821432,7.347258942590226e-05,1000.0,20000.0
