O^z,error,N,total_data
-0.0001814318726697246,1.770666771467068e-05,1000.0,32000.0
