O^z,error,N,total_data
-0.005883700243448117,0.00017595919006301695,1000.0,12000.0
