O^z,error,N,total_data
-0.00019110555269761728,2.3940381290338845e-05,1000.0,28000.0
