ZL,error,N
0.03493746549811561,0.007955286348200696,1000.0
