ZL,error,N
0.08966592476877507,0.00849434870033693,997.0
