ZL,error,N
0.05058924832473642,0.007845186042594798,1000.0
