ZL,error,N
-0.03832016223616558,0.007559520735239863,1000.0
