ZL,error,N
0.07287211081784362,0.008156046590586389,1000.0
