ZL,error,N
0.06382566193742285,0.009310571087191534,936.0
