O^z,error,N,total_data
-0.17154286722792567,0.0006350226892945843,1000.0,24000.0
