O^z,error,N,total_data
-0.22331551252236087,0.0008677706718372305,1000.0,16000.0
