O^z,error,N,total_data
-0.1537858222912846,0.0005562809073562374,1000.0,28000.0
