O^z,error,N,total_data
-0.19452407784066467,0.0007278919628757517,1000.0,20000.0
