O^z,error,N,total_data
-0.14093521079763943,0.0005081186919311389,1000.0,32000.0
