O^z,error,N,total_data
-0.35590019092695835,0.0039698850722337175,1000.0,1000.0
