O^z,error,N,total_data
-0.27160220322743267,0.0010725336588607395,1000.0,12000.0
