O^z,error,N,total_data
-0.24902780309139463,0.0005329477456913125,1000.0,24000.0
