O^z,error,N,total_data
-0.17880686331069842,0.00025094579181761064,1000.0,128000.0
