O^z,error,N,total_data
-0.26777312724548524,0.0005769747043949401,1000.0,20000.0
