O^z,error,N,total_data
-0.22172018524041293,0.00042938328633958565,1000.0,36000.0
