O^z,error,N,total_data
-0.40947353142097004,0.002868260585484297,1000.0,1000.0
