O^z,error,N,total_data
-0.21428031172810344,0.0004153245741739578,1000.0,40000.0
