O^z,error,N,total_data
-0.2111250003816508,0.00038555863922208925,1000.0,44000.0
