O^z,error,N,total_data
-0.22879983670393075,0.00046546311777302733,1000.0,32000.0
