O^z,error,N,total_data
-0.20468115272506104,0.00038774128809282573,1000.0,48000.0
