O^z,error,N,total_data
-0.2371747731582064,0.0004891623040379962,1000.0,28000.0
