O^z,error,N,total_data
-0.2916380166267827,0.0006459744979128329,1000.0,16000.0
