O^z,error,N,total_data
-0.3320592030612963,0.0007648112755298056,1000.0,12000.0
