O^z,error,N,total_data
-0.1918072077955736,0.00034333088310855057,1000.0,64000.0
