O^z,error,N,total_data
-0.028345692213830837,0.0002242522300999382,1000.0,24000.0
