O^z,error,N,total_data
-0.019262941966647247,0.00017986712881480873,1000.0,28000.0
