O^z,error,N,total_data
-0.2239523842793802,0.0023936274192749374,1000.0,1000.0
