O^z,error,N,total_data
-0.04624653604069236,0.000322775618385472,1000.0,20000.0
