O^z,error,N,total_data
-0.07673322643364797,0.00046219226227831365,1000.0,16000.0
