O^z,error,N,total_data
-0.12734496422340877,0.0006234842933304626,1000.0,12000.0
