O^z,error,N,total_data
-0.22382158638054883,0.0023856868360612317,1000.0,1000.0
