O^z,error,N,total_data
-0.012762815474611736,0.00013165596719393,1000.0,32000.0
