O^z,error,N,total_data
-0.02839463353932982,0.00022502829045888663,1000.0,24000.0
