O^z,error,N,total_data
-0.012788448397703238,0.00013140976939947412,1000.0,32000.0
