O^z,error,N,total_data
-0.12731697054286606,0.0006226154233947881,1000.0,12000.0
