O^z,error,N,total_data
-0.07680384082777897,0.0004623456284935058,1000.0,16000.0
