O^z,error,N,total_data
-0.019262205533798257,0.00017967836210557294,1000.0,28000.0
