O^z,error,N,total_data
-0.0463343831226227,0.00032369807855326267,1000.0,20000.0
