O^z,error,N,total_data
-0.025868111879331093,0.00019571888284364576,7994.0,191856.0
