O^z,error,N,total_data
-0.01414624988695791,0.00011861487342379465,9981.0,319392.0
