O^z,error,N,total_data
-0.0010501250825522843,0.00017949233310827142,487.0,38960.0
