O^z,error,N,total_data
-0.0020546864244294686,0.0002328940328426791,490.0,31360.0
