O^z,error,N,total_data
-0.0541616007032278,0.00033030155803616835,7999.0,127984.0
