O^z,error,N,total_data
-0.14587332967353597,0.002074889552915784,8000.0,8000.0
