O^z,error,N,total_data
0.0017491711805890917,3.645888816901814e-05,1000.0,128000.0
