O^z,error,N,total_data
0.008999695370105323,0.00012425970898259116,1000.0,64000.0
