O^z,error,N,total_data
-0.18367676952087508,0.005775671077220773,1000.0,1000.0
