O^z,error,N,total_data
-0.023003999248134666,0.00042220272610472164,1000.0,32000.0
