O^z,error,N,total_data
-0.07675918540608404,0.000977069245425249,1000.0,16000.0
