O^z,error,N,total_data
-0.041125159564734025,0.0005963199436383439,1000.0,24000.0
