ZL,error,N
-0.10279289627763119,0.0026482015184238687,1000.0
