ZL,error,N
-0.14097958796585885,0.0036230377734291696,1000.0
