ZL,error,N
-0.05454852397149569,0.0027655980205861415,1000.0
