ZL,error,N
-0.13658527068960585,0.003236461570854685,1000.0
