ZL,error,N
-0.13842157625491783,0.003959304873791752,1000.0
