ZL,error,N
-0.1273608102948713,0.0029388198461689397,1000.0
