ZL,error,N
-0.12295934205693794,0.004418869847104027,1000.0
