O^z,error,N,total_data
-0.2974200180563799,0.004662713049593829,1.0,48.0
