O^z,error,N,total_data
-0.28885005371546624,0.00463131450704121,1.0,64.0
