O^z,error,N,total_data
-0.3246164581129065,0.009368903904317712,1.0,24.0
