O^z,error,N,total_data
-0.36641911691832907,0.01089710765912278,1.0,16.0
