O^z,error,N,total_data
-0.27470586775340355,0.0026046855950015253,1.0,128.0
