O^z,error,N,total_data
-0.3190539251196958,0.007218262077227635,1.0,28.0
