O^z,error,N,total_data
-0.40717239896764296,0.013357974389511558,1.0,12.0
