O^z,error,N,total_data
-0.34387398691652477,0.011882996783339825,1.0,20.0
