O^z,error,N,total_data
-0.3060040531408433,0.006792665612335571,1.0,32.0
