ZL,error,N
0.0905201467412865,0.011134519731780522,1000.0
