ZL,error,N
0.20126391607861063,0.01120325368648055,1000.0
