ZL,error,N
0.022920629659906145,0.007972592911632177,1000.0
