ZL,error,N
0.14399700487148517,0.009177854107891122,1000.0
