ZL,error,N
0.10346562113083668,0.008903421200066295,1000.0
