ZL,error,N
0.16839264813316412,0.009518152142288997,1000.0
