ZL,error,N
-0.23719079693123665,0.004234267932279062,1000.0
