ZL,error,N
-0.10950605022702857,0.001583912240885273,1000.0
