ZL,error,N
-0.23940501694948524,0.0029482978145572492,1000.0
