ZL,error,N
-0.2280426680877992,0.0024734815010241493,1000.0
