ZL,error,N
-0.21185913202302376,0.001965971854163678,1000.0
