ZL,error,N
-0.17461412627674172,0.0016236259175749193,1000.0
