ZL,error,N
-0.23840126753747323,0.0036882225085033537,1000.0
