ZL,error,N
-0.2921772337045415,0.0021548645440315263,1000.0
