ZL,error,N
-0.3206632788804315,0.0007674343177807941,10000.0
