ZL,error,N
-0.3408896660011541,0.002874097570581773,1000.0
