ZL,error,N
-0.12830471390322543,0.0012779992627018047,1000.0
