ZL,error,N
-0.3179238411102923,0.002429897226639011,1000.0
