ZL,error,N
-0.20508777924427982,0.000526158533132658,10000.0
