ZL,error,N
-0.2568436077047869,0.00194554882838887,1000.0
