ZL,error,N
-0.2563820620619586,0.0006039319093418928,10000.0
