ZL,error,N
-0.35534951614189064,0.001043092620746717,10000.0
