ZL,error,N
-0.3584605614428982,0.003076292689263168,1000.0
