ZL,error,N
-0.34104257042379876,0.0008918639964733796,10000.0
