ZL,error,N
-0.1282195501623658,0.0004059478889824655,10000.0
