ZL,error,N
-0.20183848237115426,0.0016553620625459845,1000.0
