ZL,error,N
-0.29230253358484304,0.0006737348728559003,10000.0
