O^z,error,N,total_data
-0.3150727677877549,0.003996469965167101,1.0,32.0
