O^z,error,N,total_data
-0.41407011229361274,0.010645504990847784,1.0,12.0
