O^z,error,N,total_data
-0.3271509687395275,0.0048239556431653495,1.0,28.0
