O^z,error,N,total_data
-0.35830053120639854,0.0071513501398816305,1.0,20.0
