O^z,error,N,total_data
-0.38012071440681217,0.008794806725038271,1.0,16.0
