O^z,error,N,total_data
-0.3418208152245618,0.005810560361235562,1.0,24.0
