ZL,error,N
-0.06457285093095777,0.0030066010477457716,1000.0
