ZL,error,N
-0.05392861745006466,0.004906212451774759,1000.0
