ZL,error,N
-0.02636307101462272,0.004713063184916099,1000.0
