ZL,error,N
0.06786029077642876,0.003848861092334165,1000.0
