ZL,error,N
-0.0734945691259455,0.0050601817309275906,1000.0
