ZL,error,N
0.0017034570434600156,0.004560552821548628,1000.0
