ZL,error,N
0.033719237783987076,0.004246471659525625,1000.0
