ZL,error,N
0.1050247462803008,0.003164220105069197,1000.0
