O^z,error,N,total_data
-0.13997869858847434,0.0005059338287176649,1000.0,28000.0
