O^z,error,N,total_data
-0.2687898826093495,0.0008089111492868155,1000.0,12000.0
