O^z,error,N,total_data
-0.18719710862878758,0.0006278001597307528,1000.0,20000.0
