O^z,error,N,total_data
-0.1256246612009362,0.0004825259999128095,1000.0,32000.0
