ZL,error,N
0.1969870808360442,0.003624080079475854,1000.0
