ZL,error,N
0.2810559433075096,0.0036957289510911187,1000.0
