ZL,error,N
0.35181568595613305,0.0033917795425808723,1000.0
