ZL,error,N
0.4577428562342779,0.0031503583960482084,1000.0
