ZL,error,N
0.4104586144000803,0.003373591139098821,1000.0
