ZL,error,N
0.09897186164812924,0.003212330881573839,1000.0
