ZL,error,N
-0.005308988345609106,0.0023640583738714937,1000.0
