O^z,error,N,total_data
-0.0660903725958389,0.000207671115993719,10000.0,240000.0
