O^z,error,N,total_data
-0.06638196830347827,0.00029592305579917514,5000.0,120000.0
