O^z,error,N,total_data
-0.11088814136632047,0.0005998576522280439,3000.0,48000.0
