O^z,error,N,total_data
-0.04330469802959701,0.00020631108416793408,5000.0,160000.0
