O^z,error,N,total_data
-0.1102218323680579,0.00036435240475027206,8000.0,128000.0
