O^z,error,N,total_data
-0.23150443092060435,0.0025616676192370858,5000.0,5000.0
