O^z,error,N,total_data
-0.043360116657963334,0.000264897765493731,3000.0,96000.0
