O^z,error,N,total_data
-0.22898917827337417,0.002045618585401887,8000.0,8000.0
