O^z,error,N,total_data
-0.11035294571763753,0.00032644099151188556,10000.0,160000.0
