O^z,error,N,total_data
-0.04323522490704715,0.00014623912470075652,10000.0,320000.0
