O^z,error,N,total_data
-0.043074339514987056,0.0001629335265732219,8000.0,256000.0
