O^z,error,N,total_data
-0.06569961519917429,0.0002322479434380486,8000.0,192000.0
