O^z,error,N,total_data
-0.11019190948370026,0.0004630403725045357,5000.0,80000.0
