O^z,error,N,total_data
-0.22907070030523982,0.0018239001609661656,10000.0,10000.0
