ZL,error,N
-0.0632820094818536,0.004441024153033191,1000.0
