ZL,error,N
0.08116537945184359,0.0027098135317289752,1000.0
