ZL,error,N
-0.018254627955727593,0.004013060830421362,1000.0
