ZL,error,N
-0.10486829430685707,0.004619596309144601,1000.0
