ZL,error,N
0.03279260335760782,0.003412000354094725,1000.0
