ZL,error,N
-0.1479925339259808,0.00493485578378014,1000.0
