ZL,error,N
-0.1899563716009165,0.005078317692031498,1000.0
