O^z,error,N,total_data
-0.1940711955801854,0.0005226641636780021,1000.0,24000.0
