O^z,error,N,total_data
-0.17440011574486833,0.000502959214378993,1000.0,28000.0
