O^z,error,N,total_data
-0.2177343855858008,0.0005802746399150177,1000.0,20000.0
