O^z,error,N,total_data
-0.37453955028708885,0.0022837551024400956,1000.0,1000.0
