O^z,error,N,total_data
-0.2968175108428714,0.0006989493327012131,1000.0,12000.0
