O^z,error,N,total_data
-0.2515026187563571,0.0006438734943904377,1000.0,16000.0
