O^z,error,N,total_data
-0.16100956788593657,0.00048139985019691334,1000.0,32000.0
