O^z,error,N,total_data
-0.019262503563133835,4.563046168706621e-05,10000.0,320000.0
