O^z,error,N,total_data
-0.10855034715563414,0.00012047632441559777,10000.0,160000.0
