O^z,error,N,total_data
-0.28634535594802474,0.00044165516008019606,10000.0,10000.0
