O^z,error,N,total_data
-0.04434431807747822,7.093205071169018e-05,10000.0,240000.0
