O^z,error,N,total_data
-0.17549957510196315,0.00014210069662790785,10000.0,120000.0
