O^z,error,N,total_data
-0.02932391179362274,5.552152168761513e-05,10000.0,280000.0
