O^z,error,N,total_data
-0.0681514963640802,9.328897668869058e-05,10000.0,200000.0
