O^z,error,N,total_data
-0.12623544549329396,0.0020149759297454386,8000.0,8000.0
