O^z,error,N,total_data
-0.010404252477906259,0.000104832776896696,9966.0,318912.0
