O^z,error,N,total_data
-0.04391243999308426,0.00030166882657140746,7996.0,127936.0
