O^z,error,N,total_data
-0.019788119738271954,0.00017733134166575957,7992.0,191808.0
