O^z,error,N,total_data
-0.020015895229895202,0.0002569989799682059,2991.0,83748.0
