O^z,error,N,total_data
-0.0013325631464490102,0.00012261310603404825,964.0,77120.0
