O^z,error,N,total_data
-0.039197171291927915,0.00040425204610161907,2999.0,59980.0
