O^z,error,N,total_data
-0.05679212927016415,0.0005449423771717499,3000.0,48000.0
