O^z,error,N,total_data
-0.0028801533732531947,0.0001630692850723892,979.0,62656.0
