O^z,error,N,total_data
-0.15244606497573102,0.0034168941656355107,3000.0,3000.0
