O^z,error,N,total_data
-0.014525063817311517,0.00022015494814261048,2992.0,95744.0
