O^z,error,N,total_data
-0.005858688278104977,0.0002263159484232892,996.0,47808.0
