O^z,error,N,total_data
-0.026865010629960648,0.0003231565440625553,2999.0,71976.0
