O^z,error,N,total_data
-0.08829236158823185,0.0007795117166907978,3000.0,36000.0
