ZL,error,N
0.2045618862760412,0.004481690263725644,1000.0
