ZL,error,N
0.14272571550728913,0.004375031719670592,1000.0
