ZL,error,N
-0.04718983750468579,0.0029154911163423313,1000.0
