ZL,error,N
-0.0874167681499391,0.0016144846785394395,1000.0
