ZL,error,N
0.08303666344444073,0.0042354059220780955,1000.0
