ZL,error,N
0.016942637561902327,0.003845950754070174,1000.0
