ZL,error,N
0.2513598967506568,0.004500281347174501,1000.0
