O^z,error,N,total_data
-0.1655967999785448,0.0005292973772242608,1000.0,28000.0
