O^z,error,N,total_data
-0.23700429920721033,0.0008355107414361351,1000.0,16000.0
