O^z,error,N,total_data
-0.1519136484339006,0.0004781784059189551,1000.0,32000.0
