O^z,error,N,total_data
-0.28564869675841426,0.0010220832876893292,1000.0,12000.0
