O^z,error,N,total_data
-0.18418681881503565,0.0005983936317161643,1000.0,24000.0
