O^z,error,N,total_data
-0.3701603843293424,0.003920460525487918,1000.0,1000.0
