O^z,error,N,total_data
-0.2056555533201377,0.000698654319164932,1000.0,20000.0
