ZL,error,N
0.0024305241140331756,0.002490676737770186,1000.0
