ZL,error,N
0.004202227314229945,0.0024547956558339146,1000.0
