ZL,error,N
0.024622885120854858,0.0027984217216283414,1000.0
