ZL,error,N
0.011242601174207063,0.002569536012069538,1000.0
