O^z,error,N,total_data
-0.17643794201203025,0.0022272744798833535,1000.0,1000.0
