O^z,error,N,total_data
-0.008790390742809347,0.00010964395813274722,1000.0,28000.0
