O^z,error,N,total_data
-0.04790790616292788,0.00037005566843364605,1000.0,16000.0
