O^z,error,N,total_data
-0.02621651333004279,0.0002375888305263723,1000.0,20000.0
