O^z,error,N,total_data
-0.08990513406094258,0.000532642733693025,1000.0,12000.0
