O^z,error,N,total_data
-0.005441994645152444,7.585048574880533e-05,1000.0,32000.0
