O^z,error,N,total_data
-0.014460166947023153,0.00016155997894418266,1000.0,24000.0
