O^z,error,N,total_data
-0.07209978737489026,0.0002846685079921225,10000.0,160000.0
