O^z,error,N,total_data
-0.17505748279900152,0.001770033546620832,10000.0,10000.0
