O^z,error,N,total_data
-0.1081371961953166,0.0004032786476680216,10000.0,120000.0
