O^z,error,N,total_data
-0.23803238626590156,0.0006428463298812872,1000.0,20000.0
