O^z,error,N,total_data
-0.2018219590183832,0.0005130237851443527,1000.0,28000.0
