O^z,error,N,total_data
-0.2165948738125156,0.0005732953014241285,1000.0,24000.0
