O^z,error,N,total_data
-0.39384057574627623,0.0033148065061823274,1000.0,1000.0
