O^z,error,N,total_data
-0.26569267381007905,0.0007537957164564752,1000.0,16000.0
