O^z,error,N,total_data
-0.31017378266440726,0.0008997035252867494,1000.0,12000.0
