O^z,error,N,total_data
-0.18948494112285985,0.0004704787854978883,1000.0,32000.0
