O^z,error,N,total_data
-0.06146631351974028,0.0004776666653270002,1000.0,24000.0
