O^z,error,N,total_data
-0.04655457608174984,0.0003814036714816904,1000.0,28000.0
