O^z,error,N,total_data
-0.037231799326125234,0.00032835451606092825,1000.0,32000.0
