O^z,error,N,total_data
-0.16226254847771157,0.0010474436189025819,1000.0,12000.0
