O^z,error,N,total_data
-0.1125273734672836,0.0007829361326085493,1000.0,16000.0
