O^z,error,N,total_data
-0.0829152205641043,0.0006140654777733761,1000.0,20000.0
