O^z,error,N,total_data
-0.24690265690583768,0.004126139996509924,1000.0,1000.0
