O^z,error,N,total_data
0.000769715581287394,4.010676771179719e-05,998.0,63872.0
