O^z,error,N,total_data
0.021408878019469658,0.00042218144812669855,1000.0,16000.0
