O^z,error,N,total_data
9.78981249295711e-05,1.199957127214463e-05,941.0,120448.0
