O^z,error,N,total_data
0.005062667059649796,0.0001445063953789551,1000.0,32000.0
