O^z,error,N,total_data
0.05776259800006998,0.002722603777339666,1000.0,1000.0
