O^z,error,N,total_data
0.009394071800851896,0.00022606731303575285,1000.0,24000.0
