O^z,error,N,total_data
-0.3822802326454044,0.003554238604080619,1000.0,1000.0
