O^z,error,N,total_data
-0.19637023237266812,0.0005649120824244616,1000.0,24000.0
