O^z,error,N,total_data
-0.16464891710947602,0.0004513375819143205,1000.0,32000.0
