O^z,error,N,total_data
-0.29948128024940807,0.0009542925611314941,1000.0,12000.0
