O^z,error,N,total_data
-0.17873828795677735,0.0004928615800058565,1000.0,28000.0
