O^z,error,N,total_data
-0.25125640773443125,0.0007749147446132756,1000.0,16000.0
