O^z,error,N,total_data
-0.21982343187937184,0.0006585805876522896,1000.0,20000.0
