O^z,error,N,total_data
-0.011811567021665283,0.00020432147952905683,2998.0,95936.0
