O^z,error,N,total_data
-0.13402031337901196,0.002080693748881875,8000.0,8000.0
