O^z,error,N,total_data
-0.011897746927784886,0.0001255964137624311,7986.0,255552.0
