O^z,error,N,total_data
-0.049080829040669495,0.0003985326048839292,5000.0,80000.0
