O^z,error,N,total_data
-0.04841449738133438,0.0003137335668165244,8000.0,128000.0
