O^z,error,N,total_data
-0.022924825753741367,0.00018471153020463253,7990.0,191760.0
