O^z,error,N,total_data
-0.022861855426228036,0.000164471857036674,9989.0,239736.0
