O^z,error,N,total_data
-0.012095911087606919,0.00011279820870212745,9982.0,319424.0
