O^z,error,N,total_data
-0.049503350869603155,0.0005121239972677956,3000.0,48000.0
