O^z,error,N,total_data
-0.011750356131459937,0.00015878447515461498,4995.0,159840.0
