O^z,error,N,total_data
-0.022897480294159944,0.00023519236509557775,4993.0,119832.0
