O^z,error,N,total_data
-0.022701245904370972,0.00030249949483915215,2996.0,71904.0
