O^z,error,N,total_data
-0.1356574064380471,0.002587522797807158,5000.0,5000.0
