O^z,error,N,total_data
-0.1351220924621663,0.003278396089116174,3000.0,3000.0
