O^z,error,N,total_data
-0.13504583572542206,0.001859843918592684,10000.0,10000.0
