O^z,error,N,total_data
-0.04835309345961978,0.00028157855847322263,10000.0,160000.0
