ZL,error,N
-0.2832528011483613,0.0030645250684726783,3000.0
