ZL,error,N
-0.20427440568831864,0.009718085167640557,1000.0
