ZL,error,N
-0.22867432971333707,0.0009033309337034247,10000.0
