ZL,error,N
-0.20482662892387185,0.0008197576892691527,10000.0
