ZL,error,N
-0.2729990217415096,0.002636429051060931,3000.0
