ZL,error,N
-0.2667519330768439,0.0023841203117906003,3000.0
