ZL,error,N
-0.2784290250406562,0.0028277384526611536,3000.0
