ZL,error,N
-0.22930267099406282,0.0016639209696177452,3000.0
