ZL,error,N
-0.24915288471890765,0.0018961478029744857,3000.0
