ZL,error,N
-0.20587019225273545,0.0015132843649015566,3000.0
