ZL,error,N
-0.24822278375628626,0.001019098234283501,10000.0
