ZL,error,N
-0.1735324571738236,0.0013988400223274846,3000.0
