ZL,error,N
-0.2590884669636931,0.002133043788946972,3000.0
