ZL,error,N
-0.2597145260036536,0.0011573938826655553,10000.0
