ZL,error,N
0.19902945804836958,0.002893804914272324,1000.0
