ZL,error,N
0.14280950731746136,0.006106495791239047,1000.0
