ZL,error,N
0.14924596474086863,0.0055572249708748115,1000.0
