ZL,error,N
0.18398097553706097,0.003684192331800056,1000.0
