ZL,error,N
0.20322877079459103,0.0021028291684107824,1000.0
