ZL,error,N
0.17328871306163876,0.004345198426695179,1000.0
