ZL,error,N
0.16650418063937153,0.004844144045156617,1000.0
