ZL,error,N
-0.06514579956974337,0.004364995444659541,1000.0
