ZL,error,N
-0.10597246105202283,0.004656290754646827,1000.0
