ZL,error,N
-0.09270026763691133,0.00638205068525507,500.0
