ZL,error,N
-0.08022452426660132,0.004375901110599513,1000.0
