ZL,error,N
-0.0754399961309667,0.00438484865576849,1000.0
