ZL,error,N
-0.08209105763123035,0.004496184116317239,1000.0
