ZL,error,N
-0.08099636800468368,0.0065087719725816385,500.0
