O^z,error,N,total_data
-0.26580833232300866,0.014693945445912404,1.0,12.0
