O^z,error,N,total_data
-0.20136313945768902,0.011469715374499995,1.0,16.0
