O^z,error,N,total_data
-0.1224920727939453,0.006064598130379609,1.0,24.0
