O^z,error,N,total_data
-0.07627634814541777,0.004468743706737385,1.0,28.0
