O^z,error,N,total_data
-0.1645839592286938,0.008355823358846909,1.0,20.0
