O^z,error,N,total_data
-0.054087543502167476,0.0045894536783788135,1.0,32.0
