O^z,error,N,total_data
-0.014764748706525674,0.0003372432197638116,500.0,24000.0
