O^z,error,N,total_data
-0.007349146730904414,0.00022471742445234766,500.0,32000.0
