O^z,error,N,total_data
-0.0038837902274563253,0.00012328123472981744,999.0,79920.0
