ZL,error,N
0.18017332643497355,0.003535162759705247,1000.0
