ZL,error,N
0.18535939525247014,0.003278636511192801,1000.0
