ZL,error,N
0.1854255368413693,0.003085712226154696,1000.0
