ZL,error,N
0.17619846107450382,0.0037363886111139,1000.0
