ZL,error,N
0.18880454277978728,0.002482325155162127,1000.0
