ZL,error,N
0.18588125862452412,0.002817996116604177,1000.0
