ZL,error,N
0.18396722952098107,0.0034333404986208412,1000.0
