O^z,error,N,total_data
0.017936641604718008,0.00029374302295189473,1000.0,24000.0
