O^z,error,N,total_data
0.08304012502139682,0.0031136200250087647,1000.0,1000.0
