O^z,error,N,total_data
0.009882689413901262,0.00019074351545826806,1000.0,32000.0
