O^z,error,N,total_data
0.03473521226365581,0.0005065161937186695,1000.0,16000.0
