O^z,error,N,total_data
-0.16967033529363026,0.00042506395338874923,1000.0,32000.0
