O^z,error,N,total_data
-0.2248975130997283,0.0006188574619247828,1000.0,20000.0
