O^z,error,N,total_data
-0.1841393404519558,0.00046315398699675364,1000.0,28000.0
