O^z,error,N,total_data
-0.3068622143687954,0.0009220740762842034,1000.0,12000.0
