O^z,error,N,total_data
-0.25679997770476237,0.0007433303132396233,1000.0,16000.0
