O^z,error,N,total_data
-0.20173545353623948,0.000522875347977709,1000.0,24000.0
