O^z,error,N,total_data
-0.3877851030895734,0.003399569742459148,1000.0,1000.0
