O^z,error,N,total_data
-0.008294433074764924,0.00010098274634409054,9968.0,318976.0
