O^z,error,N,total_data
-0.03830891531517662,0.00028875360469816957,7996.0,127936.0
