O^z,error,N,total_data
-0.016898637386141446,0.0001639179810417469,7989.0,191736.0
