O^z,error,N,total_data
-0.11503578978174352,0.0019622354989860796,8000.0,8000.0
