ZL,error,N
-0.11398892826665104,0.0014967131533669027,1000.0
