ZL,error,N
-0.21261834600349783,0.002512979653124461,1000.0
