ZL,error,N
-0.19788166586457342,0.004416383858148735,1000.0
