ZL,error,N
-0.17380028066866585,0.0015572552859856859,1000.0
