ZL,error,N
-0.20438924455044488,0.0019692115588636956,1000.0
