ZL,error,N
-0.20914899988686128,0.0037960249339671296,1000.0
