ZL,error,N
-0.21602129882218768,0.0031977281359166975,1000.0
