O^z,error,N,total_data
-0.10256111576505005,0.00020234321130153336,10000.0,160000.0
