O^z,error,N,total_data
-0.03504660630724844,0.00016529998296005674,3000.0,84000.0
