O^z,error,N,total_data
-0.07070921992042864,0.0002805336329060313,3000.0,60000.0
