O^z,error,N,total_data
-0.04898710503173299,0.0002115904480105719,3000.0,72000.0
