O^z,error,N,total_data
-0.02592691715371852,0.00013554428138039753,3000.0,96000.0
