O^z,error,N,total_data
-0.15265465986133467,0.00027327222295341877,10000.0,120000.0
