O^z,error,N,total_data
-0.24248688887975617,0.001037567941268773,10000.0,10000.0
