O^z,error,N,total_data
-0.05966068244452167,0.0008962487878113155,1000.0,16000.0
