O^z,error,N,total_data
-0.1568186199707778,0.005616385382730511,1000.0,1000.0
