O^z,error,N,total_data
-0.018565702108628544,0.0003689599023027421,998.0,31936.0
