O^z,error,N,total_data
-0.029286692076834427,0.0005041984638323658,1000.0,24000.0
