ZL,error,N
0.06978326613567545,0.0077260228692512,997.0
