ZL,error,N
0.01858992049462612,0.005972112271351615,500.0
