ZL,error,N
-0.005698825852551576,0.0009445225816260526,10000.0
