ZL,error,N
-0.006221952728589931,0.0010142207370525337,10000.0
