ZL,error,N
0.010022224426937208,0.000949092091268744,10000.0
