ZL,error,N
-0.008612252989738918,0.0009350084761933978,10000.0
