ZL,error,N
-0.007836671642201328,0.0017895088091443231,3000.0
