ZL,error,N
-0.0070429672306295075,0.0017298701154677182,3000.0
