ZL,error,N
0.020712800599170966,0.005403509166274964,500.0
