ZL,error,N
-0.005493185306894473,0.0010597101017531545,8000.0
