ZL,error,N
-0.003624511933164773,0.001165196916219245,8000.0
