ZL,error,N
-0.00815125321378324,0.0009678398611943277,10000.0
