ZL,error,N
-0.007431567023007815,0.0010838591705136572,8000.0
