ZL,error,N
-0.004309369820609931,0.0010374924455392783,10000.0
