ZL,error,N
0.03449462077607011,0.004512563488564131,1000.0
