ZL,error,N
0.008511196014487086,0.001741595604369487,3000.0
