ZL,error,N
-0.0061679243421571325,0.0013447887378213927,5000.0
