ZL,error,N
-0.008275715991858805,0.0009675502951812624,10000.0
