ZL,error,N
0.010785662370475341,0.001351259073328566,5000.0
