ZL,error,N
-0.005705819162000761,0.000945873708316396,10000.0
