ZL,error,N
-0.004809251248465903,0.0019160527764513202,3000.0
