ZL,error,N
-0.007209425147986608,0.0013816503632823394,5000.0
