ZL,error,N
-0.003302812058974424,0.0014835778146519666,5000.0
