ZL,error,N
0.01027828044289724,0.0010629675023417781,8000.0
