O^z,error,N,total_data
0.10170206874990506,0.0032522795027506704,1000.0,1000.0
