O^z,error,N,total_data
0.01576949039865208,0.00023818512183964685,1000.0,32000.0
