O^z,error,N,total_data
0.025673671275378188,0.0003538888249274132,1000.0,24000.0
