O^z,error,N,total_data
0.04734123922025943,0.00058630121977109,1000.0,16000.0
