ZL,error,N
0.023095879564014668,0.0038376444227092034,925.0
