ZL,error,N
0.023245579158317743,0.005163459289091989,488.0
