ZL,error,N
0.025084784562314003,0.0053416971860249275,477.0
