ZL,error,N
-0.1469804565970915,0.004096337657873097,1000.0
