ZL,error,N
-0.15530854914987172,0.003554096114539172,1000.0
