ZL,error,N
-0.152980940076223,0.0030762135752015374,1000.0
