ZL,error,N
-0.11432802769376642,0.002510080210525197,1000.0
