ZL,error,N
-0.06529672944728465,0.002577952259910766,1000.0
