ZL,error,N
-0.14017065722761857,0.0026942172777754563,1000.0
