ZL,error,N
-0.13734254536213067,0.004514300848126995,1000.0
