ZL,error,N
0.03704959500885791,0.003025357542168477,1000.0
