ZL,error,N
0.0262423337804431,0.002860492783314272,1000.0
