ZL,error,N
0.0785696783478443,0.0018116361711596936,3000.0
