ZL,error,N
0.04631227510537303,0.0017717265150232395,3000.0
