ZL,error,N
0.05517686191083861,0.0018225780074521234,3000.0
