ZL,error,N
0.05123026973654009,0.0017781495946993689,3000.0
