ZL,error,N
0.06225714004164458,0.001784601006890585,3000.0
