ZL,error,N
0.03160821227172122,0.0028310964852259752,1000.0
