ZL,error,N
0.06855328538205163,0.0018226953381439211,3000.0
