ZL,error,N
0.09306257991895782,0.0018060328085248221,3000.0
