ZL,error,N
-0.0053970080877177515,0.001013642838679793,10000.0
