ZL,error,N
-0.009543859715327854,0.0009418784096381424,10000.0
