ZL,error,N
-0.006399542525494144,0.0009473795577842009,10000.0
