ZL,error,N
-0.008753111811811603,0.0009833653421423996,10000.0
