O^z,error,N,total_data
-3.4538099284158694e-05,5.941439529970068e-05,1.0,32.0
