O^z,error,N,total_data
-1.2685925412779022e-06,6.494880592304152e-07,1.0,128.0
