O^z,error,N,total_data
0.0005746086614227723,0.00031898258073792085,1.0,16.0
