O^z,error,N,total_data
1.4730767495533898e-05,9.173746068249279e-06,1.0,64.0
