O^z,error,N,total_data
-0.10592097185536561,0.0003238773480103212,10000.0,160000.0
