O^z,error,N,total_data
-0.06219860929898369,0.00020257478315037698,10000.0,240000.0
