O^z,error,N,total_data
-0.06219682948192103,0.0002854171125209007,5000.0,120000.0
