O^z,error,N,total_data
-0.04051855181030888,0.0001612815763548214,8000.0,256000.0
