O^z,error,N,total_data
-0.10555227471631451,0.0003626308406798776,8000.0,128000.0
