O^z,error,N,total_data
-0.2220599672462228,0.0018260733142096185,10000.0,10000.0
