O^z,error,N,total_data
-0.225940743867808,0.002582064251811875,5000.0,5000.0
