O^z,error,N,total_data
-0.2289427916076726,0.003360668554490289,3000.0,3000.0
