O^z,error,N,total_data
-0.10792959306658441,0.000587924498563481,3000.0,48000.0
