O^z,error,N,total_data
-0.062181862363267996,0.00036897087911349645,3000.0,72000.0
