O^z,error,N,total_data
-0.04064216122804821,0.00020629614797254656,5000.0,160000.0
