O^z,error,N,total_data
-0.2216097197664838,0.0020451913376895764,8000.0,8000.0
