O^z,error,N,total_data
-0.040755874707833796,0.00026503542030906934,3000.0,96000.0
