O^z,error,N,total_data
-0.10607501975737889,0.00045851769357657944,5000.0,80000.0
