O^z,error,N,total_data
-0.06195565652602882,0.0002264482409849964,8000.0,192000.0
