O^z,error,N,total_data
-0.040895451599452674,0.00014481783072301614,10000.0,320000.0
