ZL,error,N
-0.40103111840042066,0.005770251077335024,500.0
