ZL,error,N
-0.328194138774673,0.006244335579128906,500.0
