ZL,error,N
-0.4665384869144526,0.00420742114233013,1000.0
