O^z,error,N,total_data
-0.11383789265285883,0.0005951863571955832,1000.0,12000.0
