O^z,error,N,total_data
-0.20792667055411343,0.0023560050146667275,1000.0,1000.0
