O^z,error,N,total_data
-0.06540236113579341,0.0004311225612279833,1000.0,16000.0
