O^z,error,N,total_data
-0.009486026287968529,0.0001073704797245884,1000.0,32000.0
