O^z,error,N,total_data
-0.03844293086779669,0.00029660059519815877,1000.0,20000.0
