O^z,error,N,total_data
-0.022687275999493262,0.00019758393836415464,1000.0,24000.0
