O^z,error,N,total_data
-0.015336381463651136,0.00015955099321136664,1000.0,28000.0
