O^z,error,N,total_data
-0.06457545598876145,0.0008789973881762715,1000.0,16000.0
