O^z,error,N,total_data
-0.02985527147260138,0.000517199609411532,1000.0,24000.0
