O^z,error,N,total_data
-0.16035300428410257,0.0055303030873833856,1000.0,1000.0
