O^z,error,N,total_data
-0.018702122860607334,0.000347702986715978,1000.0,32000.0
