ZL,error,N
0.11531988157143273,0.004029326948345397,1000.0
