ZL,error,N
0.08613105222769529,0.0045576711559352084,1000.0
