ZL,error,N
0.058219510837642825,0.0051096268863251365,1000.0
