ZL,error,N
0.09569363005610763,0.004369523335734662,1000.0
