ZL,error,N
0.13131136101706956,0.0036422947714790863,1000.0
