ZL,error,N
0.0734508907319564,0.00480386417674346,1000.0
