ZL,error,N
0.15383242230334626,0.0029903134508140546,1000.0
