O^z,error,N,total_data
-0.2701299827330045,0.004383375844278904,1000.0,1000.0
