O^z,error,N,total_data
-0.06672790641934621,0.00047089603496859356,1000.0,28000.0
