O^z,error,N,total_data
-0.1372419891305821,0.0008722240003842809,1000.0,16000.0
