O^z,error,N,total_data
-0.1056981007792609,0.0006979288281609474,1000.0,20000.0
