O^z,error,N,total_data
-0.05616670654495514,0.0004170596791133965,1000.0,32000.0
