O^z,error,N,total_data
-0.08357718796797135,0.0005630475731632301,1000.0,24000.0
