O^z,error,N,total_data
-0.18393928786415903,0.0011210220009501446,1000.0,12000.0
