ZL,error,N
0.006724522826699116,0.009595614900142437,1000.0
