ZL,error,N
0.11362747074982434,0.009983107092442439,1000.0
