ZL,error,N
-0.08644603507689028,0.00820779034844379,1000.0
