ZL,error,N
0.07412296746205085,0.009837782180682559,1000.0
