ZL,error,N
-0.12454729852779801,0.0009780158133131046,1000.0
