ZL,error,N
0.03255010039156967,0.0040290143650320645,1000.0
