ZL,error,N
-0.13009640009842846,0.0016263859762857065,1000.0
