ZL,error,N
-0.017587714486989724,0.003560109820240304,1000.0
