ZL,error,N
-0.06159754715969991,0.003194146588477342,1000.0
