ZL,error,N
0.07295855455807987,0.004270132590238546,1000.0
