ZL,error,N
-0.10691098591450252,0.0025654035364398075,1000.0
