ZL,error,N
-2.9493775098287142e-05,0.0034531799155458737,1000.0
