ZL,error,N
0.05316368978410237,0.004746340971576638,1000.0
