ZL,error,N
-0.013937575329997403,0.002620552575281388,1000.0
