ZL,error,N
0.02576383029764449,0.004082293887158769,1000.0
