O^z,error,N,total_data
-0.09454840702378144,0.00038476674684723914,10000.0,120000.0
