O^z,error,N,total_data
-0.1596123219936701,0.001731675357478069,10000.0,10000.0
