ZL,error,N
0.026901780017534987,0.005586466473241429,1000.0
