ZL,error,N
-0.03935252626957736,0.0045580924319791015,1000.0
