ZL,error,N
-0.10358696274291483,0.002481976698252996,1000.0
