ZL,error,N
-0.09015452796521466,0.003308883605576044,1000.0
