ZL,error,N
-0.0033310762480461887,0.0050968204084471625,1000.0
