ZL,error,N
-0.08482271199328072,0.0021052393204167366,1000.0
