ZL,error,N
-0.06674689155978955,0.0040880773823921135,1000.0
