ZL,error,N
0.007114656836989939,0.0008717381576289157,9985.0
