ZL,error,N
0.00787828243871511,0.0008939449694409316,8000.0
