ZL,error,N
0.004691285051909145,0.0011628690949905872,5000.0
