ZL,error,N
0.0034326754676213874,0.0015122272756898719,3000.0
