ZL,error,N
0.012594199091790765,0.0017599511403974368,2992.0
