ZL,error,N
0.004908814470800986,0.0009096293430429251,8000.0
