ZL,error,N
0.00811502538842766,0.0011352362042045343,5000.0
