ZL,error,N
0.00733965068275551,0.0007970315388886284,10000.0
