ZL,error,N
0.00786223418004261,0.0012440508771768316,4993.0
