ZL,error,N
0.006803303538435544,0.001457795869741011,3000.0
