ZL,error,N
0.029255209100730695,0.005784192614899305,494.0
