ZL,error,N
0.011696294470050184,0.0009723125948015184,9972.0
