ZL,error,N
0.01252880810936693,0.0010873197808312436,7978.0
