ZL,error,N
0.005221333092563104,0.0008161208208311891,10000.0
