ZL,error,N
0.0066255156454601526,0.0015920499005815567,2997.0
