ZL,error,N
0.012253787058656937,0.001369309586908497,4987.0
