ZL,error,N
0.03105664894722864,0.004293291255299776,973.0
