ZL,error,N
0.0373759920919697,0.0055470667446735865,492.0
