ZL,error,N
0.006976510983468412,0.0009764758116662484,7986.0
