ZL,error,N
-0.116135565770495,0.0021022874362770293,1000.0
