ZL,error,N
-0.05100415182157253,0.0029443413166718125,1000.0
