ZL,error,N
-0.15917981836557463,0.001384758091604168,1000.0
