ZL,error,N
-0.11937961700943434,0.0006730655168263266,10000.0
