ZL,error,N
-0.14597727617052328,0.0005320702461208471,10000.0
