ZL,error,N
-0.08696191977989823,0.0008299812168939819,10000.0
