ZL,error,N
-0.1265398949169114,0.0011145556110364115,1000.0
