ZL,error,N
-0.12630951920711217,0.00034951761166872146,10000.0
