ZL,error,N
-0.05253610317363956,0.0009612224422308822,10000.0
