ZL,error,N
-0.14433825851148513,0.0017177302377662277,1000.0
