ZL,error,N
-0.1598500823631399,0.0004889057522538573,10000.0
