ZL,error,N
-0.1599070171522961,0.001575910668346211,1000.0
