ZL,error,N
-0.16024468495455318,0.00043149559694493,10000.0
