ZL,error,N
-0.08592809555252917,0.0026506645439167407,1000.0
