ZL,error,N
0.1472398801294042,0.003041561345251288,1000.0
