ZL,error,N
0.12460562655850703,0.003608026668604551,1000.0
