ZL,error,N
0.09562681913316841,0.004219083312335246,1000.0
