ZL,error,N
0.08337107138542978,0.004385623961037086,1000.0
