ZL,error,N
0.10980070194513344,0.004077680464697703,1000.0
