ZL,error,N
0.06300457676167491,0.0048507304476178275,1000.0
