ZL,error,N
0.07004914247843318,0.004696187780621863,1000.0
