O^z,error,N,total_data
-0.00011913119539520645,4.816200206318923e-05,1.0,64.0
