O^z,error,N,total_data
-9.5407732351678e-07,1.3893017969789246e-06,1.0,128.0
