O^z,error,N,total_data
-0.2735453404714566,0.0010193746240248723,1000.0,12000.0
