O^z,error,N,total_data
-0.17331763984572565,0.0006421947991611147,1000.0,24000.0
