O^z,error,N,total_data
-0.15660812891802056,0.0005696504091971855,1000.0,28000.0
