O^z,error,N,total_data
-0.19780716936346024,0.0007284902455481357,1000.0,20000.0
