O^z,error,N,total_data
-0.22821158407814146,0.0008451469334899886,1000.0,16000.0
