O^z,error,N,total_data
-0.3572482989231968,0.0037449213968681135,1000.0,1000.0
