O^z,error,N,total_data
-0.1448245253430279,0.0005208397765289188,1000.0,32000.0
