ZL,error,N
0.011939539363465571,0.0029712005865674958,1000.0
