ZL,error,N
0.1761382315808891,0.003828186064122878,1000.0
