ZL,error,N
0.24090402802289376,0.0038029959205270972,1000.0
