ZL,error,N
0.3537393676141552,0.0036880622898007006,1000.0
