ZL,error,N
0.3063423621406525,0.003781076507596463,1000.0
