ZL,error,N
-0.06175123738422138,0.001809162953807865,1000.0
