ZL,error,N
0.09752309364559375,0.0036861604010578882,1000.0
