O^z,error,N,total_data
-0.31625101899335945,0.0004025165266012725,1000.0,32000.0
