O^z,error,N,total_data
-0.3993895143395829,0.00048493100026350994,1000.0,12000.0
