O^z,error,N,total_data
-0.3451389715810025,0.000418429115337898,1000.0,20000.0
