O^z,error,N,total_data
-0.4672624171609295,0.0016324332958830134,1000.0,1000.0
