O^z,error,N,total_data
-0.3321402427839782,0.00039905065136720916,1000.0,24000.0
