O^z,error,N,total_data
-0.3240922619341549,0.00040915685938242355,1000.0,28000.0
