O^z,error,N,total_data
-0.36651780500088244,0.00042592789948926117,1000.0,16000.0
