O^z,error,N,total_data
-0.0004669355058064948,0.00042531175426667526,1.0,32.0
