O^z,error,N,total_data
-0.0019201371107636657,0.001467621059520152,1.0,16.0
