O^z,error,N,total_data
-0.0021417447468421386,0.0001087458324807326,1.0,12.0
