O^z,error,N,total_data
0.0010042307382066471,0.0004603619551060501,1.0,28.0
