O^z,error,N,total_data
0.00022748957669282597,0.0003959359189007101,1.0,24.0
