O^z,error,N,total_data
-0.0005421474662563136,0.0004101209431425098,1.0,20.0
