O^z,error,N,total_data
-0.32500012652167376,0.003915066845848761,1.0,80.0
