O^z,error,N,total_data
-0.33961965113524867,0.008435450052881238,1.0,32.0
