O^z,error,N,total_data
-0.41737698634651693,0.008107266597699659,1.0,12.0
