O^z,error,N,total_data
-0.3614340099609214,0.00635082603079938,1.0,20.0
