O^z,error,N,total_data
-0.33042393704427564,0.00494460202454972,1.0,48.0
