O^z,error,N,total_data
-0.3303326195968302,0.006552883247520983,1.0,64.0
