O^z,error,N,total_data
-0.3445952767658337,0.0054925530874482525,1.0,28.0
