O^z,error,N,total_data
-0.3845000724933886,0.007250393463674106,1.0,16.0
