O^z,error,N,total_data
-0.3497336512913882,0.004742843136363317,1.0,24.0
