O^z,error,N,total_data
-0.30929729015521124,0.005154991012447603,1.0,16.0
