O^z,error,N,total_data
-0.2808135747407958,0.005383769336609621,1.0,24.0
