O^z,error,N,total_data
-0.33605520478802403,0.008693398609469775,1.0,12.0
