O^z,error,N,total_data
-0.29360410960772415,0.0066369048521345295,1.0,20.0
