O^z,error,N,total_data
-0.2763086814043036,0.004670201702442106,1.0,28.0
