O^z,error,N,total_data
-0.27614542333215975,0.004194409564454,1.0,32.0
