ZL,error,N
0.042377088437027456,0.000970729567613269,10000.0
