ZL,error,N
0.008866126728596603,0.0008612274247060502,10000.0
