ZL,error,N
0.019405042868177392,0.001004747999142014,8000.0
