ZL,error,N
0.04361832822300149,0.0013800858271934052,5000.0
