ZL,error,N
0.008815151405910803,0.0009659274928940685,8000.0
