ZL,error,N
0.009619351705389035,0.001227162107862821,5000.0
