ZL,error,N
0.008096184672966383,0.0015449967934726364,3000.0
