ZL,error,N
0.020335933530624878,0.0016417439186348392,3000.0
