ZL,error,N
0.04252093409058908,0.0017849607969138482,3000.0
