ZL,error,N
0.042445102565598324,0.0010839320664311114,8000.0
