ZL,error,N
0.00359714191977208,0.002689358005065801,998.0
