ZL,error,N
0.006068698377273413,0.0009291422595681416,8000.0
