ZL,error,N
0.005583821086304074,0.0008346109715584371,10000.0
