ZL,error,N
0.01965285893032759,0.0008985575915647863,10000.0
