ZL,error,N
0.008066391190767432,0.003989776155529722,500.0
