ZL,error,N
0.019949444508589036,0.001265654593770162,5000.0
