ZL,error,N
0.010216325729573176,0.0015740125633314456,3000.0
