ZL,error,N
0.006605122182561647,0.0011841038092991686,5000.0
