ZL,error,N
0.0034389333527346582,0.003922704406524347,500.0
