ZL,error,N
-0.06135040859570653,0.0026747027023319137,1000.0
