ZL,error,N
-0.07938385632005025,0.004542197034279717,1000.0
