ZL,error,N
-0.09590519197055532,0.002571839334629429,1000.0
