ZL,error,N
-0.061362672251896934,0.004971129437785356,1000.0
