ZL,error,N
-0.10453370141987661,0.0031612920100374154,1000.0
