ZL,error,N
-0.09512541607097057,0.003956522391499172,1000.0
