ZL,error,N
-0.1027118073521951,0.003574659050796033,1000.0
