ZL,error,N
-0.12670055580389403,0.0030589672233454846,1000.0
