ZL,error,N
-0.182926304398062,0.00355874967991139,1000.0
