ZL,error,N
-0.1777246882110913,0.0038490861037185436,1000.0
