ZL,error,N
-0.16561403825845392,0.003341712230659767,1000.0
