ZL,error,N
-0.15113193167585495,0.0032017940881008326,1000.0
