ZL,error,N
-0.033158317829168976,0.002965754291761656,1000.0
