ZL,error,N
-0.08890519671305068,0.002945028654020688,1000.0
