O^z,error,N,total_data
-0.05746732078377877,0.0013691900778618293,1000.0,1000.0
