O^z,error,N,total_data
-0.018373266415310733,0.0002477496032981328,1000.0,12000.0
