O^z,error,N,total_data
-0.28105505668397446,0.0010136795365741631,1000.0,12000.0
