O^z,error,N,total_data
-0.3643259437243826,0.003635304189090962,1000.0,1000.0
