O^z,error,N,total_data
-0.1659437880840461,0.000563436064226111,1000.0,28000.0
