O^z,error,N,total_data
-0.18431226319599517,0.0006210643671841368,1000.0,24000.0
