O^z,error,N,total_data
-0.1551532541305421,0.0005055994610829446,1000.0,32000.0
