O^z,error,N,total_data
-0.2356616810798811,0.0008382034455583403,1000.0,16000.0
