O^z,error,N,total_data
-0.20615722237606082,0.0007142893970216272,1000.0,20000.0
