ZL,error,N
0.005511696005257713,0.00423860538732966,500.0
