ZL,error,N
0.034782676777118875,0.0018025427339399568,3000.0
