ZL,error,N
0.007341215571010377,0.001604779164646254,3000.0
