ZL,error,N
-0.0014448616462346907,0.0027575038738608037,999.0
