ZL,error,N
0.03599712148540235,0.001086957547607399,8000.0
