ZL,error,N
-0.0020989448558988363,0.003955547430063401,499.0
