ZL,error,N
0.0042037085309399235,0.0016160172099343635,3000.0
