ZL,error,N
0.010440836466347364,0.0029758141475638043,1000.0
