ZL,error,N
0.014340557007938315,0.0010012113784532036,8000.0
