ZL,error,N
0.014549884905007101,0.0016235454943448599,3000.0
