ZL,error,N
0.0037759755322909205,0.000988027192188635,8000.0
