ZL,error,N
0.0038263846355695748,0.002877263985390832,1000.0
