ZL,error,N
0.003571844437149903,0.001611579219271839,2999.0
