ZL,error,N
0.0025855882254797436,0.0016184342122022124,3000.0
