ZL,error,N
0.018920468085106727,0.0017032939896706966,3000.0
