ZL,error,N
0.0007341945860122228,0.0008719725523387298,9999.0
