ZL,error,N
-0.13520920836545894,0.0020529353818308786,1000.0
