ZL,error,N
-0.1153635682473415,0.004548642778094785,1000.0
