ZL,error,N
-0.14508219483230606,0.00327062396198756,1000.0
