ZL,error,N
-0.08950696740660309,0.005092065541991175,1000.0
