O^z,error,N,total_data
-0.16695259494498207,0.0002592109492951173,1000.0,128000.0
