O^z,error,N,total_data
-0.012797008260675329,0.00017711627212889795,1000.0,28000.0
