O^z,error,N,total_data
-0.05286217462208104,0.0005251973493373023,1000.0,16000.0
