O^z,error,N,total_data
-0.019698494742899152,0.00025035607349122545,1000.0,24000.0
