O^z,error,N,total_data
-0.17116322957781113,0.003521474103567018,1000.0,1000.0
