O^z,error,N,total_data
-0.0933990836468706,0.0008118626268379391,1000.0,12000.0
