O^z,error,N,total_data
-0.008410987343184488,0.00013828764036926978,1000.0,32000.0
