O^z,error,N,total_data
-0.03264507792915613,0.0003586935490947265,1000.0,20000.0
