ZL,error,N
0.3027519581713092,0.002127249762327955,1000.0
