ZL,error,N
0.35647741094393987,0.002705480466872158,1000.0
