ZL,error,N
0.33810792879168045,0.0028229617225360554,1000.0
