ZL,error,N
0.2847814296921856,0.0017656724598841263,1000.0
