ZL,error,N
0.3163761040751265,0.0024037664528103347,1000.0
