ZL,error,N
0.26288169690977,0.001359683403171796,1000.0
