ZL,error,N
0.3321216512718981,0.002556998793286739,1000.0
