O^z,error,N,total_data
-1.1958238637123994e-17,2.2777602591458887e-16,1.0,12.0
