O^z,error,N,total_data
-2.6942146541018135e-28,4.0946683254724375e-29,1.0,32.0
