O^z,error,N,total_data
-3.2043447494464543e-16,5.985832353229436e-16,1.0,16.0
