O^z,error,N,total_data
6.343631883308227e-17,3.631456904508558e-16,1.0,24.0
