O^z,error,N,total_data
6.804011291106754e-16,3.34340071287536e-16,1.0,28.0
