O^z,error,N,total_data
3.6009647825738794e-16,4.444984056494961e-16,1.0,20.0
