ZL,error,N
-0.005580443018563975,0.0009227368255517792,10000.0
