ZL,error,N
0.011233842200072754,0.004894072092628523,499.0
