ZL,error,N
0.0166405422991559,0.0038058415323273865,999.0
