ZL,error,N
0.0005187718345327176,0.0010233601430509397,8000.0
