ZL,error,N
0.010666783167933918,0.005074689171980641,500.0
