ZL,error,N
-0.0034088238599774955,0.0009270444771881305,10000.0
