ZL,error,N
-0.005009739449754759,0.0010333628394882419,8000.0
