ZL,error,N
-0.0047685727434896566,0.0009492699055826962,9999.0
