ZL,error,N
-0.004607828527020314,0.0009490732312769961,10000.0
