ZL,error,N
-0.005134681066925666,0.000948295417210546,10000.0
