ZL,error,N
0.019852901700614472,0.0010759597287107868,8000.0
