ZL,error,N
0.13840047685817294,0.004379910325698856,1000.0
