ZL,error,N
0.12543847818654988,0.004742829786693908,1000.0
