ZL,error,N
0.1879285993044063,0.0023517963071402075,1000.0
