ZL,error,N
0.17508406454718395,0.0031340368427516265,1000.0
