ZL,error,N
0.11396778593464577,0.00536184839231838,1000.0
