ZL,error,N
0.09026594381563692,0.005916287484436669,1000.0
