ZL,error,N
0.15251703154251448,0.0037693490160956885,1000.0
