ZL,error,N
0.1810211922013657,0.002851206821754119,1000.0
