ZL,error,N
0.17501643066628106,0.00338700037603922,1000.0
