ZL,error,N
0.1754032309438238,0.003402320469661548,1000.0
