ZL,error,N
0.17782187137871477,0.003123413196665156,1000.0
