ZL,error,N
0.17206623546494507,0.0036242605021154454,1000.0
