ZL,error,N
0.1852205807372386,0.00255360147874668,1000.0
