ZL,error,N
0.17211415263693808,0.003755899137550237,1000.0
