O^z,error,N,total_data
0.002824604185524571,0.00012194843709842484,999.0,31968.0
