O^z,error,N,total_data
0.006098008900925656,0.00019446716482501215,1000.0,24000.0
