O^z,error,N,total_data
0.04355452161205516,0.0025552367780289596,1000.0,1000.0
