O^z,error,N,total_data
0.013559596831120655,0.0003570460831582969,1000.0,16000.0
