ZL,error,N
0.13102932079345558,0.004271483127340364,1000.0
