ZL,error,N
0.15673979779494016,0.003137512769456739,1000.0
