ZL,error,N
0.14925691629253757,0.0035707133584280287,1000.0
