ZL,error,N
0.16944482799694435,0.002818094184054259,1000.0
