ZL,error,N
0.12151956830919625,0.00440671435178274,1000.0
