ZL,error,N
0.1392795240752302,0.003841960453245652,1000.0
