ZL,error,N
0.13567469301113322,0.004002355626456067,1000.0
