O^z,error,N,total_data
-0.17994209328230876,0.0004810840958076429,1000.0,28000.0
