O^z,error,N,total_data
-0.38379991220190235,0.003430227434500849,1000.0,1000.0
