O^z,error,N,total_data
-0.2221890870379767,0.00062594936020165,1000.0,20000.0
