O^z,error,N,total_data
-0.1990437017410939,0.0005355705767570535,1000.0,24000.0
