O^z,error,N,total_data
-0.2542855447822824,0.0007418301793274722,1000.0,16000.0
