O^z,error,N,total_data
-0.16778671718133728,0.0004292716434633031,1000.0,32000.0
