O^z,error,N,total_data
-0.30517910339928483,0.0009255603385014431,1000.0,12000.0
