O^z,error,N,total_data
-0.3567386397990546,0.01295094855039006,1.0,16.0
