O^z,error,N,total_data
-0.2922538996992679,0.007116581854934364,1.0,32.0
