O^z,error,N,total_data
-0.26718498812043695,0.005311208502028395,1.0,48.0
