O^z,error,N,total_data
-0.3308452757276468,0.012077339445538312,1.0,20.0
