O^z,error,N,total_data
-0.25824557375304036,0.005204227045093798,1.0,64.0
