O^z,error,N,total_data
-0.31530023700227466,0.007935313724145231,1.0,24.0
