O^z,error,N,total_data
-0.22857204279584353,0.002900724410331896,1.0,128.0
