O^z,error,N,total_data
-0.4006155294193284,0.014397274594788017,1.0,12.0
