O^z,error,N,total_data
-0.297675011521755,0.009233595509818586,1.0,28.0
