O^z,error,N,total_data
-0.20200120057631424,0.0007253216313558197,1000.0,20000.0
