O^z,error,N,total_data
-0.27640279134484275,0.0010207244579773745,1000.0,12000.0
