O^z,error,N,total_data
-0.14656125941590686,0.000520641483671732,1000.0,32000.0
