O^z,error,N,total_data
-0.1611858255926128,0.0005679926058522554,1000.0,28000.0
