O^z,error,N,total_data
-0.1776505061171557,0.0006423232479787221,1000.0,24000.0
