O^z,error,N,total_data
-0.3595770440232672,0.003782130886917464,1000.0,1000.0
