O^z,error,N,total_data
-0.22990080334504687,0.0008448134414059426,1000.0,16000.0
