ZL,error,N
-0.02495432427364443,0.008826921961683037,1000.0
