ZL,error,N
0.029823121687145165,0.008410081277885192,1000.0
