ZL,error,N
-0.07818807919454926,0.008938334498722713,1000.0
