ZL,error,N
-0.11172615750873635,0.008824227330196947,1000.0
