ZL,error,N
-0.1548948264878537,0.008580063014029471,1000.0
