ZL,error,N
-0.20110555056417725,0.007422757763335179,1000.0
