ZL,error,N
0.33632130195971666,0.002132106150715209,1000.0
