ZL,error,N
0.31978476465778927,0.002249737666624758,1000.0
