ZL,error,N
0.34950499358650705,0.0025122680046545894,1000.0
