ZL,error,N
0.3589811690114211,0.00244408975568788,1000.0
