ZL,error,N
0.2866661119891451,0.0016327709876677568,1000.0
