ZL,error,N
0.26344091387647156,0.0012598992748075245,1000.0
