ZL,error,N
0.3045496558396514,0.0019658329358879048,1000.0
