ZL,error,N
-0.1076895660641063,0.004614602579010014,1000.0
