ZL,error,N
-0.10465338480037531,0.0025737210699504688,1000.0
