ZL,error,N
-0.13029802770231796,0.0036511091988151215,1000.0
