ZL,error,N
-0.05958584019109477,0.0026840741254711116,1000.0
