ZL,error,N
-0.12190829644221061,0.002989006594912347,1000.0
