ZL,error,N
-0.1303595347169617,0.0033256645921743294,1000.0
