ZL,error,N
-0.12421856652278161,0.004199504218560793,1000.0
