O^z,error,N,total_data
-0.2790934465223116,0.0004166650453696988,1000.0,28000.0
