O^z,error,N,total_data
-0.268732832479404,0.0004063758522664489,1000.0,32000.0
