O^z,error,N,total_data
-0.29262586657854167,0.0004237034294905875,1000.0,24000.0
