O^z,error,N,total_data
-0.31196380359052067,0.0004630755934397229,1000.0,20000.0
