O^z,error,N,total_data
-0.3804277285541391,0.0005717121715917902,1000.0,12000.0
