O^z,error,N,total_data
-0.46459602988663923,0.0018385812286249921,1000.0,1000.0
