O^z,error,N,total_data
-0.33795784793011807,0.0005072094711981628,1000.0,16000.0
