ZL,error,N
-0.012212524540311317,0.004154845248198966,1000.0
