ZL,error,N
0.027111085172389065,0.0037882281893111248,1000.0
