ZL,error,N
-0.08374211518266499,0.004405442351861858,1000.0
