ZL,error,N
0.07247370260707826,0.0032491257892620817,1000.0
