ZL,error,N
-0.05045664687011231,0.00443808721070215,1000.0
