ZL,error,N
-0.11031543445568079,0.004662120350033792,1000.0
