ZL,error,N
-0.13794037758221514,0.0047269666163240074,1000.0
