ZL,error,N
0.11351887004570844,0.0041963428780127125,1000.0
