ZL,error,N
0.10470745325037627,0.004617175440769163,1000.0
