ZL,error,N
0.12725583657497522,0.0039636074473923255,1000.0
