ZL,error,N
0.10746010821703661,0.004499251578685664,1000.0
