ZL,error,N
0.14487761616900896,0.0033575889686796507,1000.0
