ZL,error,N
0.16370010074291405,0.0028526552272886006,1000.0
