ZL,error,N
0.13767557173671505,0.0037306029446086443,1000.0
