ZL,error,N
0.005982873726527397,0.002647064492271425,999.0
