ZL,error,N
0.005548589643042647,0.001422206015007185,2999.0
