ZL,error,N
0.0044430491242278556,0.001446036163915815,3000.0
