ZL,error,N
0.009575359915904143,0.003053383157423815,990.0
