ZL,error,N
0.009783766643229245,0.001476171647574595,3000.0
