ZL,error,N
0.0031879307738094612,0.0007963779600321796,9996.0
