ZL,error,N
0.009393733432533094,0.0027713100865535125,999.0
