ZL,error,N
0.0034426887826687707,0.0014108513749977345,3000.0
