ZL,error,N
0.012147097103175224,0.0014709132274599338,3000.0
