ZL,error,N
0.02272508887654592,0.00161319210923713,3000.0
