ZL,error,N
0.005458735032574934,0.0014634928871295365,3000.0
