ZL,error,N
0.02290204810946382,0.0009703645597339304,8000.0
