ZL,error,N
0.0036382239159512115,0.0008654677726304843,8000.0
