ZL,error,N
0.009602791535107517,0.0008887541745340314,7999.0
