ZL,error,N
0.0163138622256516,0.005524123651652567,1000.0
