ZL,error,N
-0.05140751674785715,0.004537485463875607,1000.0
