ZL,error,N
-0.11431601746017063,0.002269629406655872,1000.0
