ZL,error,N
-0.07964438224942613,0.003953073357444711,1000.0
