ZL,error,N
-0.09375797286126411,0.0018676684857641109,1000.0
