ZL,error,N
-0.015720266227113852,0.005101099582532015,1000.0
