ZL,error,N
-0.10313542797362427,0.0031765613478694932,1000.0
