O^z,error,N,total_data
-0.23171522777589978,0.0004640617538742998,1000.0,32000.0
