O^z,error,N,total_data
-0.33330001136157206,0.0007115973047579443,1000.0,12000.0
