O^z,error,N,total_data
-0.23874130723862194,0.0004828258986365933,1000.0,28000.0
