O^z,error,N,total_data
-0.27054530742164284,0.0005598986940083599,1000.0,20000.0
