ZL,error,N
0.18633091513047143,0.003106682225510831,1000.0
