ZL,error,N
0.16305694593612963,0.0013984763445820732,10000.0
