ZL,error,N
0.16511513869209474,0.004087068010267997,1000.0
