ZL,error,N
0.18454314423665838,0.000988369233670586,10000.0
