ZL,error,N
0.1553894465484377,0.001484304413876749,10000.0
