ZL,error,N
0.1645353145893969,0.004357344205381311,1000.0
