ZL,error,N
0.1409682539933875,0.005128240275071513,1000.0
