ZL,error,N
0.19302811639756023,0.000792359662553498,10000.0
