ZL,error,N
0.19558591310038217,0.0024784728767119897,1000.0
