ZL,error,N
0.1497652789164076,0.001579372767226461,10000.0
