ZL,error,N
0.1778315014106108,0.003635473674998717,1000.0
