ZL,error,N
0.17204455862022774,0.0012709816025177542,10000.0
