ZL,error,N
0.15412336708124125,0.004666655237055801,1000.0
