ZL,error,N
0.17803628948535044,0.0011431648379059108,10000.0
