ZL,error,N
0.12020305262840715,0.003884040166840248,1000.0
