ZL,error,N
0.13148978918478732,0.002009057043764596,3000.0
