ZL,error,N
0.14138605540480284,0.001869416046392406,3000.0
