ZL,error,N
0.12278052304112778,0.0037401723693220564,1000.0
