ZL,error,N
0.14026583985196425,0.0019211777987377646,3000.0
