ZL,error,N
0.13499190005245548,0.0019759691044198067,3000.0
