ZL,error,N
0.1555622936124137,0.001626200261844758,3000.0
