ZL,error,N
0.1130466822906448,0.0039549483054023195,1000.0
