ZL,error,N
0.12761006565612246,0.0020799663959093365,3000.0
