ZL,error,N
0.14820541359058725,0.0017848202224460053,3000.0
