ZL,error,N
-0.4533329678016703,0.002901082990082949,1000.0
