ZL,error,N
-0.37367226004384074,0.0024803948863703256,1000.0
