ZL,error,N
-0.2703349919622875,0.002036039612126374,1000.0
