ZL,error,N
-0.3274344776336977,0.0023076621299900723,1000.0
