ZL,error,N
-0.1960403026576126,0.0018431261464694664,1000.0
