ZL,error,N
-0.4161136302677235,0.0028327703613842473,1000.0
