ZL,error,N
-0.10804440586851013,0.0014010698936591972,1000.0
