O^z,error,N,total_data
0.026049586594685682,0.00017369966293725,849.0,108636.0
