ZL,error,N
0.0004303536609119687,0.001258990217781613,5000.0
