ZL,error,N
0.0016637562563485905,0.0016251942757128475,3000.0
