ZL,error,N
-0.0011226171504911532,0.0008871564761587829,10000.0
