ZL,error,N
0.03158172944248858,0.0009722970779147982,10000.0
