ZL,error,N
0.0313291804666492,0.0018170625178253576,3000.0
