ZL,error,N
0.0092582471865107,0.0009073010770846292,10000.0
