ZL,error,N
-0.00019544761400869284,0.0008928414058446847,10000.0
