ZL,error,N
0.03252776165079104,0.0013860516938166546,5000.0
