ZL,error,N
0.009853308806083377,0.0012785271407800365,5000.0
