ZL,error,N
0.031516371603220766,0.001091676752172226,8000.0
