ZL,error,N
-0.0011378468469549416,0.0008884046668622428,10000.0
