ZL,error,N
0.0005431301327174174,0.0016196106141137473,3000.0
