ZL,error,N
-0.00023152465837034816,0.0008841709236939776,10000.0
