ZL,error,N
0.000299361907762995,0.001253339198339584,5000.0
