ZL,error,N
0.009639772254454056,0.0016426549570415043,3000.0
