ZL,error,N
-0.0004064159127338037,0.0009937818275567967,8000.0
