ZL,error,N
0.00023422084752216678,0.0009832437064611205,8000.0
