ZL,error,N
0.009610612207759267,0.0010096285807637277,8000.0
