O^z,error,N,total_data
-0.06270795876064672,0.000902743721518228,1000.0,16000.0
