O^z,error,N,total_data
-0.1650910115977472,0.005737099334762809,1000.0,1000.0
