O^z,error,N,total_data
-0.018852917920725343,0.0003544031774965158,1000.0,32000.0
