O^z,error,N,total_data
-0.030572530620738378,0.0005174987142422421,1000.0,24000.0
