ZL,error,N
0.04812317356945417,0.0009542095357262064,10000.0
