ZL,error,N
0.026113284733889235,0.0016366609926193028,3000.0
