ZL,error,N
0.04845242590162521,0.0017512734008202618,3000.0
