ZL,error,N
0.013612809520632018,0.0011942042097095543,5000.0
