ZL,error,N
0.02547638364054529,0.0008905581297714439,10000.0
