ZL,error,N
0.04969390412319368,0.001355093818298024,5000.0
