ZL,error,N
0.010800339616445555,0.0011559351564595726,5000.0
