ZL,error,N
0.013093233038486632,0.000938749436614529,8000.0
