ZL,error,N
0.02624924520872271,0.001265994612957898,5000.0
