ZL,error,N
0.013295711520616706,0.0008384519726598623,10000.0
