ZL,error,N
0.011812672600425832,0.0014902417460054174,3000.0
