ZL,error,N
0.00962287751349685,0.0008127806991488781,10000.0
