ZL,error,N
0.013068987460747609,0.001532418321736972,3000.0
