ZL,error,N
0.009472595001435167,0.000910517225836353,8000.0
