ZL,error,N
0.025368018020354145,0.0009968506717826355,8000.0
