ZL,error,N
0.04853407505960974,0.0010655654668973195,8000.0
