O^z,error,N,total_data
-0.1889094331062522,0.0002883190815327251,10000.0,120000.0
