O^z,error,N,total_data
-0.2782659852651566,0.0010395661580141428,10000.0,10000.0
