O^z,error,N,total_data
-0.13699875948794865,0.0002261034198759971,10000.0,160000.0
