ZL,error,N
0.15782228245121568,0.00311625298511694,1000.0
