ZL,error,N
0.15314725504889012,0.0027880078060265484,1000.0
