ZL,error,N
0.16774231588573502,0.0033862813248719263,1000.0
