ZL,error,N
0.1619812447218118,0.003293799142196984,1000.0
