ZL,error,N
0.20760092085366497,0.0025823011320686593,1000.0
