ZL,error,N
0.21775348998059085,0.0034076461465093457,1000.0
