ZL,error,N
0.20489808674781276,0.0022008281380487874,1000.0
