ZL,error,N
0.20666468890195439,0.0028119402021194663,1000.0
