ZL,error,N
0.2144238786895646,0.0033046833822427033,1000.0
