ZL,error,N
0.21344032636194976,0.002933443472578135,1000.0
