ZL,error,N
0.2111118739035863,0.003156303767780416,1000.0
