ZL,error,N
0.4888699137441784,0.0024480513678020884,1000.0
