ZL,error,N
0.440294676135859,0.0026158267090897885,1000.0
