ZL,error,N
0.22803682956622454,0.002766998831104647,1000.0
