ZL,error,N
0.010727268529105917,0.0016235055790687807,1000.0
