ZL,error,N
0.3138159386421592,0.0027994937751068833,1000.0
