ZL,error,N
0.3818552754807933,0.002684016672466102,1000.0
