ZL,error,N
0.12583958068950407,0.002465718739105167,1000.0
