O^z,error,N,total_data
-0.17857918661258645,0.005872931648481037,1000.0,1000.0
