O^z,error,N,total_data
-0.024315285904767135,0.0003950254239186298,1000.0,32000.0
