O^z,error,N,total_data
-0.07691800886074111,0.0009591366639987054,1000.0,16000.0
