O^z,error,N,total_data
-0.040527083219195854,0.0005926256701594501,1000.0,24000.0
