ZL,error,N
0.010975322986194589,0.0031255931807569665,951.0
