ZL,error,N
0.014114014485623673,0.00275397884563855,969.0
