ZL,error,N
0.00970073774694672,0.0033601073536169744,922.0
