O^z,error,N,total_data
-0.08866454475739471,0.0006388281214535147,1000.0,20000.0
