O^z,error,N,total_data
-0.04150384823991948,0.00035503312426966806,1000.0,32000.0
