O^z,error,N,total_data
-0.1195123367859924,0.0008068428225712032,1000.0,16000.0
