O^z,error,N,total_data
-0.05099651272851057,0.00040050091710864665,1000.0,28000.0
