O^z,error,N,total_data
-0.06655021972869983,0.000498167606439511,1000.0,24000.0
