O^z,error,N,total_data
-0.2518226328684015,0.004180911505601129,1000.0,1000.0
