O^z,error,N,total_data
-0.16779210513580622,0.001065666376289718,1000.0,12000.0
