ZL,error,N
0.18306431473553883,0.003567760342623177,1000.0
