ZL,error,N
0.18693628659754416,0.0030653810773763495,1000.0
