ZL,error,N
0.18898400384388053,0.0024701242052139914,1000.0
