ZL,error,N
0.18774917131189559,0.0034473098227869045,1000.0
