ZL,error,N
0.18885054526819814,0.0031885242311683027,1000.0
