ZL,error,N
0.18582836304067096,0.0028554035562185945,1000.0
