ZL,error,N
0.18414133558240162,0.0033127693464039226,1000.0
