ZL,error,N
-0.0490966482697261,0.0010582064250800613,1000.0
