ZL,error,N
0.2516125160866772,0.0022960403502808977,1000.0
