ZL,error,N
0.20458707345873037,0.0021207364670963124,1000.0
