ZL,error,N
0.14920795164298417,0.0019979855474460736,1000.0
