ZL,error,N
0.08924643547567436,0.0017978103349232276,1000.0
