ZL,error,N
0.019095913012498644,0.0015528226594153265,1000.0
