ZL,error,N
-0.09997964568929699,0.0005647829070927647,1000.0
