ZL,error,N
0.0022279221456961026,0.002289813441251863,1000.0
