ZL,error,N
0.006907060346879202,0.001279109471863991,3000.0
