ZL,error,N
0.003683727602334139,0.0022336144164646437,997.0
