ZL,error,N
0.014045781357732778,0.0013218233381364942,3000.0
