ZL,error,N
0.004843668023943772,0.0023458105765965694,996.0
