ZL,error,N
0.03514135656825969,0.001530702879130324,3000.0
