ZL,error,N
0.008923593983849223,0.001290854797591879,2998.0
