ZL,error,N
0.02386101169811405,0.0014668839127403473,3000.0
