ZL,error,N
0.01715110066389388,0.00138403748596843,3000.0
