ZL,error,N
0.005596311741831159,0.0012625471855473053,3000.0
