ZL,error,N
0.2891024819492817,0.001578114445207163,3000.0
