ZL,error,N
0.27009743196977837,0.0014380995502897822,3000.0
