ZL,error,N
0.3492745533169211,0.003485296162598151,1000.0
