ZL,error,N
0.23670809676723525,0.0009895092210022763,3000.0
