ZL,error,N
0.32667216785489744,0.0031390763217381467,1000.0
