ZL,error,N
0.3712286245531301,0.0036906271311438594,1000.0
