ZL,error,N
0.2957373291177113,0.0016740347643141346,3000.0
