ZL,error,N
0.261239410087993,0.001313021598737888,3000.0
