ZL,error,N
0.27891152134158914,0.001547892640388578,3000.0
