ZL,error,N
0.24854803237376735,0.0011853256131220912,3000.0
