ZL,error,N
-0.1993536790586461,0.0008460085965846056,10000.0
