ZL,error,N
-0.19054937371371541,0.0035042105365411,3000.0
