ZL,error,N
-0.17947262777309445,0.0013085473207865266,3000.0
