ZL,error,N
-0.21334526881079072,0.0027955804077916275,3000.0
