ZL,error,N
-0.21616427944616456,0.001341354929674681,10000.0
