ZL,error,N
-0.2141845587182078,0.002461292914096108,3000.0
