ZL,error,N
-0.19828780560215428,0.002704030376810035,1000.0
