ZL,error,N
-0.17737673349708483,0.0023723026740484167,1000.0
