ZL,error,N
-0.21409413664379273,0.0036726827903149793,1000.0
