ZL,error,N
-0.21655740034373058,0.0011613944566006586,10000.0
