ZL,error,N
-0.07951997517380757,0.002236795657865049,1000.0
