ZL,error,N
-0.21129317902929115,0.0031329334576713492,1000.0
