ZL,error,N
-0.2117715208498154,0.0009866119666864293,10000.0
