ZL,error,N
-0.20017799672858613,0.0015378095732644839,3000.0
