ZL,error,N
-0.20578324766683587,0.003064567438733181,3000.0
