ZL,error,N
-0.21756137911768084,0.002138908639355509,3000.0
