ZL,error,N
-0.14099566152562176,0.002131246800792392,1000.0
