ZL,error,N
-0.20626057529348954,0.004238306233216609,1000.0
