ZL,error,N
-0.19753230183487988,0.003262583164454276,3000.0
