ZL,error,N
-0.21231325238981755,0.001827335622374208,3000.0
