O^z,error,N,total_data
-0.15516918103895502,0.000643149219983917,1000.0,24000.0
