O^z,error,N,total_data
-0.1232785271393527,0.0005155617957394309,1000.0,32000.0
