O^z,error,N,total_data
-0.21085121256881809,0.0008466668632516825,1000.0,16000.0
