O^z,error,N,total_data
-0.13677761536884098,0.0005692781010992897,1000.0,28000.0
