O^z,error,N,total_data
-0.17964338080685233,0.0007241253004016312,1000.0,20000.0
