O^z,error,N,total_data
-0.3417780247381529,0.0037242375938384277,1000.0,1000.0
