O^z,error,N,total_data
-0.25849784560920136,0.0010226055395096728,1000.0,12000.0
