O^z,error,N,total_data
-0.26093440826526976,0.00023297736948596398,3000.0,84000.0
