O^z,error,N,total_data
-0.29491836853902614,0.00027450729902153427,3000.0,60000.0
