O^z,error,N,total_data
-0.4522906231626541,0.001280312867546109,3000.0,3000.0
