O^z,error,N,total_data
-0.2494946637058933,0.00022729457799583436,3000.0,96000.0
