O^z,error,N,total_data
-0.27534644474773035,0.00025049019123504464,3000.0,72000.0
