O^z,error,N,total_data
-0.3222411157801859,0.00031604908728609415,3000.0,48000.0
