O^z,error,N,total_data
-0.36630081517319063,0.0003672573047362268,3000.0,36000.0
