ZL,error,N
0.2285335711310585,0.0035739220322390996,1000.0
