ZL,error,N
0.22299769444640444,0.0030621440728545364,1000.0
