ZL,error,N
0.22324070064325513,0.002402566412408651,1000.0
