ZL,error,N
0.2327695674680705,0.0037799246384897698,1000.0
