O^z,error,N,total_data
-0.1819980567744198,0.0005846675931610245,1000.0,24000.0
