O^z,error,N,total_data
-0.2374121722901321,0.0008152345346283737,1000.0,16000.0
