O^z,error,N,total_data
-0.2855295472134935,0.001034120125314056,1000.0,12000.0
