O^z,error,N,total_data
-0.1495996796452148,0.00046290202798331364,1000.0,32000.0
