O^z,error,N,total_data
-0.3676891055657369,0.003952353057946948,1000.0,1000.0
