O^z,error,N,total_data
-0.1628577850267947,0.0005138401659154067,1000.0,28000.0
