O^z,error,N,total_data
-0.20374584763242115,0.0006867823122539029,1000.0,20000.0
