ZL,error,N
-0.10853620162087899,0.004304594268088531,1000.0
