ZL,error,N
0.04870250224794626,0.0034564071796453467,1000.0
