ZL,error,N
-0.032504989282377175,0.004097950323363439,1000.0
