ZL,error,N
-0.08293400433707987,0.004309749540963318,1000.0
