ZL,error,N
0.004646815627219813,0.003870477455440504,1000.0
