ZL,error,N
-0.12333213585040435,0.004374696899013121,1000.0
