ZL,error,N
-0.05838451750145366,0.004205700291838045,1000.0
