O^z,error,N,total_data
-0.0967561112602298,0.0010271358086490386,1000.0,16000.0
