O^z,error,N,total_data
-0.05584975376467061,0.0006289793130721035,1000.0,24000.0
