O^z,error,N,total_data
-0.03464557083386646,0.0004450630702321209,1000.0,32000.0
