O^z,error,N,total_data
-0.21267355350788472,0.0058221521566879765,1000.0,1000.0
