ZL,error,N
0.3410614891044325,0.002943474160531467,1000.0
