ZL,error,N
0.2637987188183247,0.001162385126886524,1000.0
