ZL,error,N
0.3386182163660533,0.0025030796108364704,1000.0
