ZL,error,N
0.35541514520147177,0.002780387355820498,1000.0
