ZL,error,N
0.29010052786171403,0.0017484831424306746,1000.0
