ZL,error,N
0.30255194610709096,0.0021988605765604573,1000.0
