ZL,error,N
0.3167588595157514,0.002321119946177623,1000.0
