x2-x1,corr,error
1.0,4.474092869408409,
2.0,3.030249966610371,
3.0,2.6987317318475474,
4.0,2.367837055324744,
5.0,2.2264496653698624,
6.0,2.083465085005553,
7.0,2.024643834647956,
8.0,1.9989354241498085,
