ZL,error,N
0.003753661939388975,0.003460990210647608,1000.0
