ZL,error,N
0.14649066086565982,0.004742345448650515,1000.0
