ZL,error,N
-0.05470836546768991,0.002199701614442072,1000.0
