ZL,error,N
0.2679285291299795,0.004682913281123581,1000.0
