ZL,error,N
0.07945463290354668,0.00431505453830779,1000.0
