ZL,error,N
0.21061814570874635,0.004622665040411286,1000.0
