ZL,error,N
0.31101072067138985,0.0048958377939597765,1000.0
