O^z,error,N,total_data
-0.016285801556544414,0.00029303497326944026,500.0,32000.0
