O^z,error,N,total_data
-0.012749303638512358,0.00015108778484716968,1000.0,80000.0
