O^z,error,N,total_data
-0.02775957904887159,0.00039533392122725213,499.0,23952.0
