ZL,error,N
0.11319049734833861,0.008877716651477236,989.0
