ZL,error,N
0.10612590361366145,0.008287576938777942,995.0
