ZL,error,N
0.1283657738663275,0.009140339655018622,985.0
