ZL,error,N
0.060580586849708205,0.007578172722424974,997.0
