ZL,error,N
-0.24071359714682908,0.002140182512436999,1000.0
