ZL,error,N
-0.18249835868019082,0.0019531521545490603,1000.0
