ZL,error,N
-0.3745118405850591,0.003309274008352077,1000.0
