ZL,error,N
-0.32081094832341783,0.0026639476676037018,1000.0
