ZL,error,N
-0.34683272596944165,0.00306325631288553,1000.0
