ZL,error,N
-0.10436812271849313,0.0015974357885583676,1000.0
