ZL,error,N
-0.2831448372904056,0.002502296204161941,1000.0
