O^z,error,N,total_data
-4.409548781305168e-05,8.842715371709276e-06,1000.0,32000.0
