O^z,error,N,total_data
-0.0077358501037041,0.000129677012805066,1000.0,12000.0
