O^z,error,N,total_data
-9.448362567137897e-05,1.084456153844245e-05,1000.0,28000.0
