O^z,error,N,total_data
-0.0014934227796526791,6.526555476611471e-05,1000.0,16000.0
