O^z,error,N,total_data
-0.03639554682831242,0.000808175599550991,1000.0,1000.0
