O^z,error,N,total_data
-0.000540986111065639,3.4907166910338655e-05,1000.0,20000.0
