O^z,error,N,total_data
-0.00014774309809549363,1.9603333021399514e-05,1000.0,24000.0
