ZL,error,N
-0.09427039245518347,0.0018163289217601555,1000.0
