ZL,error,N
-0.10770233619055261,0.002374161038596276,1000.0
