ZL,error,N
-0.09180778051675485,0.0033256684323967607,1000.0
