ZL,error,N
-0.06410273657858634,0.004130127111663328,1000.0
