ZL,error,N
0.010158011734663476,0.005197520174688386,1000.0
