ZL,error,N
-0.03143310369265957,0.0045834818354139484,1000.0
