ZL,error,N
0.04520782751666774,0.0054120555587030906,1000.0
