O^z,error,N,total_data
-0.18678789259787318,0.0003718069954550447,1000.0,32000.0
