O^z,error,N,total_data
-0.3263995679805921,0.00025153261296142576,10000.0,120000.0
