O^z,error,N,total_data
-0.4107988909182039,0.0009478383957348138,10000.0,10000.0
