O^z,error,N,total_data
-0.32576525020963093,0.0007905777579198054,1000.0,12000.0
