O^z,error,N,total_data
-0.24442638736092714,0.0005479032058196085,1000.0,20000.0
