O^z,error,N,total_data
-0.24309873752269356,0.00016938186800472295,10000.0,200000.0
