O^z,error,N,total_data
-0.21878537794112388,0.0001475465960197912,10000.0,240000.0
