O^z,error,N,total_data
-0.20017322312875244,0.0004142075215344305,1000.0,28000.0
