O^z,error,N,total_data
-0.20028156062084085,0.00013034894427584013,10000.0,280000.0
