O^z,error,N,total_data
-0.2773439976471236,0.0006304883216404681,1000.0,16000.0
