O^z,error,N,total_data
-0.18502505678369255,0.00011684073437888313,10000.0,320000.0
