O^z,error,N,total_data
-0.2768015913567457,0.00020106697281697798,10000.0,160000.0
