O^z,error,N,total_data
-0.4107495028439285,0.0030130589548743995,1000.0,1000.0
