O^z,error,N,total_data
-0.21840318735180986,0.00046434562415285035,1000.0,24000.0
