O^z,error,N,total_data
0.0002025830363275334,8.634272880510126e-05,1.0,64.0
