O^z,error,N,total_data
5.24406773300481e-07,8.464824782358363e-06,1.0,128.0
