ZL,error,N
0.01936123042565868,0.0007880761178092488,10000.0
