ZL,error,N
0.007994388027999856,0.0007832071571694545,7997.0
