ZL,error,N
0.008726816405942363,0.0012876436078807436,2999.0
