ZL,error,N
0.0191227021377357,0.0011188565077818013,5000.0
