ZL,error,N
0.0032741231262987747,0.0007009650654894775,9984.0
