ZL,error,N
0.018929325506743224,0.0008791605409874824,8000.0
