ZL,error,N
0.008700845865183165,0.0010005824153146165,4999.0
