ZL,error,N
0.0039028899533280997,0.0012573044304327846,2999.0
