ZL,error,N
0.0033287422345070466,0.0012806035487446421,2997.0
