ZL,error,N
0.0037662367756383886,0.0007862096284119182,7986.0
