ZL,error,N
0.01908339103152879,0.0014472996114829125,3000.0
