ZL,error,N
0.0036235928505266583,0.0006871107209220029,9992.0
