ZL,error,N
0.0038923085692462622,0.0007727149192758943,7994.0
