ZL,error,N
0.0034155362342181937,0.0009860134122996892,4992.0
