ZL,error,N
0.003574880090570966,0.0009788934722453496,4996.0
