ZL,error,N
0.007862870241702333,0.0007072793631226291,9994.0
