O^z,error,N,total_data
-0.17750518126900316,0.0018812876172097604,10000.0,10000.0
