O^z,error,N,total_data
-0.022676282774530366,0.00018411348254988437,4996.0,159872.0
