O^z,error,N,total_data
-0.022583788416036667,0.00014391241633495764,7993.0,255776.0
