O^z,error,N,total_data
-0.022866253984067844,0.0001294390548457755,9992.0,319744.0
