O^z,error,N,total_data
-0.17745422255729792,0.002108822827994071,8000.0,8000.0
