O^z,error,N,total_data
-0.07273867746117148,0.00042889620199947136,5000.0,80000.0
