O^z,error,N,total_data
-0.1802476847442942,0.0026717748208988667,5000.0,5000.0
