O^z,error,N,total_data
-0.022980781484986553,0.00023792919696760862,2999.0,95968.0
