O^z,error,N,total_data
-0.039814997811358235,0.00033822798327113685,3000.0,72000.0
