O^z,error,N,total_data
-0.039052010088067704,0.00018478424736789332,9999.0,239976.0
