O^z,error,N,total_data
-0.039206623431126436,0.00026069719341550627,5000.0,120000.0
