O^z,error,N,total_data
-0.1829741399659497,0.0033929633674094073,3000.0,3000.0
