O^z,error,N,total_data
-0.07388381260326855,0.0005525776373134066,3000.0,48000.0
