O^z,error,N,total_data
-0.03885618958473289,0.00020639050583956396,7999.0,191976.0
