O^z,error,N,total_data
-0.07284278595002544,0.00030635931710953446,10000.0,160000.0
