O^z,error,N,total_data
-0.07272561826491455,0.00034119971977914995,8000.0,128000.0
