O^z,error,N,total_data
-0.16804801516601683,0.0026330858109089275,5000.0,5000.0
