O^z,error,N,total_data
-0.01912932644371035,0.00011791747525608378,9998.0,319936.0
