O^z,error,N,total_data
-0.06589385805152867,0.00042199841752753125,4999.0,79984.0
