O^z,error,N,total_data
-0.033907091886653154,0.0003182701022809149,2999.0,71976.0
