O^z,error,N,total_data
-0.01897901850278224,0.00013176889052015454,7998.0,255936.0
