O^z,error,N,total_data
-0.06534580168585706,0.0002984142500808473,9999.0,159984.0
