O^z,error,N,total_data
-0.16511589772568744,0.0018587515428961487,10000.0,10000.0
