O^z,error,N,total_data
-0.019119155903027606,0.00021414929922426213,3000.0,96000.0
