O^z,error,N,total_data
-0.16874996767544911,0.0034169457511290862,3000.0,3000.0
