O^z,error,N,total_data
-0.03398974882839222,0.00017551426697758944,9997.0,239928.0
