O^z,error,N,total_data
-0.16547172212882819,0.0020799700041050613,8000.0,8000.0
