O^z,error,N,total_data
-0.0664562558509485,0.0005462263913045647,3000.0,48000.0
