O^z,error,N,total_data
-0.0338367818583931,0.0001968515132074647,7998.0,191952.0
