O^z,error,N,total_data
-0.0652975642958553,0.0003332675652027421,7999.0,127984.0
