O^z,error,N,total_data
-0.033972646091877806,0.00024742520479002035,4998.0,119952.0
