O^z,error,N,total_data
-0.01911823747663948,0.00016591462153467312,5000.0,160000.0
