ZL,error,N
0.008578255994692526,0.00157317970506485,3000.0
