ZL,error,N
0.025035296335019868,0.005427957993387844,499.0
