ZL,error,N
0.008886486399473606,0.0009642960653148257,8000.0
