ZL,error,N
0.0014230158138654264,0.0009062402414257055,9997.0
