ZL,error,N
0.001360685661938851,0.001222684045498785,5000.0
