ZL,error,N
0.001742380405767798,0.0008588338532026674,10000.0
