ZL,error,N
0.008768618529007852,0.0008586160678407519,10000.0
