ZL,error,N
0.024447405365710814,0.005497616562875181,498.0
