ZL,error,N
0.007731807166471761,0.001098390955743218,7997.0
