ZL,error,N
0.0016061468349566962,0.0009610004934465002,8000.0
