ZL,error,N
0.03835965011492475,0.004419270286016809,995.0
