ZL,error,N
0.007237237326914686,0.0013938421199792136,4998.0
