ZL,error,N
0.0011031884671922163,0.0010180889866592809,7998.0
