ZL,error,N
-0.0004305500223332358,0.0015611949032293703,3000.0
