ZL,error,N
0.00039656875177659614,0.0016612491208629885,3000.0
