ZL,error,N
0.0014589961879756753,0.001289337839534203,4999.0
