ZL,error,N
0.0072053671769710835,0.0009784001657712309,9994.0
