ZL,error,N
0.009578041276031202,0.0012144695267792278,5000.0
