ZL,error,N
0.007424289122001107,0.0018072271839873846,2999.0
