O^z,error,N,total_data
-0.3292881087203884,0.005280650809334587,1.0,28.0
