O^z,error,N,total_data
-0.37512083151743575,0.01010509595067716,1.0,16.0
