O^z,error,N,total_data
-0.3387488863876369,0.006202186798212698,1.0,24.0
