O^z,error,N,total_data
-0.32292518187972963,0.005965635293323248,1.0,32.0
