O^z,error,N,total_data
-0.40944417093533647,0.012907613322179852,1.0,12.0
