O^z,error,N,total_data
-0.3543350781157877,0.007858585157831794,1.0,20.0
