O^z,error,N,total_data
-0.033621440030257764,0.00028331653366213606,1000.0,24000.0
