O^z,error,N,total_data
-0.015064837922213236,0.0001558257186506887,1000.0,32000.0
