O^z,error,N,total_data
-0.0807290638872432,0.0005319663344485566,1000.0,16000.0
