O^z,error,N,total_data
-0.022417293073109544,0.00021679515790320832,1000.0,28000.0
