O^z,error,N,total_data
-0.05025652619943645,0.00037038710149081517,1000.0,20000.0
