O^z,error,N,total_data
-0.2205597971637612,0.002861830038992985,1000.0,1000.0
