O^z,error,N,total_data
-0.13083467266254634,0.0007305581771986632,1000.0,12000.0
