ZL,error,N
-0.011183023823556792,0.0009621778531532713,10000.0
