ZL,error,N
-0.0065336168027140895,0.001158952911575065,8000.0
