ZL,error,N
-0.010552515883441974,0.0009262993376786722,10000.0
