ZL,error,N
0.0012033735773843315,0.001138963269691101,9999.0
