ZL,error,N
-0.011068861828049545,0.0009832060068837678,10000.0
