ZL,error,N
0.0005400264827174914,0.0010453159833145177,8000.0
