ZL,error,N
-0.010936002612057015,0.0010789058538507967,8000.0
