O^z,error,N,total_data
-0.0002918503207080997,0.00012201148042995433,832.0,66560.0
