O^z,error,N,total_data
-0.0012223285596635314,0.0002717498115831856,455.0,21840.0
