O^z,error,N,total_data
-0.00023562393734457622,0.00021612926137146136,432.0,27648.0
