ZL,error,N
0.06602130101638952,0.008592872719542385,1000.0
