ZL,error,N
0.11266204543434973,0.009716763428572757,994.0
