ZL,error,N
-0.07193977192071327,0.007579450911585565,1000.0
