ZL,error,N
0.03667065996442503,0.008356882579574667,1000.0
