ZL,error,N
0.11269392678496427,0.008963825905814281,1000.0
