ZL,error,N
0.00036528063516334607,0.008442593368994626,1000.0
