ZL,error,N
0.019137692480501546,0.0038590990346163965,1000.0
