ZL,error,N
-0.014230530147132018,0.00267808234886618,1000.0
