ZL,error,N
0.036702381035679396,0.004615956115002192,1000.0
