ZL,error,N
-0.00744498112247816,0.0034349572468275057,1000.0
