ZL,error,N
-0.1811525957042628,0.002863309268505521,1000.0
