ZL,error,N
-0.15588765535227586,0.00418887733121297,1000.0
