ZL,error,N
-0.160096152565151,0.0015770142052503786,1000.0
