ZL,error,N
-0.1407246806659637,0.004869358687477776,1000.0
