ZL,error,N
0.06886145132464296,0.004609477887076374,1000.0
