ZL,error,N
0.05384641367299915,0.004874328681824898,1000.0
