ZL,error,N
0.0832143500367942,0.004450642196617569,1000.0
