ZL,error,N
0.11588372986164922,0.003679328382273332,1000.0
