ZL,error,N
0.09992084546410189,0.004046320567811677,1000.0
