ZL,error,N
0.142778708370288,0.0030736722806337514,1000.0
