ZL,error,N
0.04021917084766831,0.005070555017530805,1000.0
