O^z,error,N,total_data
-0.004976108450612874,0.00020289223452573548,498.0,31872.0
