O^z,error,N,total_data
-0.023246684073010174,0.0003717092349089485,1000.0,32000.0
