O^z,error,N,total_data
-0.0031260170650107013,0.00010522685563881829,995.0,79600.0
