O^z,error,N,total_data
-0.18242350346442665,0.005723259623980694,1000.0,1000.0
