O^z,error,N,total_data
-0.038941601891681464,0.0005606821459257631,1000.0,24000.0
