O^z,error,N,total_data
-0.008732708265079365,0.0002865102636654652,500.0,24000.0
