O^z,error,N,total_data
-0.07667526195666538,0.0009465331675983033,1000.0,16000.0
