O^z,error,N,total_data
-0.0005167709032583296,0.00011385040858928517,921.0,73680.0
