O^z,error,N,total_data
-0.002219425028974227,0.000283974245762173,484.0,23232.0
