O^z,error,N,total_data
-0.000381784846562294,0.00020131039179111063,480.0,30720.0
