O^z,error,N,total_data
-0.11894896247519215,0.0009269786778357482,1000.0,12000.0
