O^z,error,N,total_data
-0.01657878089243796,0.00020872418447261454,1000.0,32000.0
