O^z,error,N,total_data
-0.0749206202799595,0.0006440907719580891,1000.0,16000.0
