O^z,error,N,total_data
-0.02353926651935085,0.000261364796853975,1000.0,28000.0
