O^z,error,N,total_data
-0.20155620028715113,0.00386597914601862,1000.0,1000.0
