O^z,error,N,total_data
-0.05010866159754675,0.000479649914074701,1000.0,20000.0
