O^z,error,N,total_data
-0.03293176009892857,0.0003435949749288465,1000.0,24000.0
