O^z,error,N,total_data
-0.18271276658840893,0.0005178762747825421,1000.0,28000.0
