O^z,error,N,total_data
-0.37895927693486814,0.0035634830398418933,1000.0,1000.0
