O^z,error,N,total_data
-0.16980047357227532,0.00047259133667176844,1000.0,32000.0
