O^z,error,N,total_data
-0.1983405899154195,0.0005903350602118994,1000.0,24000.0
