O^z,error,N,total_data
-0.25121708669941356,0.0007951661891650358,1000.0,16000.0
