O^z,error,N,total_data
-0.29825862927751645,0.0009704620761786491,1000.0,12000.0
