O^z,error,N,total_data
-0.22184751367522723,0.000666213945552116,1000.0,20000.0
