ZL,error,N
0.1217098636531546,0.005523729700407103,1000.0
