ZL,error,N
-0.05275352968107349,0.003754095405116473,1000.0
