ZL,error,N
-0.08836451939828999,0.0018744748336686125,1000.0
