ZL,error,N
-0.011834182774925907,0.004503273998654126,1000.0
