ZL,error,N
0.07676318567729792,0.005232906169000119,1000.0
