ZL,error,N
0.028975699400552935,0.004843961668509908,1000.0
