ZL,error,N
-0.08441153052247247,0.0027463849282606326,1000.0
