O^z,error,N,total_data
-0.07838661159317573,0.000997568932438702,1000.0,16000.0
