O^z,error,N,total_data
-0.027455724917050003,0.0004080022196546661,999.0,31968.0
