O^z,error,N,total_data
-0.18578517067427586,0.005750697265662219,1000.0,1000.0
