O^z,error,N,total_data
-0.04194167562859418,0.0005932559064019566,1000.0,24000.0
