O^z,error,N,total_data
-0.022442517680930474,0.000275938324047967,1000.0,28000.0
