O^z,error,N,total_data
-0.03212094707960703,0.0003679730633856281,1000.0,24000.0
