O^z,error,N,total_data
-0.045896503103510254,0.0004938932325447624,1000.0,20000.0
