O^z,error,N,total_data
-0.01653350588765143,0.00022506956521439674,1000.0,32000.0
