O^z,error,N,total_data
-0.11288385024707125,0.0009856560151093059,1000.0,12000.0
