O^z,error,N,total_data
-0.07018996259685172,0.0006672698538137502,1000.0,16000.0
