O^z,error,N,total_data
-0.19024355659977757,0.004221328458958134,1000.0,1000.0
