ZL,error,N
-0.05009597021016194,0.0034528319136066855,1000.0
