ZL,error,N
-0.08137838264380817,0.0034667885292677413,1000.0
