ZL,error,N
-0.12975397235160496,0.0038895995799225493,1000.0
