ZL,error,N
-0.11694032362536012,0.003583320384850267,1000.0
