ZL,error,N
-0.003881968582372659,0.0033264251674106843,1000.0
