ZL,error,N
-0.12773377968173044,0.0036770109537283715,1000.0
