ZL,error,N
-0.10665897352781685,0.0035032989880254425,1000.0
