ZL,error,N
-0.14861062794205104,0.0017163661858539741,3000.0
