ZL,error,N
-0.2997510637195756,0.001996765045073301,3000.0
