ZL,error,N
-0.4602719948192982,0.00781948261321911,1000.0
