ZL,error,N
-0.25576694259931526,0.0017774358949971887,3000.0
