ZL,error,N
-0.22771957900062903,0.0016830451719201328,3000.0
