ZL,error,N
-0.2801486369132789,0.001898718727121367,3000.0
