ZL,error,N
-0.334075741183959,0.002263201726866001,3000.0
