ZL,error,N
-0.19168623458277492,0.0016752832017746285,3000.0
