ZL,error,N
-0.34996134444467897,0.002412713108810412,3000.0
