ZL,error,N
-0.31714065157415067,0.002150678173221312,3000.0
