ZL,error,N
0.07416217991773875,0.004487839369868779,1000.0
