ZL,error,N
0.04761071745444801,0.004861141648539429,1000.0
