ZL,error,N
0.030377561909698668,0.005238815507025252,1000.0
