ZL,error,N
0.06443250409277759,0.0046836329056886145,1000.0
