ZL,error,N
0.11844341257761296,0.003675367538177126,1000.0
