ZL,error,N
0.09755167646384894,0.004089629761217666,1000.0
