ZL,error,N
0.1436463866460018,0.0030879241968590067,1000.0
