ZL,error,N
0.036812214786079184,0.0028431401142906196,1000.0
