ZL,error,N
0.01448605306874382,0.0024982409893002,1000.0
