ZL,error,N
0.00346013271461132,0.0022395752805479965,1000.0
