ZL,error,N
0.008381011191740624,0.0024563653763186614,1000.0
