O^z,error,N,total_data
-0.0018418169243412193,5.5173363721136436e-05,1000.0,24000.0
