O^z,error,N,total_data
-0.009636761653103454,0.00020344764378366377,1000.0,16000.0
