O^z,error,N,total_data
-0.0037594727248529197,8.349328700152463e-05,1000.0,20000.0
