O^z,error,N,total_data
-0.0008598728065311078,3.6255944345232604e-05,1000.0,28000.0
