O^z,error,N,total_data
-0.06934164050871484,0.002438314063992272,1000.0,1000.0
