O^z,error,N,total_data
-0.0004216901149290263,3.130359398881914e-05,1000.0,32000.0
