O^z,error,N,total_data
-0.024383312303942972,0.00039983360747412124,1000.0,12000.0
