ZL,error,N
-0.0715067737345905,0.003533445516638248,1000.0
