ZL,error,N
-0.08752700268216748,0.001948747018736461,1000.0
