ZL,error,N
0.07331382736760178,0.00552554141316895,1000.0
