ZL,error,N
-0.09630937093296739,0.0025836405495882667,1000.0
