ZL,error,N
-0.00538041692081746,0.004701898631269704,1000.0
