ZL,error,N
-0.0407285296205877,0.004257977982392645,1000.0
