ZL,error,N
0.036509677390280625,0.0053506421487859125,1000.0
