ZL,error,N
-0.0576275965430272,0.010011586083263644,848.0
