O^z,error,N,total_data
-0.19936632436582863,0.0008666985396437608,1000.0,16000.0
