O^z,error,N,total_data
-0.16600085042337964,0.0007421796152550616,1000.0,20000.0
