O^z,error,N,total_data
-0.24762228559887314,0.001057135333459443,1000.0,12000.0
