O^z,error,N,total_data
-0.14145481230242196,0.0006399734565864345,1000.0,24000.0
