O^z,error,N,total_data
-0.1255690768044952,0.0005731899974604991,1000.0,28000.0
