O^z,error,N,total_data
-0.33259851111670613,0.003888579799152056,1000.0,1000.0
