O^z,error,N,total_data
-0.11141870242666643,0.0005128275211129834,1000.0,32000.0
