O^z,error,N,total_data
-0.18039594004205572,0.005820334241371457,1000.0,1000.0
