O^z,error,N,total_data
-0.03936445229457952,0.0005932869614741865,1000.0,24000.0
