O^z,error,N,total_data
-0.07501047447956166,0.0009670770475675381,1000.0,16000.0
