O^z,error,N,total_data
-0.023583305572505507,0.0004071115937221434,999.0,31968.0
