O^z,error,N,total_data
-0.18565939043168642,0.0008677012431347331,1000.0,16000.0
