O^z,error,N,total_data
-0.11301710470807992,0.0005505237080579797,1000.0,28000.0
