O^z,error,N,total_data
-0.13047929143470036,0.0006320239618814346,1000.0,24000.0
