O^z,error,N,total_data
-0.23585993190277954,0.0010678055587634856,1000.0,12000.0
