O^z,error,N,total_data
-0.3220276237811617,0.003932613911216185,1000.0,1000.0
