O^z,error,N,total_data
-0.15352177752053614,0.0007359331937575115,1000.0,20000.0
