O^z,error,N,total_data
-0.09604547649803491,0.0004964587935130804,1000.0,32000.0
