ZL,error,N
-0.0016954736111001818,0.0026892322319381533,1000.0
