ZL,error,N
0.004071001079384876,0.003361607558438817,1000.0
