ZL,error,N
-0.004620486843969613,0.002961273006110969,1000.0
