ZL,error,N
0.012577132348676688,0.0034839340635917787,998.0
