ZL,error,N
0.17926112890463644,0.0009089770000297424,10000.0
