ZL,error,N
0.18221234724515603,0.0008002504466040962,10000.0
