ZL,error,N
0.17681324324982373,0.0009570065519730642,10000.0
