ZL,error,N
0.17737376966568705,0.00101061246399333,10000.0
