ZL,error,N
0.17551433681040218,0.0011110748898190586,10000.0
