ZL,error,N
0.17671159212526782,0.001044853479574189,10000.0
