ZL,error,N
0.1771798941559547,0.0010774600033776162,10000.0
