O^z,error,N,total_data
-0.044917926211265634,0.0003158971120558656,1000.0,12000.0
