O^z,error,N,total_data
-0.11547762622353953,0.001438350236627586,1000.0,1000.0
