O^z,error,N,total_data
-0.01878630091011373,0.0002016562438536969,1000.0,16000.0
