O^z,error,N,total_data
-0.003947601790466972,7.777310122288927e-05,1000.0,24000.0
