O^z,error,N,total_data
-0.002212295740765596,5.29532106337076e-05,1000.0,28000.0
