O^z,error,N,total_data
-0.008551617368804885,0.00012557822327869457,1000.0,20000.0
