O^z,error,N,total_data
-0.0012223005389452469,3.123666641577129e-05,1000.0,32000.0
