ZL,error,N
-0.11314786116634616,0.0036719427640223316,1000.0
