ZL,error,N
-0.047153046011290056,0.002937871595094297,1000.0
