ZL,error,N
-0.09178804590100341,0.0045559999540014514,1000.0
