ZL,error,N
-0.11471113427926359,0.003367613046545271,1000.0
