ZL,error,N
-0.08969079389114186,0.0027612624474234243,1000.0
