ZL,error,N
-0.10762473062759155,0.003050877359199804,1000.0
