ZL,error,N
-0.10596521303633999,0.004177500919179662,1000.0
