ZL,error,N
-0.0005494692101694649,0.005470838701571119,1000.0
