ZL,error,N
0.01576661339066885,0.005187199866589302,1000.0
