ZL,error,N
0.08652073883438345,0.004168172959885714,1000.0
