ZL,error,N
0.06256738268372077,0.004540339996346326,1000.0
