ZL,error,N
0.14428569359857465,0.0028981134494426505,1000.0
