ZL,error,N
0.04011771205346582,0.004760866308386423,1000.0
