ZL,error,N
0.11627513885851787,0.0036442456374062323,1000.0
