O^z,error,N,total_data
0.03414400689539576,0.0005090344887995114,1000.0,16000.0
