O^z,error,N,total_data
0.08155154469668484,0.0031009510612042667,1000.0,1000.0
