O^z,error,N,total_data
0.01760525634328246,0.0002998667941003686,1000.0,24000.0
