O^z,error,N,total_data
0.010288851392960128,0.00019973429761648787,1000.0,32000.0
