O^z,error,N,total_data
-0.21583395410968012,0.00039981152879152735,1000.0,28000.0
