O^z,error,N,total_data
-0.33806443042167494,0.0007343661850624724,1000.0,12000.0
