O^z,error,N,total_data
-0.20113681616241047,0.00036758312156314583,1000.0,32000.0
