O^z,error,N,total_data
-0.25752359750029397,0.0005313518973678277,1000.0,20000.0
