O^z,error,N,total_data
0.006946514614450753,0.00010566285272104405,1000.0,64000.0
