O^z,error,N,total_data
0.0013806614143182646,3.386807183205499e-05,1000.0,128000.0
