O^z,error,N,total_data
-0.15587992751052235,0.0017190974844825224,10000.0,10000.0
