O^z,error,N,total_data
-0.1556416763107733,0.0019188527547760786,8000.0,8000.0
