O^z,error,N,total_data
-0.15591511456060544,0.0017191626748037704,10000.0,10000.0
