O^z,error,N,total_data
-0.15914900562539347,0.0031476469168390734,3000.0,3000.0
