O^z,error,N,total_data
-0.028865959883274315,0.00016978576609536807,7999.0,191976.0
