O^z,error,N,total_data
-0.15697268774097248,0.002402751522073597,5000.0,5000.0
