O^z,error,N,total_data
-0.05946824842119812,0.0002666674433746096,10000.0,160000.0
