O^z,error,N,total_data
-0.09226178230081906,0.00038072853028430913,10000.0,120000.0
