O^z,error,N,total_data
-0.058164761436753414,0.0004841768708508364,3000.0,48000.0
