O^z,error,N,total_data
-0.0595165135030157,0.0003791145697224403,5000.0,80000.0
