O^z,error,N,total_data
-0.02850655099175184,0.0002131211261140838,4999.0,119976.0
