O^z,error,N,total_data
-0.05930071721650123,0.0002984408384905515,8000.0,128000.0
