O^z,error,N,total_data
-0.027928362017381355,0.00027254211362853065,2999.0,71976.0
