O^z,error,N,total_data
-0.01579407521592175,9.801309824583409e-05,9999.0,319968.0
