O^z,error,N,total_data
-0.029107564032847814,0.00015195155208695904,9999.0,239976.0
