O^z,error,N,total_data
-0.014324550122942597,0.00017333154316761588,2999.0,95968.0
