O^z,error,N,total_data
-0.015041809847873145,0.0001373233489296531,4999.0,159968.0
