O^z,error,N,total_data
-0.015478259106933427,0.00010975051468043802,7999.0,255968.0
