O^z,error,N,total_data
-0.003740176694275533,0.0011837939831189949,1.0,28.0
