O^z,error,N,total_data
-0.008949917910305595,0.000785651372482331,1.0,24.0
