O^z,error,N,total_data
-0.09040692324056289,0.0016113492373723511,1.0,12.0
