O^z,error,N,total_data
-0.019480192251299155,0.0017339436924670014,1.0,20.0
