O^z,error,N,total_data
-0.038297264193203735,0.0014924294436372146,1.0,16.0
