O^z,error,N,total_data
-0.002065250601542208,0.0008067535109808328,1.0,32.0
