O^z,error,N,total_data
0.3177730433073243,0.0037361116524414627,1.0,64.0
