O^z,error,N,total_data
0.31408372828408476,0.0027251749953293262,1.0,128.0
