O^z,error,N,total_data
-0.06254305932661998,0.00023098186205060915,10000.0,200000.0
