O^z,error,N,total_data
-0.08659435151429369,0.00030480942181171513,10000.0,160000.0
