O^z,error,N,total_data
-0.03684235955781978,0.00015023908444603332,10000.0,280000.0
