O^z,error,N,total_data
-0.047665432682745035,0.00018299935601152334,10000.0,240000.0
