ZL,error,N
0.019779858270221,0.005563882363324656,428.0
