ZL,error,N
0.021248762805895074,0.00527923011943085,460.0
