ZL,error,N
0.023572778507685507,0.004126773251257029,856.0
