O^z,error,N,total_data
-0.2592416544847368,0.0005813274357116959,1000.0,16000.0
