O^z,error,N,total_data
-0.3177647171089421,0.0008398680162729886,1000.0,12000.0
