O^z,error,N,total_data
-0.19507431864497404,0.0003778842808880174,1000.0,24000.0
