O^z,error,N,total_data
-0.4069241993583839,0.0032784021964820647,1000.0,1000.0
