O^z,error,N,total_data
-0.1547445010077928,0.0002782246879616949,1000.0,32000.0
