O^z,error,N,total_data
-0.173098384287986,0.00032390697138116035,1000.0,28000.0
