O^z,error,N,total_data
-0.22188876206391708,0.0004477204121558477,1000.0,20000.0
