O^z,error,N,total_data
-0.13870227427568835,0.0003086623388842182,3000.0,84000.0
