O^z,error,N,total_data
-0.18281086259887513,0.00038328840813794355,3000.0,60000.0
