O^z,error,N,total_data
-0.21589231074585574,0.00044374803446194057,3000.0,48000.0
