O^z,error,N,total_data
-0.12306600357575978,0.00028549096979818735,3000.0,96000.0
