O^z,error,N,total_data
-0.12370063902356211,0.00015706664201168687,10000.0,320000.0
