O^z,error,N,total_data
-0.26427038834159444,0.0008835552409850431,1000.0,12000.0
