O^z,error,N,total_data
-0.11043503108965035,0.00026359369207564273,3000.0,108000.0
