O^z,error,N,total_data
-0.0832121974553459,0.00020638521097727098,3000.0,144000.0
