O^z,error,N,total_data
-0.3475809926397896,0.0030211713683368376,1000.0,1000.0
