O^z,error,N,total_data
-0.18372397507298116,0.0002135995931833608,10000.0,200000.0
