O^z,error,N,total_data
-0.09772350622099141,0.00023580582412885477,3000.0,120000.0
