O^z,error,N,total_data
-0.34598902853035896,0.0009743055595523248,10000.0,10000.0
