O^z,error,N,total_data
-0.15751820729708044,0.00034521703213971763,3000.0,72000.0
