O^z,error,N,total_data
-0.26300904091606064,0.0002863476575794387,10000.0,120000.0
