O^z,error,N,total_data
-0.15810039871071113,0.0001892933994635926,10000.0,240000.0
