O^z,error,N,total_data
-0.09091677897932433,0.0002216717803315127,3000.0,132000.0
