O^z,error,N,total_data
-0.1392744536114256,0.00017043638014924048,10000.0,280000.0
