O^z,error,N,total_data
-0.2159887979054993,0.0002423927378702161,10000.0,160000.0
