O^z,error,N,total_data
-0.04297196228209282,0.0018645962893603795,1.0,16.0
