O^z,error,N,total_data
-0.005805440503709229,0.0007188029044827306,1.0,28.0
