O^z,error,N,total_data
-0.005292944064808452,0.0006736262151838043,1.0,32.0
