O^z,error,N,total_data
-0.008056282179222364,0.0006850953495884192,1.0,24.0
