O^z,error,N,total_data
-0.01855335468746095,0.0007961467451282889,1.0,20.0
