O^z,error,N,total_data
-0.09677161412747674,0.0041674204541809114,1.0,12.0
