O^z,error,N,total_data
0.10423792450555085,0.003277172571522281,1000.0,1000.0
