O^z,error,N,total_data
0.027235049640562753,0.0003624305725516008,1000.0,24000.0
