O^z,error,N,total_data
0.016175537692540955,0.00023684879464273167,1000.0,32000.0
