O^z,error,N,total_data
0.04781073919166256,0.0005799934399659823,1000.0,16000.0
