ZL,error,N
-0.1521271495440529,0.0038261490730432915,1000.0
