ZL,error,N
-0.08133413064091076,0.0037391080648532557,1000.0
