ZL,error,N
-0.18763332829409407,0.003743932930311498,1000.0
