ZL,error,N
-0.033350211807529784,0.0035919458521219572,1000.0
