ZL,error,N
-0.20904636159098614,0.003933394355630012,1000.0
