ZL,error,N
-0.12242118517196342,0.0039730515298996615,1000.0
