ZL,error,N
0.02544010629157189,0.0032363144663221668,1000.0
