O^z,error,N,total_data
-0.033986744297255546,0.0005513715102254531,1000.0,24000.0
