O^z,error,N,total_data
-0.06604302718608097,0.0009342908515775443,1000.0,16000.0
