O^z,error,N,total_data
-0.02012917134213568,0.00037209609353974223,1000.0,32000.0
