O^z,error,N,total_data
-0.16712820137377687,0.005767285409368159,1000.0,1000.0
