ZL,error,N
0.12431379006419656,0.009069428532569083,991.0
