ZL,error,N
0.11939037029275494,0.008522944330887393,997.0
