ZL,error,N
0.06907291250212311,0.0077348153018950245,997.0
