ZL,error,N
0.125436825420742,0.009655252406244454,978.0
