O^z,error,N,total_data
-0.00684819661085291,9.99630300119919e-05,7976.0,255232.0
