O^z,error,N,total_data
-0.11037418588260733,0.003083080488201883,3000.0,3000.0
