O^z,error,N,total_data
-0.0336834567681582,0.0004436669692259504,2998.0,47968.0
