O^z,error,N,total_data
-0.10691681456401202,0.002370870966523511,5000.0,5000.0
