O^z,error,N,total_data
-0.006669946246122849,0.0001604146651231296,2992.0,95744.0
