O^z,error,N,total_data
-0.03430465357542553,0.00027648090271414194,7997.0,127952.0
