O^z,error,N,total_data
-0.03440271132398275,0.0003459412617496821,4998.0,79968.0
