O^z,error,N,total_data
-0.1064608245763312,0.001893338379504538,8000.0,8000.0
