O^z,error,N,total_data
-0.014897557054043673,0.00015595089874216855,7986.0,191664.0
