O^z,error,N,total_data
-0.014973478171936066,0.00019659561075559528,4993.0,119832.0
