O^z,error,N,total_data
-0.006995804376691566,8.949986254102084e-05,9969.0,319008.0
