O^z,error,N,total_data
-0.10721126304643569,0.001696238603766715,10000.0,10000.0
