O^z,error,N,total_data
-0.014561001274038886,0.0002522298732987339,2995.0,71880.0
