O^z,error,N,total_data
-0.014930239225273027,0.00013930187319364766,9983.0,239592.0
