O^z,error,N,total_data
-0.03423217108392239,0.0002466007954456644,9997.0,159952.0
