O^z,error,N,total_data
-0.006724449206219746,0.00012381146600668402,4987.0,159584.0
