O^z,error,N,total_data
-0.32108662759533946,0.004203743587660737,1000.0,1000.0
