O^z,error,N,total_data
-0.10005982119602286,0.0005047671951353736,1000.0,32000.0
