O^z,error,N,total_data
-0.1132629620514474,0.0005622558739325132,1000.0,28000.0
