O^z,error,N,total_data
-0.18450283296480155,0.0009045582394611867,1000.0,16000.0
