O^z,error,N,total_data
-0.13214743376073923,0.0006428893216273558,1000.0,24000.0
