O^z,error,N,total_data
-0.15507279767005652,0.0007563141600843737,1000.0,20000.0
