O^z,error,N,total_data
-0.23674605489718661,0.0011134968231194837,1000.0,12000.0
