O^z,error,N,total_data
-0.24376681788603863,0.00043008689112483125,1000.0,24000.0
