O^z,error,N,total_data
-0.3471475757103402,0.0007142298488166774,1000.0,12000.0
