O^z,error,N,total_data
-0.2691191559578017,0.0004825845708551348,1000.0,20000.0
