O^z,error,N,total_data
-0.29945122652444434,0.000582791022142806,1000.0,16000.0
