O^z,error,N,total_data
-0.2254981952025909,0.0003965447873292313,1000.0,28000.0
