O^z,error,N,total_data
-0.21230850405245158,0.00036220198613915084,1000.0,32000.0
