O^z,error,N,total_data
-0.44154093136341704,0.002414430995903246,1000.0,1000.0
