index,x2-x1,corr
0,15,-1.0392822489508586
1,15,-0.43802666301188964
2,15,-1.1871462775167292
3,15,0.23600004257830795
4,15,-1.7425660772852705
5,15,0.8248874517791313
6,15,-1.3569649032087852
7,15,-1.7891389674090032
8,15,-1.2102392991779105
9,15,0.8021402758897728
