index,x2-x1,corr
0,47,-1.2935477947215193
1,47,-1.0581227052602793
2,47,-0.7955388198804276
3,47,1.7083374204938522
4,47,0.8306486149927456
5,47,-0.16709492469028833
6,47,-0.4161372176962301
7,47,3.2271942351363037
8,47,-1.5107139861732817
9,47,4.0639568291789345
