index,x2-x1,corr
0,63,-1.2396841361070292
1,63,-1.0108566188641441
2,63,2.1091124610712817
3,63,4.006854600219375
5,63,-0.018025759203715266
6,63,-1.16835412887507
7,63,1.4032639883976208
8,63,-1.666306447827584
9,63,3.4223929209919484
