index,x2-x1,corr
0,31,-0.7049561860476121
1,31,-0.9554317548873454
2,31,0.223499304026531
3,31,1.0437704735166071
4,31,-1.0818850090876035
5,31,-0.2189865727298334
6,31,-0.31488288287649346
7,31,-0.8635710814505085
8,31,-1.493119756858481
9,31,2.765775498623296
