ZL,error,N
0.24170520412102123,0.0033060199546401194,1000.0
