ZL,error,N
0.023180650364042925,0.0022042307749879876,1000.0
