ZL,error,N
0.32533422425563135,0.0033123989708909625,1000.0
