ZL,error,N
0.3956885164472842,0.003025981620363751,1000.0
