ZL,error,N
0.5007328290281244,0.0026422283091794537,1000.0
