ZL,error,N
0.45612526574799805,0.002757328910753125,1000.0
