ZL,error,N
0.1384059788652919,0.0029875637521040925,1000.0
