O^z,error,N,total_data
-0.09145589617258369,0.00019195656741578535,10000.0,160000.0
