O^z,error,N,total_data
-0.1401926940583106,0.0002646095194346015,10000.0,120000.0
