O^z,error,N,total_data
-0.22993941869607185,0.0010247679149434624,10000.0,10000.0
