ZL,error,N
0.07180203717580363,0.004164398985107325,1000.0
