ZL,error,N
0.13630198658854198,0.0027968183377952783,1000.0
