ZL,error,N
0.04045209944631954,0.004560737851894675,1000.0
