ZL,error,N
-0.03961423676631027,0.005632532836235519,1000.0
