ZL,error,N
0.014868383530153568,0.004860468213584637,1000.0
