ZL,error,N
0.10589785655415725,0.003512519483378575,1000.0
