ZL,error,N
-0.015161320541345885,0.005252894188303177,1000.0
