ZL,error,N
-0.00012464149582848964,0.004652356269367875,500.0
