ZL,error,N
0.00014934217495248987,0.004685039947546558,499.0
