ZL,error,N
0.00804366610050763,0.003328118338343217,1000.0
