ZL,error,N
-0.05171273717590261,0.004422868438863432,1000.0
