ZL,error,N
-0.12042556003412759,0.004868740454515806,1000.0
