ZL,error,N
0.02994795044544022,0.003660961958844721,1000.0
