ZL,error,N
-0.08540537938234215,0.004543940944084137,1000.0
