ZL,error,N
0.07721440231488809,0.003116970036004468,1000.0
