ZL,error,N
-0.01626481125492857,0.004145021249784866,1000.0
