ZL,error,N
-0.1550244158807645,0.00491541872998565,1000.0
