ZL,error,N
0.20313681114076332,0.0010572477570069251,10000.0
