ZL,error,N
0.20546456974078597,0.0009015434936160413,10000.0
