ZL,error,N
0.19773874614173773,0.003973197558828756,1000.0
