ZL,error,N
0.19880734329027408,0.0012687043466268072,10000.0
