ZL,error,N
0.20359439986864228,0.0033330839245730294,1000.0
