ZL,error,N
0.1985384980483693,0.0037767175280733097,1000.0
