ZL,error,N
0.19404901464794408,0.001436589362247944,10000.0
