ZL,error,N
0.20717330131392042,0.0007263392767026697,10000.0
