ZL,error,N
0.18849757957060667,0.004222409793522087,1000.0
