ZL,error,N
0.18524144429042588,0.004684649026274177,1000.0
