ZL,error,N
0.20803989196101733,0.00286419536221601,1000.0
