ZL,error,N
0.20946822353606484,0.0022545065056265557,1000.0
