ZL,error,N
0.20240035508601126,0.0011651428312796882,10000.0
