ZL,error,N
0.1970996999335926,0.0013534051280229443,10000.0
