ZL,error,N
0.02124447304957531,0.004132535386709827,500.0
