ZL,error,N
0.00979594824119711,0.004108749427762998,500.0
