O^z,error,N,total_data
-0.027303437683049284,0.00039067806733977437,500.0,24000.0
