O^z,error,N,total_data
-0.010555141823301457,0.00014573097204595095,1000.0,80000.0
