O^z,error,N,total_data
-0.01490510956769005,0.0002659828845279477,500.0,32000.0
