O^z,error,N,total_data
-0.1760669519151943,0.0004823170002800339,1000.0,28000.0
