O^z,error,N,total_data
-0.3000414952214194,0.0009550115636314954,1000.0,12000.0
