O^z,error,N,total_data
-0.19423004307199407,0.0005424812383442166,1000.0,24000.0
