O^z,error,N,total_data
-0.3784711567928367,0.003633666321696,1000.0,1000.0
