O^z,error,N,total_data
-0.16311930818911055,0.00043338317170672704,1000.0,32000.0
