O^z,error,N,total_data
-0.24987123931522046,0.0007627979414311645,1000.0,16000.0
