O^z,error,N,total_data
-0.21786446194534953,0.0006466026736581937,1000.0,20000.0
