ZL,error,N
-0.08303718574382501,0.005292339625892677,1000.0
