ZL,error,N
0.001963233819808236,0.00452205327667552,1000.0
