ZL,error,N
0.07218514518327561,0.003660111008805459,1000.0
