ZL,error,N
0.03456752833210462,0.004215807812006306,1000.0
