ZL,error,N
-0.026654406746082555,0.004725262922839926,1000.0
