ZL,error,N
0.11336338900307882,0.003060525829114081,1000.0
