ZL,error,N
-0.05173522080119754,0.0050787964377318725,1000.0
