O^z,error,N,total_data
-0.3182454693900102,0.0004041178144385015,1000.0,28000.0
