O^z,error,N,total_data
-0.38975355356476454,0.0005156481615727668,1000.0,12000.0
