O^z,error,N,total_data
-0.31250663193525285,0.00039047130095763363,1000.0,32000.0
