O^z,error,N,total_data
-0.35644416458609945,0.0004766652277594083,1000.0,16000.0
