O^z,error,N,total_data
-0.4575000918771092,0.001749953053307273,1000.0,1000.0
