O^z,error,N,total_data
-0.3262799935154271,0.0004248046647042031,1000.0,24000.0
