O^z,error,N,total_data
-0.3389437536927442,0.0004299432297015718,1000.0,20000.0
