ZL,error,N
-0.16154092827557012,0.0038001906164122053,1000.0
