ZL,error,N
-0.1207492544173269,0.0034555246556828277,1000.0
