ZL,error,N
-0.13921580980517334,0.0035959406397691306,1000.0
