ZL,error,N
-0.0029669733862264804,0.0032850526692527744,1000.0
