ZL,error,N
-0.05803685511080049,0.0034248454941668686,1000.0
