ZL,error,N
-0.15563441722389404,0.003550385826580188,1000.0
