ZL,error,N
-0.09337726695081847,0.0035330849480133333,1000.0
