O^z,error,N,total_data
-0.43791905501559597,0.0023989105942635027,1000.0,1000.0
