O^z,error,N,total_data
-0.2507115859444527,0.000469110138335018,1000.0,20000.0
