O^z,error,N,total_data
-0.22196157392782614,0.00041046205874885745,1000.0,24000.0
