O^z,error,N,total_data
-0.28820875557481007,0.0005559754241638055,1000.0,16000.0
