O^z,error,N,total_data
-0.18430180196838217,0.00032135595572826893,1000.0,32000.0
