O^z,error,N,total_data
-0.20038283482666383,0.00036271440078987203,1000.0,28000.0
