O^z,error,N,total_data
-0.34294901159618313,0.0006842257645153462,1000.0,12000.0
