corr,error,N
0.6084144532573604,0.010002801182131964,1000.0
