corr,error,N
0.5630032882252574,0.009681248863021423,1000.0
