corr,error,N
0.5326800909999221,0.010286861661539628,1000.0
