corr,error,N
0.4850024688400922,0.011412275070795131,1000.0
