ZL,error,N
0.0327041596808583,0.004561936530860573,1000.0
