ZL,error,N
0.019707935423453508,0.004560685123548175,1000.0
