ZL,error,N
0.11609337451761126,0.003286302936906454,1000.0
