ZL,error,N
0.08653583985257919,0.003865235760380911,1000.0
