ZL,error,N
0.04667365014536162,0.004313382394183925,1000.0
