ZL,error,N
0.012079528780086963,0.004875900952228178,1000.0
