ZL,error,N
0.06660890017463851,0.004091793270566554,1000.0
