O^z,error,N,total_data
-0.02392084642742145,0.00023732646013812226,2999.0,95968.0
