O^z,error,N,total_data
-0.024057547643715767,0.00012934389035989933,9996.0,319872.0
