O^z,error,N,total_data
-0.18005513904429238,0.0018677678814576243,10000.0,10000.0
