O^z,error,N,total_data
-0.04069532604226949,0.0003442157400043922,3000.0,72000.0
