O^z,error,N,total_data
-0.02382221340070639,0.00018372666332770222,4997.0,159904.0
