O^z,error,N,total_data
-0.18063818209506471,0.0026282409561275756,5000.0,5000.0
