O^z,error,N,total_data
-0.07518418623712937,0.0003110208820122892,10000.0,160000.0
