O^z,error,N,total_data
-0.02383790340414856,0.00014468144788740627,7997.0,255904.0
