O^z,error,N,total_data
-0.07606503128960665,0.00044055424471970306,5000.0,80000.0
