O^z,error,N,total_data
-0.0398133064490835,0.00021260820907341405,7999.0,191976.0
