O^z,error,N,total_data
-0.1787986462001516,0.0020903094507670615,8000.0,8000.0
