O^z,error,N,total_data
-0.0763444098404118,0.0005620142527523836,3000.0,48000.0
