O^z,error,N,total_data
-0.07538274952941883,0.0003471203103221974,8000.0,128000.0
