O^z,error,N,total_data
-0.03991019016313793,0.00018960181438210102,9999.0,239976.0
