O^z,error,N,total_data
-0.03987261468410454,0.00026782273738956903,5000.0,120000.0
