O^z,error,N,total_data
-0.18359999262749144,0.0033690344978036546,3000.0,3000.0
