O^z,error,N,total_data
-0.20594890028252635,0.000388932495122973,1000.0,24000.0
