O^z,error,N,total_data
-0.23674668085654824,0.00047168282906265963,1000.0,20000.0
