O^z,error,N,total_data
-0.42481565684592404,0.0027381206973355835,1000.0,1000.0
