O^z,error,N,total_data
-0.27425245071657245,0.0005653361621056228,1000.0,16000.0
