O^z,error,N,total_data
-0.1862495248819356,0.0003501182356289542,1000.0,28000.0
