O^z,error,N,total_data
-0.3305830429108007,0.0007518777425331408,1000.0,12000.0
