O^z,error,N,total_data
-0.16804257671474673,0.0002903429826209218,1000.0,32000.0
