ZL,error,N
0.2274855449520547,0.0023810786418247305,1000.0
