ZL,error,N
0.2319702697176971,0.002926281587017358,1000.0
