ZL,error,N
0.24523467684308498,0.003423975087043927,1000.0
