ZL,error,N
0.23899857790836024,0.003286934157315432,1000.0
