ZL,error,N
0.20219463953670794,0.0035413709649167917,1000.0
