ZL,error,N
0.20614945319755995,0.0032896384925297445,1000.0
