ZL,error,N
0.2097395698347342,0.0033197325645256772,1000.0
