ZL,error,N
0.20226302341992108,0.002619836075824618,1000.0
