ZL,error,N
0.2005040611296795,0.00288363063624767,1000.0
