ZL,error,N
0.20190062058390973,0.002254629125854358,1000.0
