ZL,error,N
0.20477206081515115,0.00309650958025168,1000.0
