O^z,error,N,total_data
-0.1836844442941943,0.00042769190629670084,1000.0,28000.0
