O^z,error,N,total_data
-0.39715325068955304,0.0032906397844840373,1000.0,1000.0
