O^z,error,N,total_data
-0.22859312303292617,0.0005652862181212064,1000.0,20000.0
