O^z,error,N,total_data
-0.2026873175975471,0.00048620128512296567,1000.0,24000.0
