O^z,error,N,total_data
-0.31288433228446505,0.0008789494293586915,1000.0,12000.0
