O^z,error,N,total_data
-0.2619799404276274,0.000680001695582945,1000.0,16000.0
