O^z,error,N,total_data
-0.16810902101817343,0.00037868180483546673,1000.0,32000.0
