O^z,error,N,total_data
-0.2415342131479981,0.00038484958507189744,1000.0,32000.0
