O^z,error,N,total_data
-0.36006936276257123,0.0006679432383231566,1000.0,12000.0
