O^z,error,N,total_data
-0.2876478746146011,0.0004963040129512969,1000.0,20000.0
