O^z,error,N,total_data
-0.2679102117700988,0.0004307353043555972,1000.0,24000.0
