O^z,error,N,total_data
-0.31649048709766425,0.0005590917784566908,1000.0,16000.0
