O^z,error,N,total_data
-0.4448987509298634,0.002334117606129961,1000.0,1000.0
