O^z,error,N,total_data
-0.2534635351905356,0.00040355248802015066,1000.0,28000.0
