ZL,error,N
0.1675447562013977,0.004225828490119372,1000.0
