ZL,error,N
-0.10491838499208682,0.0012220201224444913,1000.0
