ZL,error,N
-0.0733056222383066,0.0023832970275287236,1000.0
