ZL,error,N
-0.013660150351347392,0.0033545044282382464,1000.0
