ZL,error,N
0.21475787376091443,0.0042598768938745275,1000.0
