ZL,error,N
0.10526065645827597,0.004110269789424465,1000.0
