ZL,error,N
0.05091129663193312,0.0037336503321066298,1000.0
