ZL,error,N
-0.3449885309010724,0.003523782993765513,1000.0
