ZL,error,N
-0.3239520206553467,0.0031761962460165336,1000.0
