ZL,error,N
-0.11045257807871922,0.0015026428595955514,1000.0
