ZL,error,N
-0.23859967805289653,0.0020372284661312402,1000.0
