ZL,error,N
-0.30520829657152676,0.002660931181401792,1000.0
