ZL,error,N
-0.18444004231366215,0.001871240651742055,1000.0
