ZL,error,N
-0.2756369440659586,0.0023910857912684937,1000.0
