O^z,error,N,total_data
-0.0031688074230532843,0.00017986791260710008,989.0,47472.0
