O^z,error,N,total_data
-0.0006982772741610896,0.00010325892260998748,939.0,75120.0
