O^z,error,N,total_data
-0.015983012466587603,0.00046169701763330064,997.0,23928.0
