O^z,error,N,total_data
-0.0011992551064088652,0.00013473731795921149,974.0,62336.0
