O^z,error,N,total_data
-0.00802370488829806,0.00030645824877662854,997.0,31904.0
