ZL,error,N
-0.0730304768884693,0.00473349544666019,1000.0
