ZL,error,N
-0.10951236400022281,0.002462083884853357,1000.0
