ZL,error,N
-0.11414531635327853,0.0030027148764779446,1000.0
