ZL,error,N
-0.09340308693743189,0.004138138001758549,1000.0
