ZL,error,N
-0.10866533268375667,0.00364950962183559,1000.0
