ZL,error,N
-0.05325459873074998,0.005201599317904836,1000.0
