ZL,error,N
-0.07488767585057267,0.002400333351453713,1000.0
