O^z,error,N,total_data
-0.1762374276260442,0.0004253463272648592,1000.0,32000.0
