O^z,error,N,total_data
-0.2593089361363756,0.0007297362533359933,1000.0,16000.0
