O^z,error,N,total_data
-0.20593881616237328,0.0005402629708121998,1000.0,24000.0
