O^z,error,N,total_data
-0.188867014870555,0.0004706684999110756,1000.0,28000.0
