O^z,error,N,total_data
-0.39331154873822405,0.0034184010490336033,1000.0,1000.0
