O^z,error,N,total_data
-0.2278424653517687,0.0006219099862227901,1000.0,20000.0
