O^z,error,N,total_data
-0.3106560035138922,0.0009151190748056776,1000.0,12000.0
