ZL,error,N
-0.2806309506733438,0.0033724831400936267,1000.0
