ZL,error,N
-0.40124608983030463,0.0047679631913445375,1000.0
