ZL,error,N
-0.30312341538325244,0.003407284256911676,1000.0
