ZL,error,N
-0.32179549435072174,0.0037164064209863424,1000.0
