ZL,error,N
-0.49825728978823036,0.007063625829827707,1000.0
