ZL,error,N
-0.5072484429602756,0.01628978420367932,200.0
