ZL,error,N
-0.020708409251631307,0.0028788641941845474,1000.0
