ZL,error,N
-0.22214109457153425,0.0030241762654050707,1000.0
