ZL,error,N
-0.3391867020184232,0.0036635185733526433,1000.0
