ZL,error,N
-0.1827559396193732,0.003211921264183877,1000.0
