ZL,error,N
-0.14001527318072615,0.0031023421594141834,1000.0
