ZL,error,N
-0.3505233809351696,0.004128062158616622,1000.0
