ZL,error,N
-0.2500144579152322,0.003249503388149839,1000.0
