ZL,error,N
-0.08492981128786861,0.0032023902261357393,1000.0
