ZL,error,N
0.006159951528096988,0.0018162459472842282,1000.0
