ZL,error,N
0.116995059193881,0.002753960978979037,1000.0
