ZL,error,N
-0.1376884925911255,0.0028990443924700464,1000.0
