ZL,error,N
-0.1008162905492903,0.0027859347080540133,1000.0
