ZL,error,N
-0.1525473090547696,0.0030319069643891545,1000.0
