ZL,error,N
-0.04709631714955719,0.002817725137713991,1000.0
