ZL,error,N
-0.16919322066842735,0.003310205461200904,1000.0
