ZL,error,N
-0.17569900840240021,0.0036616832617559843,1000.0
