ZL,error,N
-0.17288273097672954,0.004064867246768077,1000.0
