ZL,error,N
-0.05094277463945495,0.008235110979828241,1000.0
