ZL,error,N
0.04841643835874295,0.009396911350711561,1000.0
