ZL,error,N
0.10043347187046583,0.00958952786246776,1000.0
