ZL,error,N
0.15300567002052137,0.009937973094871448,1000.0
