O^z,error,N,total_data
-0.24669969923596363,0.0007700042473893469,1000.0,16000.0
