O^z,error,N,total_data
-0.15888757156029387,0.00042606223731421694,1000.0,32000.0
