O^z,error,N,total_data
-0.29852970647769844,0.0009557373592131683,1000.0,12000.0
