O^z,error,N,total_data
-0.19223925140853834,0.0005413696135065402,1000.0,24000.0
