O^z,error,N,total_data
-0.38026053655530745,0.0037935761552827297,1000.0,1000.0
