O^z,error,N,total_data
-0.21536074488876472,0.0006387021402717167,1000.0,20000.0
