O^z,error,N,total_data
-0.17295428425358453,0.00046960413120485334,1000.0,28000.0
