O^z,error,N,total_data
-0.27946481332595036,0.0003844959560983795,1000.0,32000.0
