O^z,error,N,total_data
-0.4494564192454416,0.002070280960074068,1000.0,1000.0
