O^z,error,N,total_data
-0.37200665492070195,0.0006249909119372233,1000.0,12000.0
