O^z,error,N,total_data
-0.29671231583074936,0.0004304199044062717,1000.0,24000.0
