O^z,error,N,total_data
-0.33456670916436704,0.0005194700392717442,1000.0,16000.0
