O^z,error,N,total_data
-0.31191200561739574,0.0004569619125092992,1000.0,20000.0
