O^z,error,N,total_data
-0.2866898098467227,0.0003998342440245347,1000.0,28000.0
