ZL,error,N
0.07032996253371292,0.005974954592414045,500.0
