ZL,error,N
0.06364936184601537,0.006494278855174217,500.0
