O^z,error,N,total_data
-0.38072994724348314,0.003743028023484927,1000.0,1000.0
