O^z,error,N,total_data
-0.24755026794303345,0.0007627142460770364,1000.0,16000.0
