O^z,error,N,total_data
-0.29802966191522523,0.0009642465540276741,1000.0,12000.0
