O^z,error,N,total_data
-0.21572023182113279,0.0006418878066539041,1000.0,20000.0
