O^z,error,N,total_data
-0.15904887387559816,0.0004284206727553936,1000.0,32000.0
