O^z,error,N,total_data
-0.190962923065886,0.0005549907113683844,1000.0,24000.0
