O^z,error,N,total_data
-0.17324708246196688,0.0004875919766900605,1000.0,28000.0
