O^z,error,N,total_data
-0.0902697166559685,0.0004671161252549773,1000.0,24000.0
