O^z,error,N,total_data
-0.1175098084168946,0.0005583189047418709,1000.0,20000.0
