O^z,error,N,total_data
-0.06967821929033088,0.0003823125023007122,1000.0,28000.0
