O^z,error,N,total_data
-0.29796338829851626,0.0028776705520935247,1000.0,1000.0
