O^z,error,N,total_data
-0.055525501189371745,0.00032910022534332243,1000.0,32000.0
