O^z,error,N,total_data
-0.15623949227714093,0.0006836752889935899,1000.0,16000.0
