O^z,error,N,total_data
-0.20962053351723267,0.0008229842985253801,1000.0,12000.0
