ZL,error,N
-0.00023647012484986956,0.0031206711492377266,1000.0
