ZL,error,N
0.005199069482072392,0.0027268741792461464,1000.0
