ZL,error,N
-0.002336151304749909,0.002887918146812484,1000.0
