ZL,error,N
0.007834389290990182,0.003242359301143208,1000.0
