O^z,error,N,total_data
-0.14659408764864293,0.00018656418382196612,10000.0,240000.0
