O^z,error,N,total_data
-0.11172412434234766,0.00015261477015618636,10000.0,320000.0
