O^z,error,N,total_data
-0.09856644479075792,0.0002541184951443105,3000.0,108000.0
