O^z,error,N,total_data
-0.17156149719767455,0.0003846567085294213,3000.0,60000.0
