O^z,error,N,total_data
-0.12616048298376073,0.0003029977022782955,3000.0,84000.0
