O^z,error,N,total_data
-0.3378714614385079,0.000987161473486445,10000.0,10000.0
