O^z,error,N,total_data
-0.1458143587135997,0.0003395169106503955,3000.0,72000.0
