O^z,error,N,total_data
-0.12705361729280518,0.00016701357735627798,10000.0,280000.0
