O^z,error,N,total_data
-0.1724315369577285,0.00021234988053610635,10000.0,200000.0
