O^z,error,N,total_data
-0.07807731793045461,0.00020722418278767762,3000.0,132000.0
