O^z,error,N,total_data
-0.1111355944228235,0.0002774346618256181,3000.0,96000.0
