O^z,error,N,total_data
-0.25359280417038077,0.0002881891366848172,10000.0,120000.0
