O^z,error,N,total_data
-0.20602335995955925,0.00024334463308634303,10000.0,160000.0
