O^z,error,N,total_data
-0.07082279694280787,0.00019083138659682284,3000.0,144000.0
