O^z,error,N,total_data
-0.08568682948466258,0.00022280584207403357,3000.0,120000.0
