O^z,error,N,total_data
-0.20589585045222708,0.000445048552978717,3000.0,48000.0
