ZL,error,N
-0.1418104756242209,0.004469550831806053,1000.0
