ZL,error,N
0.005104990246245109,0.0037660938585240343,1000.0
