ZL,error,N
0.052841187884962185,0.003358322190989405,1000.0
