ZL,error,N
-0.09759185374594637,0.004259066016898002,1000.0
