ZL,error,N
-0.07022994882542498,0.004279357334184574,1000.0
