ZL,error,N
-0.0348760075733549,0.004107870149881657,1000.0
