ZL,error,N
-0.12299475879105616,0.004335877554636231,1000.0
