O^z,error,N,total_data
0.013305644033284809,0.000259572040916157,1000.0,24000.0
