O^z,error,N,total_data
0.02797263291286591,0.0004695013816624247,1000.0,16000.0
