O^z,error,N,total_data
0.0754336051691344,0.003056348587928773,1000.0,1000.0
