O^z,error,N,total_data
0.007788458085376087,0.00017031049687279114,1000.0,32000.0
