O^z,error,N,total_data
0.032733811144706214,0.002374871340193371,999.0,999.0
