O^z,error,N,total_data
0.0037718267544309607,0.00015963991107418066,999.0,23976.0
