O^z,error,N,total_data
0.009401345139152074,0.0003085365151402423,999.0,15984.0
