O^z,error,N,total_data
0.0015967550060143965,0.00010090227031991096,996.0,31872.0
