ZL,error,N
-0.07082690123487569,0.002423327704454655,1000.0
