ZL,error,N
-0.08335492121410845,0.0038491968902944164,1000.0
