ZL,error,N
-0.09688375429940013,0.0031893549526455177,1000.0
