ZL,error,N
-0.09713729836329717,0.002562044054448374,1000.0
