ZL,error,N
-0.044932602617597885,0.004843516404942402,1000.0
