ZL,error,N
-0.0663125938375867,0.004336230847092032,1000.0
