ZL,error,N
-0.020610689938928933,0.005222752716167224,1000.0
