O^z,error,N,total_data
-1.3938476138950497e-06,6.925601763146827e-07,1.0,12.0
