O^z,error,N,total_data
-0.0002804216831374419,0.00022453111563135625,1.0,28.0
