O^z,error,N,total_data
-0.0002346709336316464,0.0001625128335547708,1.0,32.0
