O^z,error,N,total_data
-0.0005934800563341738,0.00021693767433365069,1.0,24.0
