O^z,error,N,total_data
-0.0004102218603399844,0.00028420636481197605,1.0,20.0
