O^z,error,N,total_data
-0.00024407352278306698,0.00016659952746948662,1.0,16.0
