O^z,error,N,total_data
-0.20028970219408893,0.0009738240942510743,1000.0,12000.0
