O^z,error,N,total_data
-0.1143715173474997,0.0006388206645724254,1000.0,20000.0
