O^z,error,N,total_data
-0.07012846109476424,0.00043882043937207917,1000.0,28000.0
