O^z,error,N,total_data
-0.05687675241657637,0.00037825624350602995,1000.0,32000.0
