O^z,error,N,total_data
-0.21398219621672424,0.0002014463961691932,10000.0,200000.0
