O^z,error,N,total_data
-0.24696615215434983,0.0002442670802313243,10000.0,160000.0
