O^z,error,N,total_data
-0.2968302533396388,0.0003077734601139218,10000.0,120000.0
