O^z,error,N,total_data
-0.15740187366110875,0.00013435071370794958,10000.0,320000.0
