O^z,error,N,total_data
-0.17207893507015706,0.0001511659177041378,10000.0,280000.0
