O^z,error,N,total_data
-0.18987959296348864,0.0001735798902615243,10000.0,240000.0
