O^z,error,N,total_data
-0.3764003101155509,0.0011709386092988957,10000.0,10000.0
