O^z,error,N,total_data
-0.17943087812011335,0.0005171304082785188,1000.0,28000.0
