O^z,error,N,total_data
-0.16835764169779308,0.00045771442255079976,1000.0,32000.0
