O^z,error,N,total_data
-0.19789695057194368,0.0005733142480966286,1000.0,24000.0
