O^z,error,N,total_data
-0.22032739497082857,0.0006588320191708193,1000.0,20000.0
