O^z,error,N,total_data
-0.38394124626828297,0.0036263691315616513,1000.0,1000.0
