O^z,error,N,total_data
-0.25116152297258804,0.0007728400311874384,1000.0,16000.0
