O^z,error,N,total_data
-0.3007244522988018,0.0009581964805803036,1000.0,12000.0
