O^z,error,N,total_data
-0.164275036043603,0.00040988817935326105,1000.0,32000.0
