O^z,error,N,total_data
-0.22193779196758437,0.0006144215567170687,1000.0,20000.0
