O^z,error,N,total_data
-0.38754130822841837,0.0036862835299904095,1000.0,1000.0
