O^z,error,N,total_data
-0.25249107105578117,0.0007429541307819719,1000.0,16000.0
