O^z,error,N,total_data
-0.1965678828084921,0.0005237890988848308,1000.0,24000.0
