O^z,error,N,total_data
-0.30328386482899455,0.0009322296676415688,1000.0,12000.0
