O^z,error,N,total_data
-0.17790548801879016,0.0004558287680323115,1000.0,28000.0
