ZL,error,N
0.00325839435262291,0.004121505836289495,500.0
