ZL,error,N
0.007247194983209458,0.0026572165041973484,1000.0
