ZL,error,N
0.006942587705808299,0.003888025604459086,499.0
