O^z,error,N,total_data
-0.3274068356920083,0.0037277097482565553,1000.0,1000.0
