O^z,error,N,total_data
-0.11732197621176903,0.000548512587692896,1000.0,28000.0
