O^z,error,N,total_data
-0.1626720998244647,0.00072303127287388,1000.0,20000.0
