O^z,error,N,total_data
-0.19379745287702552,0.0008405020507800592,1000.0,16000.0
