O^z,error,N,total_data
-0.24343154069428527,0.0010262672487459871,1000.0,12000.0
