O^z,error,N,total_data
-0.13660871941346203,0.0006281564180460215,1000.0,24000.0
