O^z,error,N,total_data
-0.10312480435702638,0.0004956127000248213,1000.0,32000.0
