O^z,error,N,total_data
0.034198200611376024,0.0023524592927683086,999.0,999.0
