O^z,error,N,total_data
0.009264158062078599,0.00031556139734990126,999.0,15984.0
