O^z,error,N,total_data
0.0016931068942118955,0.00010007833319969199,998.0,31936.0
