O^z,error,N,total_data
0.003909231492879541,0.00016635391477671716,998.0,23952.0
