ZL,error,N
0.04793851469652377,0.0010685559785319257,8000.0
