ZL,error,N
0.007182668459802582,0.003642952635185889,500.0
