ZL,error,N
0.012376193502164056,0.0009464144511967829,8000.0
