ZL,error,N
0.025830991437515476,0.0009999987791764712,8000.0
