ZL,error,N
0.00863349225066385,0.0008099338760344375,9998.0
