ZL,error,N
0.002758201302439058,0.0034281871805452897,500.0
