ZL,error,N
0.004343831362272673,0.0037582224381394365,499.0
