ZL,error,N
0.004408279397019084,0.0026227201164401373,999.0
