O^z,error,N,total_data
-0.3724281536149198,0.01726343832044954,1.0,12.0
