O^z,error,N,total_data
-0.18678002017528253,0.009486871714785803,1.0,32.0
