O^z,error,N,total_data
-0.26988528447679216,0.011840983245725472,1.0,20.0
