O^z,error,N,total_data
-0.21026188981450944,0.010451580622789895,1.0,28.0
