O^z,error,N,total_data
-0.31417903535694025,0.01314479062092918,1.0,16.0
