O^z,error,N,total_data
-0.23569437179546573,0.011355968758823482,1.0,24.0
