O^z,error,N,total_data
-0.00016517525108101217,0.0006129894659191697,1.0,32.0
