O^z,error,N,total_data
0.00019510597271012485,0.00016302161172810807,1.0,64.0
