O^z,error,N,total_data
0.022728262030781883,0.0019604183967077745,1.0,16.0
