O^z,error,N,total_data
7.45357674652392e-05,4.313244837880419e-05,1.0,128.0
