ZL,error,N
0.031072880052104974,0.004026927888352182,956.0
