ZL,error,N
0.025202243547442788,0.004780269397024316,885.0
