ZL,error,N
0.011293856750370972,0.0030806680957725405,992.0
