ZL,error,N
0.031149398668334195,0.00444432680915596,916.0
