ZL,error,N
0.0244939884295956,0.0034409229423218468,976.0
