ZL,error,N
0.20190154929004606,0.0032805634756349128,1000.0
