ZL,error,N
0.20252126410872417,0.003579207898736682,1000.0
