ZL,error,N
0.19998207029540432,0.002839181269366676,1000.0
