ZL,error,N
0.19984513505521345,0.002279473127074042,1000.0
