ZL,error,N
0.204038731151662,0.003093029695198689,1000.0
