ZL,error,N
0.2005774812647441,0.0026048362534466245,1000.0
