ZL,error,N
0.2038432680087162,0.003382873282177962,1000.0
