O^z,error,N,total_data
-0.027272555473691867,5.483939596896935e-05,10000.0,320000.0
