O^z,error,N,total_data
-0.08134882749982926,0.0003245108463981465,1000.0,20000.0
