O^z,error,N,total_data
-0.19167027358763686,0.0004815900881953004,1000.0,12000.0
