O^z,error,N,total_data
-0.12413139608171612,0.0001331665103158053,10000.0,160000.0
