O^z,error,N,total_data
-0.3014922696217681,0.0014343627683490801,1000.0,1000.0
