O^z,error,N,total_data
-0.05650011909812439,7.979834007597501e-05,10000.0,240000.0
