O^z,error,N,total_data
-0.055622263048344896,0.0002512652527725065,1000.0,24000.0
