O^z,error,N,total_data
-0.03931813391023698,6.487254098692331e-05,10000.0,280000.0
