O^z,error,N,total_data
-0.30109424368801907,0.0004480927634002531,10000.0,10000.0
