O^z,error,N,total_data
-0.03862937228232554,0.00019984533280585274,1000.0,28000.0
