O^z,error,N,total_data
-0.1246044691220727,0.0004267039169717941,1000.0,16000.0
