O^z,error,N,total_data
-0.1916772438268279,0.00015191820211591842,10000.0,120000.0
