O^z,error,N,total_data
-0.026801526072019223,0.0001732615338951576,1000.0,32000.0
