O^z,error,N,total_data
-0.08258960259974733,0.00010483821339621014,10000.0,200000.0
