ZL,error,N
-0.24462426273111343,0.0038134910009507443,2000.0
