ZL,error,N
-0.2463297386088369,0.004047700813231301,2000.0
