ZL,error,N
-0.2525477661829336,0.004393417307908783,1000.0
