ZL,error,N
-0.24483157791888996,0.005801876357346731,1000.0
