ZL,error,N
-0.24530328078974917,0.0052245858102557595,1000.0
