ZL,error,N
-0.2462781457655541,0.005040732175355982,1000.0
