ZL,error,N
-0.2503927184730116,0.003181435834057229,2000.0
