ZL,error,N
-0.24659720533959759,0.0035705048126361454,2000.0
