ZL,error,N
-0.004622097796875344,0.0032654207268976413,1000.0
