ZL,error,N
-0.17944251471033865,0.003624524003836583,1000.0
