ZL,error,N
-0.05827948147977823,0.0033416726611204565,1000.0
