ZL,error,N
-0.12906134406444145,0.0035039007334291277,1000.0
