ZL,error,N
-0.09888437053445658,0.003520084908648676,1000.0
