ZL,error,N
-0.17028840978936338,0.003493179103568956,1000.0
