ZL,error,N
-0.15168918909444248,0.003519359723489983,1000.0
