O^z,error,N,total_data
0.002329675967240228,4.073037782663199e-05,1000.0,128000.0
