O^z,error,N,total_data
0.008987833870830186,0.0001230831288177943,1000.0,64000.0
