ZL,error,N
-0.28461589262064246,0.011415828274794636,1000.0
