ZL,error,N
-0.23933854082510284,0.012044956967627316,1000.0
