ZL,error,N
0.026253307831324887,0.008432043580726275,1000.0
