ZL,error,N
-0.01421511893686198,0.008520838198639127,1000.0
