ZL,error,N
-0.08739526962534971,0.007600657092843139,1000.0
