ZL,error,N
0.058574767189862854,0.008554872902065134,1000.0
