O^z,error,N,total_data
0.0038372410377218082,7.723405048213879e-05,1000.0,64000.0
