O^z,error,N,total_data
0.0007006748860056558,2.2583397144864613e-05,998.0,127744.0
