O^z,error,N,total_data
-0.0890131110831793,0.0005038117942976726,1000.0,28000.0
