O^z,error,N,total_data
-0.1064349340517838,0.0005898368829214537,1000.0,24000.0
