O^z,error,N,total_data
-0.1640444617562731,0.0008511580107098929,1000.0,16000.0
