O^z,error,N,total_data
-0.2138708854027859,0.0010706794348057903,1000.0,12000.0
