O^z,error,N,total_data
-0.1307669517445115,0.0007035544537028122,1000.0,20000.0
