O^z,error,N,total_data
-0.07512101140450823,0.00045314783889447476,1000.0,32000.0
