O^z,error,N,total_data
-0.29958729187820665,0.004004702037189762,1000.0,1000.0
