corr,error,N
2.6057776677178284,0.03619445661833304,1000.0
