corr,error,N
2.137516191268973,0.03440732896960323,1000.0
