corr,error,N
1.7309572593670628,0.03306754376152876,1000.0
