corr,error,N
1.9414510260396582,0.03316383298166855,1000.0
