ZL,error,N
-0.14790617407250536,0.002792705231893451,3000.0
