ZL,error,N
-0.10762619773441395,0.0032946097080445843,3000.0
