ZL,error,N
-0.17438170329661962,0.0021039914469911923,3000.0
