ZL,error,N
-0.07444633568251753,0.0036324254839899058,3000.0
