ZL,error,N
-0.14672916598116467,0.0008684582260668665,5000.0
