ZL,error,N
-0.17127639873276634,0.0010601517547643366,5000.0
