ZL,error,N
-0.09533580065402905,0.0006816458834042986,8000.0
