ZL,error,N
-0.17135077210563907,0.0013635224855697461,3000.0
