ZL,error,N
-0.17081021410896138,0.0007516573143888619,10000.0
