ZL,error,N
-0.14734830276287694,0.0006031600512962438,10000.0
