ZL,error,N
-0.14735581148425425,0.0006790693542290173,8000.0
