ZL,error,N
-0.0951419637602466,0.0008699623707807722,5000.0
