ZL,error,N
-0.13020694099596183,0.003131388688250062,3000.0
