ZL,error,N
-0.17753948849835186,0.0017166046572153154,3000.0
