ZL,error,N
-0.17102980506466453,0.0008360516252192209,8000.0
