ZL,error,N
-0.17811798351615746,0.000943448204546552,10000.0
