ZL,error,N
-0.15001215418141317,0.0015303021026518621,10000.0
