ZL,error,N
-0.09587666630697365,0.0006070717807996863,10000.0
