ZL,error,N
-0.09091050520953978,0.0034697032864921032,3000.0
