ZL,error,N
-0.1630931346058542,0.0024835468867342243,3000.0
