ZL,error,N
-0.1743353695979234,0.0011451762354767721,10000.0
