ZL,error,N
-0.16420993193751293,0.0013481141796333187,10000.0
