O^z,error,N,total_data
-0.03507523410404658,0.00044203622141741775,1000.0,32000.0
