O^z,error,N,total_data
-0.09724053109338686,0.0010352142670397386,1000.0,16000.0
