O^z,error,N,total_data
-0.21348738348278995,0.005851318814880304,1000.0,1000.0
