O^z,error,N,total_data
-0.05516677131648531,0.0006435572755910853,1000.0,24000.0
