ZL,error,N
-0.006622933033739207,0.0009751077343690053,10000.0
