ZL,error,N
0.026973398738433862,0.005845191634917336,499.0
