ZL,error,N
-0.00604775776303984,0.0009384062483444719,10000.0
