ZL,error,N
0.013473151527120449,0.005129684369724617,500.0
