ZL,error,N
0.011353086589199366,0.005201540027186419,500.0
