ZL,error,N
-0.006605458406067041,0.0009237276413007786,10000.0
