ZL,error,N
-0.156332202674055,0.002199518508058461,3000.0
