ZL,error,N
-0.10066105669918968,0.003161037083887082,3000.0
