ZL,error,N
-0.1662040309037863,0.0010962769094653717,5000.0
