ZL,error,N
-0.16650026806096474,0.0017894313906423698,3000.0
