ZL,error,N
-0.055543417824300965,0.003498140212603927,3000.0
