ZL,error,N
-0.14756178476142986,0.0005925023049064107,10000.0
