ZL,error,N
-0.166263961932508,0.00086249206373101,8000.0
