ZL,error,N
-0.032263568905835774,0.00357940755958836,3000.0
