ZL,error,N
-0.14217392535138346,0.0025694200690376742,3000.0
