ZL,error,N
-0.09963400307844031,0.0008084423907022819,5000.0
