ZL,error,N
-0.14772431453632112,0.000663481069192387,8000.0
