ZL,error,N
-0.1672331517093433,0.0009871937415297735,10000.0
