ZL,error,N
-0.14208620919382786,0.001405473320278968,10000.0
