ZL,error,N
-0.09964571298348368,0.0006419439618118674,8000.0
