ZL,error,N
-0.07154190268085232,0.003334723319668853,3000.0
