ZL,error,N
-0.14699056253194592,0.000849172057096869,5000.0
