ZL,error,N
-0.12162561224133475,0.002866565315946086,3000.0
