ZL,error,N
-0.16592252035769395,0.0007737678299168491,10000.0
