ZL,error,N
-0.15744906702496117,0.0011943860362458876,10000.0
