ZL,error,N
-0.10014072069222911,0.0005718837052150819,10000.0
