ZL,error,N
-0.16611094489147007,0.0014123739300683858,3000.0
