ZL,error,N
-0.027264564262482905,0.0017404959211698185,1000.0
