ZL,error,N
-0.08977730769739102,0.0008963544456055637,1000.0
