ZL,error,N
0.29541214988609893,0.0029640418589576326,1000.0
