ZL,error,N
0.12391009717372695,0.0027545103249644867,1000.0
