ZL,error,N
0.18534235889311937,0.002842846882545443,1000.0
