ZL,error,N
0.24464990906713835,0.0030750314137579227,1000.0
