ZL,error,N
0.04958521561700818,0.002414448008145015,1000.0
