ZL,error,N
0.04597394423841179,0.0017161565601042821,7999.0
