ZL,error,N
0.018444083523743098,0.001349859908247979,9999.0
