ZL,error,N
0.0453990442980224,0.0015391388680780005,9999.0
