ZL,error,N
-0.018898196120012083,0.000864846880777335,10000.0
