ZL,error,N
0.047024156705151234,0.0021709768872559907,4999.0
