ZL,error,N
0.04765731835151559,0.0028139227967677854,2999.0
