ZL,error,N
-0.018738291582076582,0.0009642441581098826,8000.0
