ZL,error,N
0.017799406290367158,0.002459721840173912,2999.0
