ZL,error,N
-0.018269223559170426,0.001226091727182537,5000.0
