ZL,error,N
0.0188486114219586,0.0019129347030575334,4999.0
