ZL,error,N
0.01834665167632497,0.001508526508694467,7999.0
