ZL,error,N
-0.006965970721909145,0.001110822926614643,10000.0
