ZL,error,N
-0.019463859290590243,0.0015764963729959277,3000.0
