ZL,error,N
-0.007870872369464663,0.0020245001317309164,3000.0
