ZL,error,N
-0.006535883030432962,0.0012361527272826405,8000.0
