ZL,error,N
-0.018898013896555897,0.0008648742842642713,10000.0
