ZL,error,N
-0.017996747992187055,0.0009721708559710054,10000.0
