ZL,error,N
-0.0076162455307624425,0.0015820347498483138,5000.0
