O^z,error,N,total_data
-0.2766564893290826,0.0005436437619947824,1000.0,20000.0
