O^z,error,N,total_data
-0.4225874165459952,0.0027263158657214836,1000.0,1000.0
