O^z,error,N,total_data
-0.2406806101272988,0.00042532473658255437,1000.0,32000.0
