O^z,error,N,total_data
-0.30182804110156697,0.0006213806577764036,1000.0,16000.0
