O^z,error,N,total_data
-0.2605464942559725,0.0004896711582535005,1000.0,24000.0
