O^z,error,N,total_data
-0.24742346321830452,0.00046175948270090166,1000.0,28000.0
