O^z,error,N,total_data
-0.34352062388800464,0.0007542504528660276,1000.0,12000.0
