ZL,error,N
0.07727973081290736,0.010692850655110442,1000.0
