ZL,error,N
-0.0291511692424607,0.010471471740294959,1000.0
