ZL,error,N
0.006060190709404881,0.0031252488214769257,1000.0
