ZL,error,N
0.010144891001637379,0.002730667829137962,1000.0
