ZL,error,N
-0.0005827756346771759,0.0029412643493461382,1000.0
