ZL,error,N
-0.00015999581929673442,0.002739615528809795,1000.0
