ZL,error,N
0.19584097920539517,0.0009794827356500312,10000.0
