ZL,error,N
0.19975924809402712,0.0032753432000193583,1000.0
