ZL,error,N
0.19405486062456517,0.0007524373826312273,10000.0
