ZL,error,N
0.19580979013788063,0.0023697813887917406,1000.0
