ZL,error,N
0.19408294214968877,0.0009139787835112046,10000.0
