ZL,error,N
0.19904628667165758,0.0010475238014869973,10000.0
