ZL,error,N
0.19985053850300358,0.0010868017400159696,10000.0
