ZL,error,N
0.19623094961590162,0.0031889932097805655,1000.0
