ZL,error,N
0.19925199583395165,0.003414374936336127,1000.0
