ZL,error,N
0.19434247948289468,0.002678697181898316,1000.0
