ZL,error,N
0.19737898726047737,0.0010103086456092053,10000.0
