ZL,error,N
0.19825237073121882,0.0035163486750618266,1000.0
