ZL,error,N
0.19404680132508945,0.0008549456533823504,10000.0
