ZL,error,N
0.19707640121238082,0.002909965215751964,1000.0
