O^z,error,N,total_data
-0.20619588014716478,0.0006932452649797117,1000.0,20000.0
