O^z,error,N,total_data
-0.1826313211926882,0.0005932910045890404,1000.0,24000.0
