O^z,error,N,total_data
-0.16420464902204515,0.0005245491481701021,1000.0,28000.0
