O^z,error,N,total_data
-0.1520630727230211,0.00046421477425425176,1000.0,32000.0
