O^z,error,N,total_data
-0.23787981970628266,0.0008338239981652501,1000.0,16000.0
