O^z,error,N,total_data
-0.36753160302874094,0.0039638441949887354,1000.0,1000.0
