O^z,error,N,total_data
-0.28692142737841303,0.0010239936008288482,1000.0,12000.0
