O^z,error,N,total_data
-0.30992355916369047,0.00015220975614268839,10000.0,160000.0
