O^z,error,N,total_data
-0.28837598969863276,0.00014036884180795056,10000.0,200000.0
