O^z,error,N,total_data
-0.4141538799949592,0.00047723807692249425,10000.0,10000.0
