O^z,error,N,total_data
-0.346565042753217,0.00016249078695857637,10000.0,120000.0
