O^z,error,N,total_data
-0.2552490856770653,0.00012550633441267165,10000.0,320000.0
