O^z,error,N,total_data
-0.27428451733760834,0.00013095295145812332,10000.0,240000.0
