O^z,error,N,total_data
-0.26296972633320703,0.0001269596538262505,10000.0,280000.0
