ZL,error,N
-0.07941520134925982,0.0003178675098376674,10000.0
