ZL,error,N
-0.11098682836861457,0.0006196484507582628,1000.0
