ZL,error,N
0.09650565859357857,0.0005853303009049172,10000.0
