ZL,error,N
0.1984466637002541,0.0006878889740229656,10000.0
