ZL,error,N
-0.022268508444999866,0.0014270247185898424,1000.0
