ZL,error,N
0.1498071213959151,0.0020277407833574103,1000.0
