ZL,error,N
0.14907111348502888,0.0006440180518286052,10000.0
