ZL,error,N
-0.0798516706409523,0.0010260922238901362,1000.0
