ZL,error,N
0.038849640186710326,0.0005317223024029489,10000.0
