ZL,error,N
0.19686553305805013,0.0021127248402617754,1000.0
