ZL,error,N
-0.02223645076188911,0.0004479510665208746,10000.0
