ZL,error,N
0.04257988962206311,0.0016655168286448892,1000.0
