ZL,error,N
-0.11144477341934003,0.00019847957573386406,10000.0
