ZL,error,N
0.09681961655628434,0.0018232516813372645,1000.0
