ZL,error,N
0.08922311447740416,0.009066659100729308,1000.0
