ZL,error,N
0.10605800232944844,0.009592874882614025,998.0
