ZL,error,N
0.030141919739915552,0.0009719303838062413,8000.0
