ZL,error,N
0.05409370599361882,0.0010390708775844702,8000.0
