ZL,error,N
0.01631848700665744,0.0007918793665674853,10000.0
