ZL,error,N
0.021584830273334552,0.0009222868125664996,8000.0
