O^z,error,N,total_data
-0.1659812312405482,0.0004110070429985159,1000.0,32000.0
