O^z,error,N,total_data
-0.1985697345528835,0.0005307535723380016,1000.0,24000.0
