O^z,error,N,total_data
-0.2219199455940683,0.0006210464136896647,1000.0,20000.0
