O^z,error,N,total_data
-0.2553376534998312,0.0007421330588941343,1000.0,16000.0
