O^z,error,N,total_data
-0.38952042631622225,0.003555922038811607,1000.0,1000.0
