O^z,error,N,total_data
-0.30628590439558234,0.0009245201979292642,1000.0,12000.0
