O^z,error,N,total_data
-0.18006802365185406,0.0004638002381315984,1000.0,28000.0
