ZL,error,N
0.24261577672179074,0.0047123255864651055,1000.0
