ZL,error,N
0.23214103494964616,0.0018966286179236823,1000.0
