ZL,error,N
0.24701071103653627,0.0038235163847693435,1000.0
