ZL,error,N
0.23822596044315852,0.004457011616583047,1000.0
