ZL,error,N
0.24011657736817896,0.00250329418482528,1000.0
