ZL,error,N
0.2406599652535407,0.0030157901940492155,1000.0
