ZL,error,N
0.23697561736700906,0.0034327573625505996,1000.0
