ZL,error,N
0.33277994293253205,0.0042579782710332,1000.0
