ZL,error,N
0.08672368989162622,0.004062665453123523,1000.0
