ZL,error,N
0.2866934457005181,0.004277884154687972,1000.0
