ZL,error,N
-0.06001417521090237,0.0020036804661951076,1000.0
