ZL,error,N
0.1606622264045943,0.00429245971021001,1000.0
