ZL,error,N
0.005598704321227049,0.003298131471115585,1000.0
