ZL,error,N
0.22376997428160678,0.004264322565600159,1000.0
